"''''abdominal exercises''''",5
"10 abdominal exercises",10
"10 most effective abdominal exercises",6
"100 abdominal exercises",2367
"100 abdominal exercises 1st for fitness",139
"100 abdominal exercises d",2
"100+abdominal+exercises",8
"1997 article on abdominal exercises",6
"6 abdominal exercises",2
"6 pack abdominal exercises",11
"ab abdominal exercises",2
"ab exercises abdominal exercise",35
"ab exercises abdominal exercises abs",2
"ab exercises and abdominal exercises",2
"ab lounge 2 abdominal exercises",4
"ab roller abdominal exercises",4
"ab workouts abdominal exercises",2
"ab workouts or abdominal exercises",4
"abdominal ab exercises",278
"abdominal adipose exercises",3
"abdominal aerobic exercises",9
"abdominal and back exercises",8
"abdominal and back strengthening exercises",4
"abdominal and butt exercises",2
"abdominal and buttocks exercises",180
"abdominal and exercises",30
"abdominal and oblique exercises",6
"abdominal and stomach exercises",43
"abdominal and thigh exercises",3
"abdominal and torso exercises",3
"abdominal and waist exercises",188
"abdominal animated exercises",5
"abdominal back exercises",22
"abdominal back exercises with hyperextension roman chair",8
"abdominal ball exercises",107
"abdominal bench exercises",3
"abdominal best effective abs exercises ball",2
"abdominal breathing exercises",7
"abdominal buttocks exercises",17
"abdominal buttocks thigh exercises",2
"abdominal chest exercises",3
"abdominal core exercises",233
"abdominal crunch bench exercises how to",2
"abdominal crunch exercises",55
"abdominal crunch machine exercises",2
"abdominal diastasis modified exercises",5
"abdominal easy exercises",3
"abdominal exercise ball exercises",239
"abdominal exercise lower ab exercises",26
"abdominal exercise wheel exercises",3
"abdominal exerciser deluxe exercises",3
"abdominal exercises",218824
"abdominal exercises 2-3",2
"abdominal exercises 6",2
"abdominal exercises ab",285
"abdominal exercises ab excercises",273
"abdominal exercises ab exercise",2
"abdominal exercises ab roller technique",262
"abdominal exercises ab workout",270
"abdominal exercises ab workouts",319
"abdominal exercises abdominal exercises",11
"abdominal exercises abdominal training",337
"abdominal exercises abs",570
"abdominal exercises after abortion",2
"abdominal exercises after baby",6
"abdominal exercises after c section",10
"abdominal exercises after c sections",4
"abdominal exercises after c-section",2
"abdominal exercises after caesarian",2
"abdominal exercises after cesaerean",297
"abdominal exercises after cesarean",2
"abdominal exercises after childbirth",10
"abdominal exercises after giving birth",4
"abdominal exercises after hysterectomy",5
"abdominal exercises after pregnancy",7
"abdominal exercises after surgery",11
"abdominal exercises after tummy tuck",76
"abdominal exercises and ab workouts",9
"abdominal exercises and ball",11
"abdominal exercises and beginners",8
"abdominal exercises and equipment",2
"abdominal exercises and lean muscle building",2
"abdominal exercises and nausea",36
"abdominal exercises and organ repositioning",256
"abdominal exercises and pictures",41
"abdominal exercises and pregnancy",7
"abdominal exercises and swiss ball",2
"abdominal exercises and thera-bands",2
"abdominal exercises and treadmills",2
"abdominal exercises and umbilical hernia",12
"abdominal exercises and weight loss",10
"abdominal exercises and workouts",5
"abdominal exercises animated",5
"abdominal exercises animation",3
"abdominal exercises animations",6
"abdominal exercises arthritis spine",4
"abdominal exercises at home",90
"abdominal exercises at the office",30
"abdominal exercises at ur desk",414
"abdominal exercises back fatigue",2
"abdominal exercises back pain",3
"abdominal exercises bad back",11
"abdominal exercises balance ball",5
"abdominal exercises ball",68
"abdominal exercises ball captain",2
"abdominal exercises ball captains chair",4
"abdominal exercises before after",6
"abdominal exercises beginners",16
"abdominal exercises belly fat",13
"abdominal exercises benefits",37
"abdominal exercises bicycle maneuver",6
"abdominal exercises bruce lee",26
"abdominal exercises cable",4
"abdominal exercises can they do harm",2
"abdominal exercises captains chair",6
"abdominal exercises cardio",2
"abdominal exercises cesaerean",4
"abdominal exercises cesarean",4
"abdominal exercises chart",9
"abdominal exercises chest exercises in weight lifting",5
"abdominal exercises crunches",6
"abdominal exercises diagrams",334
"abdominal exercises do while driving",5
"abdominal exercises done 3 days a week",4
"abdominal exercises driving",4
"abdominal exercises during pregnacey",3
"abdominal exercises during pregnancy",403
"abdominal exercises elderly",3
"abdominal exercises example",3
"abdominal exercises examples",25
"abdominal exercises exercise ball",2
"abdominal exercises exercise tips for abs",2
"abdominal exercises exercise to trim waist",180
"abdominal exercises exercise trim waist",15
"abdominal exercises external obliques",3
"abdominal exercises females",7
"abdominal exercises fitness",44
"abdominal exercises fitness ball",3
"abdominal exercises flat stomach",3
"abdominal exercises flaten",7
"abdominal exercises floor chart",9
"abdominal exercises florida",48
"abdominal exercises focusing",21
"abdominal exercises for a bad back",6
"abdominal exercises for a flat stomach",2
"abdominal exercises for a pregnant woman",6
"abdominal exercises for after a c section",3
"abdominal exercises for after childbirth",3
"abdominal exercises for back injuires",2
"abdominal exercises for back injuries",3
"abdominal exercises for back pain",2
"abdominal exercises for back posture",2
"abdominal exercises for bad back",44
"abdominal exercises for bad backs",11
"abdominal exercises for beginners",267
"abdominal exercises for belly fat",285
"abdominal exercises for body building",3
"abdominal exercises for c section",3
"abdominal exercises for c sections",2
"abdominal exercises for c-section recovery",2
"abdominal exercises for children",28
"abdominal exercises for exercise ball",2
"abdominal exercises for exercise balls",3
"abdominal exercises for free",298
"abdominal exercises for ibs",3
"abdominal exercises for losing belly fat",15
"abdominal exercises for lower abs",4
"abdominal exercises for lower back pain",222
"abdominal exercises for lower region",3
"abdominal exercises for men",184
"abdominal exercises for older adults",52
"abdominal exercises for older men",3
"abdominal exercises for osteoporosis",10
"abdominal exercises for paraplegics",5
"abdominal exercises for patients",11
"abdominal exercises for people in wheelchairsa",2
"abdominal exercises for people with back injuries",7
"abdominal exercises for people with back problems",26
"abdominal exercises for people with neck pains",14
"abdominal exercises for people with sore necks",181
"abdominal exercises for post partum",21
"abdominal exercises for pregnancy",67
"abdominal exercises for pregnant women",61
"abdominal exercises for seniors",2
"abdominal exercises for senors",2
"abdominal exercises for shaping",2
"abdominal exercises for spinal cord injured patients",2
"abdominal exercises for teens",11
"abdominal exercises for the love handles",4
"abdominal exercises for weight gain",4
"abdominal exercises for wemon",2
"abdominal exercises for whiplash patients",279
"abdominal exercises for woman",15
"abdominal exercises for women",509
"abdominal exercises for women workouts",46
"abdominal exercises for your home",8
"abdominal exercises free",57
"abdominal exercises frequency",6
"abdominal exercises get great abs",7
"abdominal exercises gym",4
"abdominal exercises hanging",2
"abdominal exercises hiatal hernia",4
"abdominal exercises homeopathic triadhealth care.com",2
"abdominal exercises how to get great abs",181
"abdominal exercises i can do at home",3
"abdominal exercises illustrated",2
"abdominal exercises illustration",2
"abdominal exercises illustrations",3
"abdominal exercises images",3
"abdominal exercises in chair",4
"abdominal exercises in july issue",4
"abdominal exercises in the pool",10
"abdominal exercises incline bench",3
"abdominal exercises instructions",4
"abdominal exercises jackknife chair",3
"abdominal exercises knees",2
"abdominal exercises laparotomy",2
"abdominal exercises laparotomy abdominal pouch",2
"abdominal exercises lear",2
"abdominal exercises leg lifts",2
"abdominal exercises lower back pain",19
"abdominal exercises lying down",6
"abdominal exercises machines",3
"abdominal exercises medicine ball",34
"abdominal exercises men",6
"abdominal exercises miths",2
"abdominal exercises muscle",4
"abdominal exercises myths",2
"abdominal exercises natural beauty products breast expansion",2
"abdominal exercises neck pain",8
"abdominal exercises obliques",2
"abdominal exercises office",278
"abdominal exercises on a ball",280
"abdominal exercises on a+ball",12
"abdominal exercises on bosu",2
"abdominal exercises on exercise ball",2
"abdominal exercises on physioball",2
"abdominal exercises on rebounder",15
"abdominal exercises on stability ball",278
"abdominal exercises on swiss ball",3
"abdominal exercises on the ball",27
"abdominal exercises on the ball pictures",8
"abdominal exercises on the body ball",3
"abdominal exercises on the swiss ball",7
"abdominal exercises organ repositioning",316
"abdominal exercises pack ab workout",5
"abdominal exercises pdf",3
"abdominal exercises penis streching",206
"abdominal exercises penis stretching",2
"abdominal exercises people sore necks",17
"abdominal exercises people with sore necks",6
"abdominal exercises personal trainer",3
"abdominal exercises photos",2
"abdominal exercises pictures",49
"abdominal exercises pictures and guide",4
"abdominal exercises pilates",44
"abdominal exercises plank",2
"abdominal exercises please help me i m suffering",23
"abdominal exercises post c section",5
"abdominal exercises post c-section",2
"abdominal exercises post pregnancy",5
"abdominal exercises post tummy tuck",2
"abdominal exercises postpartum",2
"abdominal exercises pouch",12
"abdominal exercises powerpoint",8
"abdominal exercises pregnancy",24
"abdominal exercises pregnant",3
"abdominal exercises rated",3
"abdominal exercises reduce waist line",10
"abdominal exercises resources",7
"abdominal exercises reverse crunch slant board",3
"abdominal exercises samples",2
"abdominal exercises scissors",2
"abdominal exercises side ab workouts",280
"abdominal exercises sit ups",8
"abdominal exercises six pack",28
"abdominal exercises six pack ab workout",186
"abdominal exercises sod triadhealth-care.com",2
"abdominal exercises stability ball",29
"abdominal exercises standing",10
"abdominal exercises taps",35
"abdominal exercises that can be done at home",2
"abdominal exercises that deliver",2
"abdominal exercises that don''''t hurt back",4
"abdominal exercises that dont hurt lower back",2
"abdominal exercises that dont hurt your neck",6
"abdominal exercises that get ride of flab",3
"abdominal exercises that get ride of flab and love handles",4
"abdominal exercises that really work",32
"abdominal exercises that show results fast",2
"abdominal exercises that wont hurt your back",3
"abdominal exercises that work",2
"abdominal exercises to do after a c section",5
"abdominal exercises to do at home",5
"abdominal exercises to do at work",3
"abdominal exercises to do in the swimming pool",2
"abdominal exercises to do while driving",176
"abdominal exercises to loseweight",5
"abdominal exercises to lower stomach fat",6
"abdominal exercises to tighten abdominal muscles after",2
"abdominal exercises to tighten stomach",32
"abdominal exercises toning",17
"abdominal exercises uk",4
"abdominal exercises ur desk",10
"abdominal exercises using a ball",8
"abdominal exercises using a swiss ball",8
"abdominal exercises using an exercise ball",69
"abdominal exercises using cable machines",4
"abdominal exercises using resistance bands",2
"abdominal exercises using the gym ball",4
"abdominal exercises using weight",6
"abdominal exercises video",22
"abdominal exercises weak back",2
"abdominal exercises weight loss",49
"abdominal exercises weights muscles",21
"abdominal exercises while pregnant",4
"abdominal exercises while seated",7
"abdominal exercises while sitting down",6
"abdominal exercises whiplash patients",23
"abdominal exercises with a ball",4
"abdominal exercises with a basketball",5
"abdominal exercises with a bench",3
"abdominal exercises with a medicine ball",5
"abdominal exercises with a partner",5
"abdominal exercises with ab ball",3
"abdominal exercises with ab roller",15
"abdominal exercises with bad back",3
"abdominal exercises with ball",32
"abdominal exercises with bands",7
"abdominal exercises with body ball",6
"abdominal exercises with core balls",10
"abdominal exercises with diagrams",4
"abdominal exercises with dumbells",2
"abdominal exercises with example",3
"abdominal exercises with exercise ball",19
"abdominal exercises with fitness ball",9
"abdominal exercises with medicine ball",1162
"abdominal exercises with medicine balls",5
"abdominal exercises with neck and back injury",2
"abdominal exercises with out crunches",2
"abdominal exercises with photos",5
"abdominal exercises with pictures",151
"abdominal exercises with pictures free",36
"abdominal exercises with stability ball",25
"abdominal exercises with strength bar",2
"abdominal exercises with the ball",3
"abdominal exercises with the exercise ball",2
"abdominal exercises with thera-bands",3
"abdominal exercises with weights",2
"abdominal exercises with weights for all muscles",478
"abdominal exercises without bck strain",3
"abdominal exercises woman",28
"abdominal exercises women",54
"abdominal exercises women abs",78
"abdominal exercises wood chops",3
"abdominal exercises woodchop",2
"abdominal exercises woodshop",2
"abdominal exercises workout",45
"abdominal exercises workouts",92
"abdominal exercises x crunches",8
"abdominal exercises''''",7
"abdominal exercises+headaches",5
"abdominal exercises, six pack abs",2
"abdominal exercises, weak back",2
"abdominal fat burning exercises",54
"abdominal fat exercises",202
"abdominal fitness ball exercises",2
"abdominal flaby exercises",4
"abdominal flattening exercises",5
"abdominal flatting exercises",28
"abdominal floor exercises",211
"abdominal gym ball exercises",34
"abdominal gym exercises",3
"abdominal hernia exercises",3
"abdominal hernia repair with exercises",3
"abdominal hernia repair with exercises instead of surgery",3
"abdominal isolation exercises",4
"abdominal isometric exercises",32
"abdominal lower back exercises",3
"abdominal lower exercises",2
"abdominal medicine ball exercises",12
"abdominal muchels exercises",3
"abdominal musce exercises",7
"abdominal muscle building exercises",6
"abdominal muscle defining exercises",28
"abdominal muscle exercises",1921
"abdominal muscle exercises after pregnancy",8
"abdominal muscle strengthening exercises",4
"abdominal muscles ab exercises",2
"abdominal muscles bridging exercises",199
"abdominal muscles exercises",265
"abdominal muscles exercises best lower ab exercise",208
"abdominal muscles exercises with",5
"abdominal muscles exercises with pictures",3
"abdominal oblique exercises",69
"abdominal oblique trimming exercises",4
"abdominal obliques exercises",3
"abdominal perfect abs ab exercises",276
"abdominal physioball exercises",3
"abdominal pilates exercises",5
"abdominal pool exercises",4
"abdominal pouch exercises",4
"abdominal reducing exercises",195
"abdominal reduction exercises",12
"abdominal resistence exercises",3
"abdominal roller exercises",3
"abdominal sculpting exercises",49
"abdominal shapes apple exercises",208
"abdominal shaping exercises",3
"abdominal situp exercises",34
"abdominal six pack exercises",97
"abdominal stabilizing exercises",5
"abdominal stomach exercises",189
"abdominal strain exercises",39
"abdominal streching exercises",32
"abdominal strength exercises",68
"abdominal strength exercises for kids",191
"abdominal strength exercises kids",15
"abdominal strengthen exercises for seniors",249
"abdominal strengthen exercises seniors",20
"abdominal strengthening exercises",280
"abdominal strengthing exercises",2
"abdominal stretch band equipment for home exercises",2
"abdominal stretch exercises",2
"abdominal table exercises",7
"abdominal targeting exercises",2
"abdominal tightening exercises",3
"abdominal toneing up exercises",4
"abdominal toning exercises",332
"abdominal training exercises",39
"abdominal tummy trimmer exercises",2
"abdominal turning exercises",3
"abdominal waist exercises",15
"abdominal waist exercises do at home",9
"abdominal waist exercises home",19
"abdominal waist exercises to do at home",205
"abdominal wall muscle exercises",3
"abdominal weight loss exercises",2
"abdominal wheel exercises",7
"abdominal work out exercises",2
"abdominal work out free exercises",33
"abdominal workout exercises",29
"abdominal yoga exercises",12
"abdominal+ball+exercises",3
"abdominal+exercises",31
"abdominal+exercises+ab",3
"abdominal+exercises+ab+excercises",3
"abdominal+exercises+ab+roller+technique",3
"abdominal+exercises+ab+workout",2
"abdominal+exercises+ab+workouts",2
"abdominal+exercises+abdominal+training",4
"abdominal+exercises+abs",5
"abdominal+exercises+after+cesaerean",8
"abdominal+exercises+and+organ+repositioning",3
"abdominal+exercises+at+ur+desk",2
"abdominal+exercises+diagrams",3
"abdominal+exercises+during+pregnancy",3
"abdominal+exercises+for+beginners",3
"abdominal+exercises+for+belly+fat",5
"abdominal+exercises+for+free",4
"abdominal+exercises+for+whiplash+patients",3
"abdominal+exercises+for+women",4
"abdominal+exercises+office",2
"abdominal+exercises+on+a+ball",2
"abdominal+exercises+on+stability+ball",3
"abdominal+exercises+organ+repositioning",9
"abdominal+exercises+pouch",2
"abdominal+exercises+side+ab+workouts",3
"abdominal+exercises+with+medicine+ball",5
"abdominal+fat+exercises",4
"abdominal+perfect+abs+ab+exercises",2
"abs and abdominal exercises",2
"abs and workouts abdominal exercises",2
"absolute abdominal exercises",2
"advanced abdominal exercises",28
"advanced abdominal exercises instruction",10
"advantage abdominal exercises",2
"advertisement abdominal exercises",7
"advice abdominal exercises",5
"after abdominal surgery exercises",5
"agenda abdominal exercises",6
"animated abdominal exercise examples ab exercises abdominal",5
"animated abdominal exercises",56
"apology abdominal exercises",6
"aqua abdominal exercises",271
"aqua abdominal exercises diagrams",286
"aqua+abdominal+exercises",5
"aqua+abdominal+exercises+diagrams",5
"aquatic abdominal exercises",4
"at home abdominal exercises",43
"atrophy abdominal muscles exercises",4
"authorization abdominal exercises",4
"back and abdominal exercises",14
"back exercises for abdominal strength",5
"back injury abdominal exercises",275
"back+injury+abdominal+exercises",4
"bad abdominal exercises",3
"bad back abdominal exercises",3
"balance ball abdominal exercises",30
"ball abdominal exercises",31
"ball abdominal exercises for pregnant women",3
"ball exercises abdominal",6
"balloon abdominal exercises",6
"beginner abdominal strengthening exercises",3
"beginners abdominal exercises",3
"best abdominal exercises",2514
"best abdominal exercises for quick abs",4
"best abdominal exercises gravity edge exercise machine",4
"best abdominal exercises great ab workouts best-fi",4
"best abdominal exercises great ab workouts proform",3
"best abdominal exercises in the world",4
"best abdominal exercises to get the sexy six pack you",7
"best abdominal exercises weslo cadence 78s treadmill",3
"best abdominal muscle exercises",234
"best female abdominal exercises",5
"best lower abdominal exercises",187
"best upper abdominal exercises",5
"best+abdominal+exercises",8
"bill abdominal exercises",3
"body workout abdominal exercises and pictures",30
"bodybuilding abdominal exercises",3
"bosu abdominal exercises",297
"bosu+abdominal+exercises",4
"bph abdominal exercises",6
"brand abdominal exercises",7
"budget abdominal exercises",8
"butt and abdominal exercises",22
"butt and abdominal exercises to do on a ball",6
"c my documents ect abdominal exercises ab workouts abdominal",4
"can doing abdominal exercises wrong make your belly pooch",179
"captains chair abdominal exercises",8
"cautions abdominal exercises",3
"cesarean abdominal exercises",12
"chair abdominal exercises",333
"chair+abdominal+exercises",4
"challenging abdominal exercises",10
"change abdominal exercises",9
"chest abdominal exercises",5
"chest and abdominal exercises",4
"commission abdominal exercises",9
"comparison abdominal exercises",6
"competition abdominal exercises",8
"competitor abdominal exercises",7
"complete abdominal exercises",30
"confirmation abdominal exercises",5
"core abdominal exercises",32
"core and abdominal exercises",6
"core exercises vs abdominal isolation exercises",198
"core stability abdominal exercises",3
"correct abdominal exercises",7
"costs abdominal exercises",7
"creditor abdominal exercises",3
"crunch abdominal exercises",9
"crunches and abdominal exercises",39
"curl and abdominal exercises",15
"curling bar exercises abdominal",4
"customer abdominal exercises",6
"daily abdominal exercises",7
"dasie dog abdominal surrogate for instructional exercises .",3
"deadline abdominal exercises",3
"debt abdominal exercises",4
"debtor abdominal exercises",6
"decision abdominal exercises",4
"decrease abdominal exercises",3
"deep abdominal exercises",6
"deficit abdominal exercises",5
"delivery abdominal exercises",3
"denise austin abdominal exercises",4
"department abdominal exercises",5
"description abdominal exercises",8
"diagram of abdominal exercises",6
"diagrams of abdominal exercises",7
"difference abdominal exercises",6
"different abdominal exercises",11
"different types of abdominal exercises",6
"disadvantage abdominal exercises",7
"distribution abdominal exercises",5
"doing abdominal exercises wrong belly pooch",12
"dynamic tension abdominal exercises",3
"easiest and most effective abdominal exercises",3
"easy abdominal exercises",459
"easy lower abdominal exercises",4
"easy to do abdominal exercises",4
"easy+abdominal+exercises",7
"effective abdominal exercises",1530
"effective abdominal exercises women",17
"employee abdominal exercises",4
"employer abdominal exercises",8
"enquiry abdominal exercises",4
"environment abdominal exercises",5
"equipment abdominal exercises",8
"estimate abdominal exercises",7
"example abdominal exercises",6
"example of abdominal exercises",8
"examples abdominal exercises",16
"examples of abdominal exercises",54
"examples of abdominal strengthening exercises",8
"examples of how to do abdominal exercises",178
"examples of isometric abdominal exercises",11
"examples of lower abdominal exercises",4
"exercise ball abdominal exercises",329
"exercise equipment reviews best abdominal exercises great ab",4
"exercise smaller waist abdominal exercises bill david",3
"exercise videos abdominal exercises",269
"exercise+ball+abdominal+exercises",3
"exercise+videos+abdominal+exercises",4
"exercises abdominal",2307
"exercises abdominal articles",49
"exercises abdominal muscle strength",8
"exercises abdominal muscles",20
"exercises abdominal online",30
"exercises abdominal surgerey",7
"exercises after abdominal surgerey",179
"exercises after abdominal surgery",28
"exercises and female abdominal fat",18
"exercises ball abdominal routines",7
"exercises for abdominal",74
"exercises for abdominal area",6
"exercises for abdominal muscels",3
"exercises for abdominal muscles",248
"exercises for abdominal muscles and waistline",23
"exercises for abdominal section",12
"exercises for abdominal strength",3
"exercises for arms legs and abdominal muscles",4
"exercises for good abdominal muscles",4
"exercises for loose abdominal skin",211
"exercises for lower abdominal",15
"exercises for lower abdominal muscles",33
"exercises for lower abdominal toning",22
"exercises for lower abdominal with illustrations",44
"exercises for reducing abdominal fat",7
"exercises for the abdominal",257
"exercises for the lower abdominal",14
"exercises for the lower abdominal muscle",185
"exercises for the lower abdominal muscle obliqes",184
"exercises for the upper abdominal area",3
"exercises for transverse abdominal muscles",186
"exercises for your abdominal",10
"exercises for your abdominal muscles",4
"exercises loose abdominal skin",19
"exercises lower abdominal muscle",13
"exercises lower abdominal muscle obliqes",12
"exercises muscle abdominal",4
"exercises strengthen abdominal muscles",20
"exercises taille et abdominal",3
"exercises target lower abdominal",8
"exercises that strenghthen abdominal muscles",4
"exercises that tighten abdominal muscles",4
"exercises to build lower abdominal muscles",4
"exercises to correct abdominal separation after pregnancy",5
"exercises to lose abdominal fat",9
"exercises to lose abdominal weight",4
"exercises to lose weight in your abdominal",12
"exercises to reduce a abdominal pannus",4
"exercises to reduce abdominal adhesion pain",4
"exercises to reduce abdominal fat",4
"exercises to remove abdominal fat",3
"exercises to repair weakened abdominal muscles",4
"exercises to strengthen abdominal muscles",202
"exercises to strengthen the abdominal muscles",8
"exercises to tighten abdominal muscles",3
"exercises to tighten loose abdominal muscles",33
"exercises transverse abdominal muscles",10
"exercises work lower abdominal area",4
"experience abdominal exercises",8
"explanation abdominal exercises",6
"facilities abdominal exercises",14
"factory abdominal exercises",6
"facts about abdominal exercises",35
"fall abdominal exercises",9
"fast abdominal exercises",7
"fast working abdominal exercises",45
"fat burning abdominal exercises",30
"feedback abdominal exercises",5
"find exercises for firming abdominal",39
"firm abdominal exercises",3
"fitball abdominal exercises",3
"fitball exercises which work the abdominal muscles",3
"fitness abdominal ab exercises",281
"flatten lower abdominal exercises",3
"floor abdominal exercises",4
"free abdominal exercises",1486
"free abdominal exercises crunches",4
"free abdominal exercises using the gym ball",14
"free abdominal toning exercises",54
"free abdominal workout exercises",9
"free demonstration of lower abdominal exercises",28
"free demostration of lower abdominal exercises",4
"free exercise ball abdominal exercises",3
"free exercises abdominal exercises",5
"free exercises to burn abdominal fat",54
"free gym ball exercises for the abdominal",3
"free layout of abdominal exercises",3
"free leg and abdominal exercises",12
"free lower abdominal exercises",6
"free online abdominal exercises",3
"free online instruction sheets for abdominal exercises",32
"free posters of abdominal exercises",3
"free printable pictures of abdominal exercises",9
"free printed abdominal exercises",4
"free weight abdominal exercises",5
"free+abdominal+exercises",3
"gentle abdominal exercises",8
"goal abdominal exercises",7
"good abdominal exercises",546
"good abdominal exercises for women",5
"good abdominal exercises to do daily",11
"good exercises for lower abdominal",3
"good lower abdominal exercises",4
"good stomach and abdominal exercises",10
"good+abdominal+exercises",4
"goods abdominal exercises",9
"great ab workouts best abdominal exercises eliptical trainer",6
"great abdominal exercises",57
"growth abdominal exercises",10
"guarantee abdominal exercises",8
"hernia abdominal exercises",17
"hernias abdominal exercises",13
"hernias and abdominal exercises",262
"hernias+and+abdominal+exercises",3
"hi level abdominal exercises",6
"high level abdominal exercises",4
"hip thigh and abdominal exercises",4
"history of abdominal exercises",3
"home abdominal exercises",5
"home abdominal exercises with photos",3
"home exercises for abdominal",4
"how many days a week should i do abdominal exercises",6
"how often should i be doing abdominal exercises",3
"how often should you do abdominal exercises",5
"how to do abdominal exercises",7
"how to do isometric abdominal exercises",31
"hysterectomy and abdominal exercises",5
"illustrated abdominal exercises",8
"illustrated lower abdominal exercises",6
"illustrations of abdominal exercises",54
"improvement abdominal exercises",10
"increase abdominal exercises",7
"industry abdominal exercises",6
"injuries due to improper abdominal exercises",8
"instructions abdominal exercises",5
"instructions for abdominal exercises with tube bands",4
"instructions for abdominal floor exercises",3
"intense abdominal exercises",6
"interest abdominal exercises",5
"inventory abdominal exercises",6
"invoice abdominal exercises",6
"isometric abdominal exercises",82
"kids abdominal exercises",8
"kids abdominal exercises diagrams",5
"killer abdominal exercises",6
"knowledge abdominal exercises",6
"large defined abdominal exercises",4
"light headedness lower back pain and abdominal exercises",18
"limit abdominal exercises",12
"list of abdominal exercises",19
"list of the best abdominal exercises",29
"loss abdominal exercises",7
"low abdominal exercises",372
"low back and abdominal exercises",7
"low impact abdominal exercises",20
"low+abdominal+exercises",4
"lowe abdominal exercises",4
"lower abdominal and exercises",246
"lower abdominal beginner exercises",508
"lower abdominal exercises",9304
"lower abdominal exercises and pannus",7
"lower abdominal exercises florida",6
"lower abdominal exercises for obese men",3
"lower abdominal exercises for physical therapy",10
"lower abdominal exercises for the very obese",4
"lower abdominal exercises for women",14
"lower abdominal exercises postpartum",4
"lower abdominal exercises to do at your desk",3
"lower abdominal exercises video clips",3
"lower abdominal exercises with ball",20
"lower abdominal exercises with resist a ball",12
"lower abdominal muscle exercises",308
"lower abdominal muscle strength building exercises",3
"lower abdominal stability ball exercises",3
"lower abdominal strengthening exercises",190
"lower abdominal toning exercises",334
"lower and upper abdominal exercises",9
"lower back and abdominal exercises",31
"lower middle abdominal exercises",7
"lower+abdominal+exercises",12
"lump from abdominal exercises",3
"male abdominal exercises",27
"margin abdominal exercises",6
"market abdominal exercises",3
"mat abdominal exercises",297
"mat+abdominal+exercises",7
"medicine ball abdominal exercises",1342
"medicine ball exercises abdominal",4
"medicine+ball+abdominal+exercises",8
"men abdominal exercises",84
"men health magazine abdominal exercises",3
"men''''s abdominal exercises",7
"men27s health abdominal exercises",208
"men27s health magazine27s abdominal exercises",202
"mens health abdominal exercises",279
"mens health magazines abdominal exercises",79
"mens+health+magazines+abdominal+exercises",3
"message abdominal exercises",6
"mid abdominal exercises",6
"middle abdominal exercises",7
"military abdominal exercises",285
"military+abdominal+exercises",4
"mistake abdominal exercises",7
"most effective abdominal exercises",322
"most effective abdominal exercises for women",178
"most effective abdominal exercises forum",3
"most efficient abdominal exercises",3
"muscle building abdominal exercises",9
"muscle building exercises for abdominal",6
"muscle groups involved in abdominal exercises",6
"muscular strength exercises for the abdominal",3
"natural health magazine abdominal exercises with ball",5
"new abdominal exercises",6
"no crunch abdominal exercises",275
"no+crunch+abdominal+exercises",4
"objective abdominal exercises",9
"oblique abdominal exercises",67
"oblique abdominal exercises on a stability ball",217
"oblique abdominal exercises stability ball",28
"offer abdominal exercises",6
"office abdominal exercises",18
"online abdominal exercises",280
"online+abdominal+exercises",4
"opinion abdominal exercises",6
"optimal abdominal exercises",4
"optimum abdominal exercises",4
"order abdominal exercises",6
"osteopenia and abdominal exercises",12
"output abdominal exercises",9
"payment abdominal exercises",4
"penalty abdominal exercises",6
"perinatal and abdominal exercises of a pregnant woman",4
"permission abdominal exercises",7
"physical fitness abdominal exercises",7
"physioball abdominal exercises",10
"physiology abdominal exercises",22
"pics of abdominal exercises",34
"pictures lower abdominal exercises",6
"pictures of abdominal exercises",73
"pictures of abdominal exercises for osteoporosis",4
"pilates abdominal exercises",78
"pilates ball abdominal exercises pictures",21
"pilates exercises strengthen abdominal",12
"pilates exercises to strengthen abdominal",184
"pilates programfor abdominal exercises",15
"plank abdominal exercises",8
"possibility abdominal exercises",4
"post hysterectomy abdominal exercises",5
"post natal abdominal exercises",5
"post partum abdominal exercises",318
"post pregnancy abdominal exercises",4
"post surgical abdominal exercises",4
"post+partum+abdominal+exercises",9
"posterior abdominal wall exercises",3
"posters of abdominal exercises",3
"postpartum abdominal exercises",45
"postpartum exercises to strengthen the abdominal muscles",3
"pregnancy abdominal exercises",63
"pregnancy abdominal exercises first trimester",249
"pregnancy abdominal exercises stop",6
"pregnancy abdominal exercises trimester",19
"pregnancy and abdominal exercises",269
"pregnancy+abdominal+exercises+first+trimester",5
"pregnancy+and+abdominal+exercises",4
"prenatal abdominal exercises",26
"preparation abdominal exercises",7
"prevention magazine abdominal exercises",28
"price abdominal exercises",7
"product abdominal exercises",8
"production abdominal exercises",9
"profit abdominal exercises",7
"promotion abdominal exercises",10
"proper abdominal exercises",5
"prostate abdominal exercises",6
"prostatitis abdominal exercises",14
"purchase abdominal exercises",5
"quick abdominal exercises",3
"rebound abdominal exercises",8
"rebounder abdominal exercises",7
"reduction abdominal exercises",6
"refund abdominal exercises",6
"reminder abdominal exercises",5
"repairs abdominal exercises",5
"report abdominal exercises",7
"responsibility abdominal exercises",6
"result abdominal exercises",5
"retailer abdominal exercises",6
"rise abdominal exercises",4
"risk abdominal exercises",8
"russian abdominal exercises",12
"safe abdominal exercises",25
"safe abdominal exercises during pregnancy",23
"safest abdominal exercises",290
"safest+abdominal+exercises",5
"safety considerations abdominal exercises",4
"sahrmann abdominal exercises",7
"salary abdominal exercises",10
"sales abdominal exercises",6
"sample abdominal exercises",4
"sample abdominal exercises workout",35
"sample abdominal exercises workouts",35
"sample post partum abdominal exercises to lose belly",6
"sample workout abdominal exercises",248
"sample+workout+abdominal+exercises",3
"schedule abdominal exercises",6
"seated abdominal exercises",26
"senior abdominal exercises in chair",3
"senior citizen abdominal exercises",6
"shape abs by breathing abdominal exercises",4
"share abdominal exercises",12
"shoulder tricep bicep back abdominal exercises",5
"shoulder, tricep, bicep, back, abdominal exercises",10
"side abdominal exercises",9
"signature abdominal exercises",7
"simple abdominal exercises",23
"sitting abdominal exercises",5
"six pack abdominal exercises for women",4
"six pack abdominal exercises for women videos",4
"stability ball abdominal exercises",666
"stability+ball+abdominal+exercises",4
"standing abdominal exercises",69
"standing rotation abdominal exercises",7
"stock abdominal exercises",5
"stomach and abdominal exercises swimming pool",3
"stomach exercises abdominal exercises",23
"strenuous abdominal exercises",3
"success abdominal exercises",10
"suggestion abdominal exercises",6
"supermans abdominal exercises",3
"supply abdominal exercises",6
"support abdominal exercises",4
"swiss ball abdominal exercises",314
"synergistic growth effect abdominal exercises",15
"tai abdominal exercises diagrams",5
"tai chi abdominal exercises diagrams",494
"target abdominal exercises",5
"targeted abdominal exercises",6
"teenage abdominal exercises",38
"the bean abdominal exercises",3
"the best abdominal exercises",6
"the best free abdominal exercises in the world",6
"the right abdominal exercises",12
"thinning abdominal exercises",7
"tips on abdominal exercises",9
"tob 3 abdominal exercises",4
"toning abdominal exercises",16
"tools used for abdominal exercises",7
"top 3 abdominal exercises",4
"top abdominal exercises",8
"top abdominal exercises study san diego",4
"top lower abdominal exercises",6
"top ten abdominal exercises",3
"top ten abdominal exercises denise austin",3
"trampoline exercises abdominal",11
"transport abdominal exercises",9
"transverse abdominal exercises",27
"transverse abdominal exercises and low back pain",6
"transversus abdominal exercises",4
"treadmill abdominal exercises external obliques",4
"turnover abdominal exercises",8
"types abdominal exercises",4
"underwater abdominal exercises",3
"uppe.r abdominal exercises",3
"upper abdominal exercises",397
"upper+abdominal+exercises",3
"uppers abdominal exercises",7
"variety of abdominal exercises",3
"various abdominal exercises with the ball",3
"very good abdominal exercises",4
"waist and abdominal exercises",28
"walker abdominal exercises",21
"weight exercises testosterone abdominal fat",3
"weighted abdominal exercises",30
"what are some good abdominal exercises",4
"what are the best abdominal exercises",8
"what are the most effective abdominal exercises for me",3
"what are the most effective lower abdominal exercises free",4
"what is concentric abdominal exercises",3
"what three exercises can strengthen the abdominal muscles 3f",4
"what three exercises can strengthen the abdominal muscles%3f",4
"when to do abdominal exercises after tummy tuck",6
"why women like abdominal exercises",9
"will abdominal exercises alone produce a flatter stomach",3
"women abdominal exercises",12
"womens abdominal exercises",18
"workout abdominal exercises",230
"workout+abdominal+exercises",3
"worst abdominal best ab exercises",271
"worst+abdominal+best+ab+exercises",3
"www abdominal exercises",3
"yoga abdominal exercises",4
"yoga ball abdominal exercises",30
"yoga exercises for the abdominal",5
"york rowing machine for abdominal exercises",143
