"""atlantic city"" + hotel + list",2
"""atlantic city"" hotel deal",3
"""atlantic city"" hotel rooms",1
"""dennis hotel"" atlantic city nj",14
"""flagship hotel in atlantic city""",1
"""free hotel room"" casino ""atlantic city""",2
"""tropicana hotel casino atlantic city",3
"""tropicana hotel casino atlantic city""",3
"+flagship resort hotel +atlantic city",2
"+luxary hotel suits with jacuzzies in atlantic city nj",1
"+luxury hotel suits with jacuzzies in atlantic city nj",6
"170 s tennessee ave atlantic city 2c nj hotel",1
"170 south tennessee ave atlantic city nj hotel",1
"170 tennessee ave atlantic city nj hotel",1
"1903 lockard hotel atlantic city nj.",2
"2007 atlantic city casino hotel specials",2
"2007 atlantic city hotel specials",6
"aaa atlantic city hotel deals motel deals",1
"address for hilton hotel in atlantic city nj",9
"address of sands hotel atlantic city",2
"air and hotel atlantic city",5
"air and hotel packages to atlantic city",1
"air and hotel to trump casino in atlantic city ng",2
"air and hotel to trump casino in atlantic city nj",3
"air fare with hotel to atlantic city",1
"air hotel to atlantic city",3
"airfare and hotel packages to atlantic city from yng",1
"airline and hotel specials to atlantic city",1
"airline and hotel trips to atlantic city new jersey",1
"airport hotel atlantic city",1
"alist of atlantic city hotel casino",4
"all incluseve packages hotel atlantic city nj",1
"altantic palace suite hotel atlantic city new jesry",1
"ambassador hotel atlantic city 1942",2
"amtrak from boston to sands hotel atlantic city nj",2
"apart hotel atlantic city",2
"ascot hotel atlantic city",1
"ascot hotel in atlantic city",2
"ascot hotel in atlantic city, nj",2
"ascott hotel atlantic city nj",1
"ascott hotel in atlantic city",1
"askot hotel in atlantic city, nj",1
"astor hotel, atlantic city",1
"atlantic ballys casino city hotel in",2
"atlantic ballys casino city hotel nj",1
"atlantic ballys city hotel",1
"atlantic boardwalk city hotel in",3
"atlantic boardwalk city hotel jersey new",3
"atlantic boardwalk city hotel map",1
"atlantic borgata casino city hotel jersey new",1
"atlantic borgata city hotel in nj",4
"atlantic borgata city hotel nj",4
"atlantic caesars city hotel in",3
"atlantic casino city claridge hotel",2
"atlantic casino city deal hotel",6
"atlantic casino city harrahs hotel",2
"atlantic casino city hilton hotel",2
"atlantic casino city hotel",1
"atlantic casino city hotel in sands",5
"atlantic casino city hotel jersey new",4
"atlantic casino city hotel nj tropicana",1
"atlantic casino city hotel room",3
"atlantic casino city hotel trump",8
"atlantic city + hilton hotel",1
"atlantic city 4 star hotel",2
"atlantic city adult hotel shows",1
"atlantic city air and hotel",2
"atlantic city air and hotel packages",1
"atlantic city air hotel deals",1
"atlantic city air hotel package",2
"atlantic city and surrounding area hotel motels nj",2
"atlantic city bachelor party hotel",1
"atlantic city bagada hotel",2
"atlantic city bahamas hotel",2
"atlantic city bally casino hotel",3
"atlantic city bally''''s hotel and casino",1
"atlantic city ballys casino hotel",2
"atlantic city ballys hotel",14
"atlantic city ballys hotel casino",1
"atlantic city ballys hotel prices",2
"atlantic city bellagio hotel",1
"atlantic city best casino hotel",3
"atlantic city best cheapest hotel",1
"atlantic city best hotel",6
"atlantic city board walk hotel",2
"atlantic city boardwalk cheap hotel",1
"atlantic city boardwalk hotel",36
"atlantic city boardwalk hotel casinos discounts",1
"atlantic city boardwalk hotel map",2
"atlantic city boardwalk hotel reservations",3
"atlantic city boardwalk hotel rooms",5
"atlantic city boardwalk oceanfront hotel",1
"atlantic city boarwalk hotel",1
"atlantic city bogata hotel",1
"atlantic city borgata hotel",3
"atlantic city borgata hotel and casino",6
"atlantic city borgata hotel casino spa",4
"atlantic city brigada hotel and casino",1
"atlantic city brogata hotel and casino nick lachey",4
"atlantic city burgundy hotel",1
"atlantic city bus and hotel",2
"atlantic city bus and hotel deals nyc",1
"atlantic city bus and hotel package",1
"atlantic city bus and hotel packages",1
"atlantic city caesar hotel",1
"atlantic city caesars hotel",15
"atlantic city casino and hotel",13
"atlantic city casino best rates for hotel rooms",3
"atlantic city casino hotel",214
"atlantic city casino hotel bookings",1
"atlantic city casino hotel deals",10
"atlantic city casino hotel discount",1
"atlantic city casino hotel entertainment",2
"atlantic city casino hotel guide",1
"atlantic city casino hotel listings",4
"atlantic city casino hotel low rates",8
"atlantic city casino hotel packages",10
"atlantic city casino hotel phone numbers",1
"atlantic city casino hotel players club",1
"atlantic city casino hotel players cub",2
"atlantic city casino hotel rates",17
"atlantic city casino hotel reservation",1
"atlantic city casino hotel reservations",1
"atlantic city casino hotel resort jobs",1
"atlantic city casino hotel restaurants",3
"atlantic city casino hotel romms",1
"atlantic city casino hotel room",2
"atlantic city casino hotel room best price",3
"atlantic city casino hotel rooms",43
"atlantic city casino hotel special deals",2
"atlantic city casino hotel special rates",3
"atlantic city casinos and hotel",2
"atlantic city cesar palace hotel",1
"atlantic city cheap hotel",25
"atlantic city cheap hotel room",2
"atlantic city cheap hotel rooms",2
"atlantic city cheap hotel weekend rates",2
"atlantic city cheapest hotel",3
"atlantic city claridge hotel",4
"atlantic city clarion hotel and convention center",1
"atlantic city comfort inn hotel",3
"atlantic city conforinn hotel",1
"atlantic city confort inn hotel",2
"atlantic city confotrinn hotel",2
"atlantic city convention center hotel",16
"atlantic city convention center sheraton hotel",1
"atlantic city day hotel",1
"atlantic city deal hotel in",2
"atlantic city death fall window hotel",2
"atlantic city discount hotel",20
"atlantic city discount hotel deals",4
"atlantic city discount hotel discount motels",2
"atlantic city discount hotel nj",4
"atlantic city discount hotel rate",1
"atlantic city discount hotel rates",3
"atlantic city discount hotel roo",1
"atlantic city discount hotel rooms",3
"atlantic city discounted hotel rooms",1
"atlantic city econo lodge hotel",2
"atlantic city ensign hotel nj",2
"atlantic city entertainment hotel",2
"atlantic city flag ship hotel",1
"atlantic city flagship hotel",5
"atlantic city flagship hotel resort",1
"atlantic city flagship hotel suite resort",1
"atlantic city flight and hotel deals",3
"atlantic city free hotel rooms",2
"atlantic city free hotel stay",1
"atlantic city gay hotel",1
"atlantic city georga hotel reviews",1
"atlantic city georgia hotel reviews",1
"atlantic city good hotel deals",4
"atlantic city harrahs hotel",1
"atlantic city harrahs hotel nj",2
"atlantic city hilton casino hotel",32
"atlantic city hilton hotel",35
"atlantic city hilton hotel and casino",11
"atlantic city hilton hotel and casino owned operated by",4
"atlantic city hilton hotel atlantic city nj",1
"atlantic city hilton hotel casino",2
"atlantic city hilton hotel pics",1
"atlantic city hilton hotel, atlantic city, nj",8
"atlantic city hilton plaza hotel",3
"atlantic city hoilday inn hotel number",1
"atlantic city holiday inn hotel",3
"atlantic city holiday inn hotel number",1
"atlantic city hotel",1767
"atlantic city hotel ,ultrasoun course+",1
"atlantic city hotel .com",30
"atlantic city hotel 2 night special",1
"atlantic city hotel accommodations",2
"atlantic city hotel accounting career",1
"atlantic city hotel adjoining rooms",3
"atlantic city hotel adn flight deals",2
"atlantic city hotel air packages",12
"atlantic city hotel and air",2
"atlantic city hotel and casino",23
"atlantic city hotel and casino deal",3
"atlantic city hotel and casino entertainment",1
"atlantic city hotel and casinos",46
"atlantic city hotel and casinos on the boardwalk",1
"atlantic city hotel and casion",2
"atlantic city hotel and casnos",2
"atlantic city hotel and flight deals",4
"atlantic city hotel and show",16
"atlantic city hotel and show packages",1
"atlantic city hotel april",1
"atlantic city hotel availability",4
"atlantic city hotel balcony",5
"atlantic city hotel bargain",3
"atlantic city hotel bargins",1
"atlantic city hotel boadwalk",1
"atlantic city hotel board walk",1
"atlantic city hotel bookings",1
"atlantic city hotel borgata",10
"atlantic city hotel borgota",1
"atlantic city hotel buffet discounts",4
"atlantic city hotel buffets",9
"atlantic city hotel buffets and senior citizens",2
"atlantic city hotel caesars",24
"atlantic city hotel caesars does it have a pool",4
"atlantic city hotel caesars pool",4
"atlantic city hotel casino",89
"atlantic city hotel casino deals",18
"atlantic city hotel casino discounts",1
"atlantic city hotel casino packages",14
"atlantic city hotel casino phone reservation",1
"atlantic city hotel casino rates",1
"atlantic city hotel casino reservations",5
"atlantic city hotel casino reviews",1
"atlantic city hotel casinos",140
"atlantic city hotel cassino",4
"atlantic city hotel ceasar",3
"atlantic city hotel ceasars pool",3
"atlantic city hotel ceasers",3
"atlantic city hotel chains",1
"atlantic city hotel cheap",3
"atlantic city hotel claridge specials for january 13th 2007",1
"atlantic city hotel close to convention center",6
"atlantic city hotel comfort inn",2
"atlantic city hotel coupon",12
"atlantic city hotel coupons",5
"atlantic city hotel csino",3
"atlantic city hotel deal",477
"atlantic city hotel deal new york",1
"atlantic city hotel deals",237
"atlantic city hotel deals hotel deal",2
"atlantic city hotel development",1
"atlantic city hotel development history",4
"atlantic city hotel discount",24
"atlantic city hotel discount stay",3
"atlantic city hotel discounts",28
"atlantic city hotel eals",1
"atlantic city hotel eating guide",2
"atlantic city hotel entertainment",13
"atlantic city hotel entertainment 9 15 2006",2
"atlantic city hotel events",5
"atlantic city hotel experts",1
"atlantic city hotel flight package",3
"atlantic city hotel gift certificate",1
"atlantic city hotel good deals",1
"atlantic city hotel group rates",4
"atlantic city hotel guide",3
"atlantic city hotel harrah",1
"atlantic city hotel in n.j",2
"atlantic city hotel in new",4
"atlantic city hotel in room jacuzzi",4
"atlantic city hotel in tropicana",4
"atlantic city hotel inn",2
"atlantic city hotel jacuzzi",17
"atlantic city hotel job",8
"atlantic city hotel jobs",4
"atlantic city hotel kink pool window",2
"atlantic city hotel kinky pool window",4
"atlantic city hotel kinky poolside",22
"atlantic city hotel lima peru",1
"atlantic city hotel links",1
"atlantic city hotel links atlantic palace",7
"atlantic city hotel list",7
"atlantic city hotel listings",12
"atlantic city hotel luxury",1
"atlantic city hotel map",80
"atlantic city hotel maps",1
"atlantic city hotel march 10",2
"atlantic city hotel maryland",2
"atlantic city hotel monopole",2
"atlantic city hotel monopolie",2
"atlantic city hotel motel",5
"atlantic city hotel motel travel",1
"atlantic city hotel motels",8
"atlantic city hotel nj",1
"atlantic city hotel ocean",2
"atlantic city hotel offers",3
"atlantic city hotel on morris ave",1
"atlantic city hotel on the bay",2
"atlantic city hotel on the boardwalk",5
"atlantic city hotel package",11
"atlantic city hotel package deals presentation time shares",2
"atlantic city hotel packages",32
"atlantic city hotel packages in new jersey",4
"atlantic city hotel pets allowd",2
"atlantic city hotel phone numbers",7
"atlantic city hotel pics",3
"atlantic city hotel pictures",2
"atlantic city hotel price",10
"atlantic city hotel prices",29
"atlantic city hotel promotion",1
"atlantic city hotel promotions",6
"atlantic city hotel ramada inn",3
"atlantic city hotel rates",30
"atlantic city hotel rates for october",1
"atlantic city hotel ratesy",1
"atlantic city hotel rating",1
"atlantic city hotel ratings",2
"atlantic city hotel reaervations",1
"atlantic city hotel reservation",44
"atlantic city hotel reservations",62
"atlantic city hotel reservations discount",3
"atlantic city hotel reservatios",1
"atlantic city hotel reservatons",3
"atlantic city hotel resevations",1
"atlantic city hotel restaurant coupons",2
"atlantic city hotel restaurants",1
"atlantic city hotel review",1
"atlantic city hotel reviews",3
"atlantic city hotel room",14
"atlantic city hotel room availability",1
"atlantic city hotel room cheap",3
"atlantic city hotel room layouts",1
"atlantic city hotel room nights",1
"atlantic city hotel room pictures",2
"atlantic city hotel room prices",2
"atlantic city hotel rooms",90
"atlantic city hotel rooms in the larenathon hotel",1
"atlantic city hotel rooms now",2
"atlantic city hotel rooms tonight",2
"atlantic city hotel rooms with jacuzzi",1
"atlantic city hotel seafood",1
"atlantic city hotel shops",12
"atlantic city hotel show dinner packages",1
"atlantic city hotel shows",2
"atlantic city hotel special",3
"atlantic city hotel special offers",4
"atlantic city hotel specials",32
"atlantic city hotel specials for january 13th 2007",3
"atlantic city hotel stay",2
"atlantic city hotel strip",2
"atlantic city hotel suite",4
"atlantic city hotel suites",7
"atlantic city hotel suites near the convention center",4
"atlantic city hotel swingers pool window",4
"atlantic city hotel tagema",2
"atlantic city hotel taj ma",6
"atlantic city hotel tropicana",10
"atlantic city hotel trump",1
"atlantic city hotel web sities",2
"atlantic city hotel weekend low rates",2
"atlantic city hotel with free meal",2
"atlantic city hotel with jacuzzi",3
"atlantic city hotel+last minute deals",7
"atlantic city hotel,",1
"atlantic city hotels hilton hotel",10
"atlantic city howard johnson hotel death window fall",6
"atlantic city jacuzzi hotel rooms",2
"atlantic city larenathon hotel",1
"atlantic city low ratescasino hotel",2
"atlantic city luxuri hotel rooms",1
"atlantic city luxury hotel",4
"atlantic city luxury hotel rooms",5
"atlantic city luxury hotel suites",2
"atlantic city marina hotel",2
"atlantic city midweek hotel deals",1
"atlantic city motel and hotel",2
"atlantic city motel and hotel prices",3
"atlantic city motel hotel room",3
"atlantic city n. j. flag ship hotel",2
"atlantic city n.j hotel",1
"atlantic city n.j. hotel bogota",1
"atlantic city new hotel",1
"atlantic city new jersery holiday hotel",1
"atlantic city new jersey borgata hotel",4
"atlantic city new jersey casino hotel",3
"atlantic city new jersey clarion hotel",1
"atlantic city new jersey clothing recommended hotel",1
"atlantic city new jersey five star hotel",8
"atlantic city new jersey holiday hotel",1
"atlantic city new jersey hotel",150
"atlantic city new jersey hotel and casino",4
"atlantic city new jersey hotel discounts",8
"atlantic city new jersey hotel jobs",2
"atlantic city new jersey hotel special",1
"atlantic city new jersey hotel specials",4
"atlantic city new jersey imax theatre tropicana hotel",1
"atlantic city new jersey new years eve hotel casino",9
"atlantic city new jersey tropicana hotel . pictures",3
"atlantic city new jersey us hotel",1
"atlantic city new jersy clarion hotel",1
"atlantic city nj 1 furnished room hotel weekley rent",2
"atlantic city nj 1 furnished room hotel weekly rent",2
"atlantic city nj 1 furnished room hotel weekly rent price",1
"atlantic city nj bergotta hotel",1
"atlantic city nj boegotta hotel",2
"atlantic city nj bogota hotel",1
"atlantic city nj borgata hotel",2
"atlantic city nj borgata hotel casino spa",1
"atlantic city nj casino hotel",25
"atlantic city nj casino hotel deals",2
"atlantic city nj casino hotel reservations",1
"atlantic city nj casio casino hotel",1
"atlantic city nj flight and hotel",1
"atlantic city nj hotel",112
"atlantic city nj hotel air specials",1
"atlantic city nj hotel and motel",9
"atlantic city nj hotel casino",7
"atlantic city nj hotel casino immediate available",1
"atlantic city nj hotel casino immediate occupancy",1
"atlantic city nj hotel casinos",3
"atlantic city nj hotel deals",4
"atlantic city nj hotel lowest rates",5
"atlantic city nj hotel on boardwalk",2
"atlantic city nj hotel rates",7
"atlantic city nj hotel rental",3
"atlantic city nj hotel reservations online",2
"atlantic city nj hotel rooms",3
"atlantic city nj hotel sand",2
"atlantic city nj hotel specials",4
"atlantic city nj hotels resorts casino hotel",1
"atlantic city nj sands hotel",3
"atlantic city nj showboat casino and hotel",6
"atlantic city nj showboat hotel",1
"atlantic city nj shows at sands hotel",2
"atlantic city nj showsat sands hotel",1
"atlantic city nj vallys hotel",2
"atlantic city nj, hotel motel tel directory",2
"atlantic city nj. hotel",2
"atlantic city palace hotel",8
"atlantic city plaza hotel atlanta",1
"atlantic city reservations for hotel",2
"atlantic city resort hotel",1
"atlantic city resorts casino hotel",1
"atlantic city resorts hotel",7
"atlantic city resorts hotel atlantic city",9
"atlantic city restorts hotel atlantic city",2
"atlantic city sams hotel",1
"atlantic city sands casino and hotel",2
"atlantic city sands casino hotel",2
"atlantic city sands hotel",1
"atlantic city sands hotel bathroom amenities",1
"atlantic city sands hotel bus voucher",1
"atlantic city senior citizen hotel buffet discounts",2
"atlantic city sharaton hotel .com",1
"atlantic city sheraton hotel",7
"atlantic city sheraton hotel map",2
"atlantic city sherdian hotel",1
"atlantic city show boat casino and hotel",2
"atlantic city show boat hotel deals",4
"atlantic city showboat hotel",6
"atlantic city showboat hotel and casino",1
"atlantic city shuttle hotel",6
"atlantic city sunset hotel",1
"atlantic city timeshare tours hotel discounts",1
"atlantic city topicana hotel",2
"atlantic city tropicana hotel",17
"atlantic city tropicana hotel cacino",1
"atlantic city tropicana hotel pictures",20
"atlantic city tropicana hotel room packages",1
"atlantic city trpoicanna hotel and spa",2
"atlantic city trump hotel",3
"atlantic city vacation deals fly hotel",1
"atlantic city vacations bali hotel",1
"atlantic city water front hotel",1
"atlantic city weekend air hotel packages from pittsburgh",6
"atlantic city, n.j. hotel cashier",6
"atlantic city, nj - flagship hotel",2
"atlantic city, nj boardwalk hotel",2
"atlantic city, nj tropicana hotel and casino",2
"atlantic city, tropicana hotel",2
"atlantic city,nj hotel",2
"atlantic coast hotel ocean city",2
"atlantic coast hotel ocean city md",1
"atlantic costal inn hotel in ocean city ney jersey",6
"atlantic hotel atlantic city",1
"atlantic hotel boardwalk ocean city md",2
"atlantic hotel in ocean city",8
"atlantic hotel in ocean city maryland",9
"atlantic hotel in ocean city md",5
"atlantic hotel in ocrean city maryland",1
"atlantic hotel ocea city md",1
"atlantic hotel ocean city",35
"atlantic hotel ocean city marykand",2
"atlantic hotel ocean city maryland",32
"atlantic hotel ocean city md",175
"atlantic hotel ocean city md.",4
"atlantic hotel ocean city, md",1
"atlantic hotel ocena city md",1
"atlantic hotel, ocean city",412
"atlantic hotel, ocean city, maryland",1
"atlantic hotel, ocean city, md",2
"atlantic oceanfront hotel ocean city",1
"atlantic palace hotel atlantic city",12
"atlantic palace hotel atlantic city nj",4
"atlantic palace hotel in atlantic city",5
"atlantic palace hotel, atlantic city",2
"atlantic palace resort and hotel atlantic city",1
"atlantic palace suite hotel atlantic city new jersey",7
"atlantic palace suites hotel - atlantic city new jersey",7
"atlantic palace suites hotel atlantic city nj",2
"atlantis hotel casino atlantic city nj",5
"available hotel rooms in atlantic city",5
"bailey''''s hotel atlantic city",6
"baileys hotel atlantic city new jersey",2
"baileys hotel in atlantic city",4
"baily''''s hotel atlantic city",1
"baleys atlantic city hotel specials",4
"ballagio hotel atlantic city",1
"balleys hotel atlantic city",2
"balleys hotel casino atlantic city",4
"balleys hotel casino atlantic city new jersey",1
"balleys hotel in atlantic city",2
"ballts hotel in atlantic city",3
"bally 27s hotel website atlantic city",7
"bally atlantic city hotel packages",1
"bally casino hotel atlantic city",3
"bally hotel 7casino in atlantic city",1
"bally hotel and casino atlantic city",1
"bally hotel and casino in atlantic city",1
"bally hotel and casion in atlantic city",4
"bally hotel atlantic city",10
"bally hotel atlantic city nj",2
"bally hotel casino atlantic city n.j",2
"bally hotel casino in atlantic city",4
"bally hotel in atlantic city",6
"bally hotel, atlantic city",2
"bally palace hotel - atlantic city, new jersey",1
"bally park hotel atlantic city new jersey",1
"bally''''s atlantic city hotel",1
"bally''''s atlantic city hotel and casino",4
"bally''''s hotel and casino atlantic city",2
"bally''''s hotel and casino in atlantic city",19
"bally''''s hotel atlantic city",16
"bally''''s hotel atlantic city nj",3
"bally''''s hotel casino, atlantic city nj",1
"bally''''s hotel in atlantic city",3
"bally''''s hotel in atlantic city nj",1
"bally''''s hotel in atlantic city, nj",1
"ballys atlantic city casino hotel",3
"ballys atlantic city hotel",7
"ballys atlantic city hotel casino",1
"ballys atlantic city hotel package",1
"ballys atlantic city hotel photos",4
"ballys atlantic city hotel promo code",1
"ballys casino and hotel atlantic city",1
"ballys casino and hotel in atlantic city, n.j.",3
"ballys casino hotel atlantic city",8
"ballys casino hotel atlantic city new jersey",1
"ballys casino hotel atlantic city nj",4
"ballys casino hotel in atlantic city",1
"ballys hotel and casino atlantic city",14
"ballys hotel and casino atlantic city nj",3
"ballys hotel and casino in atlantic city",10
"ballys hotel and casino in atlantic city nj",2
"ballys hotel and resort in atlantic city",2
"ballys hotel atlantic city",118
"ballys hotel atlantic city nj",11
"ballys hotel atlantic city,nj",1
"ballys hotel casino atlantic city",53
"ballys hotel casino atlantic city new jersey",3
"ballys hotel casino atlantic city nj",2
"ballys hotel casino in atlantic city",3
"ballys hotel casino shows atlantic city new jersey",2
"ballys hotel en atlantic city new jersey",1
"ballys hotel in atlantic city",42
"ballys hotel in atlantic city new jersey",1
"ballys hotel in atlantic city nj",1
"ballys park hotel atlantic city new jersey",2
"ballys wild west hotel in atlantic city",1
"baly hotel atlantic city",1
"bargain hotel atlantic city",3
"bargains hotel deals in atlantic city",1
"bayside resort hotel atlantic city nj",1
"beach side hotel atlantic city",1
"beachside hotel atlantic city",4
"beachside hotel in atlantic city",1
"begata hotel in atlantic city nj",1
"begota hotel atlantic city",1
"begota hotel in atlantic city",1
"belagio hotel atlantic city",1
"bellagio hotel atlantic city",6
"bellys hotel casino in new jeresy atlantic city",4
"berkley hotel atlantic city new jersey",3
"berkley hotel atlantic city new jersey 1900",4
"best atlantic city hotel deals",1
"best casino hotel in atlantic city",1
"best discount on 5 star hotel in atlantic city",4
"best discount on 5star hotel in atlantic city",2
"best hotel casino in atlantic city",1
"best hotel in atlantic city",11
"best hotel offers in atlantic city",1
"best hotel rates in atlantic city",2
"best value hotel in atlantic city new jersey",5
"best value inn hotel in atlantic city",1
"best western hotel atlantic city",2
"best western hotel atlantic city n.j.",2
"best western hotel atlantic city new jersy",2
"best western hotel atlantic city nj",2
"best western hotel in atlantic city",2
"best western hotel in atlantic city ny",2
"bestwestern hotel atlantic city",2
"blenhiem hotel atlantic city hotel",2
"boardwalk hall atlantic city nearest hotel",1
"boardwalk hotel atlantic city",8
"boardwalk hotel, atlantic city, nj",1
"boat show hotel special atlantic city",1
"boat show hotel special atlantic city february 2006",1
"boat show hotel special atlantic city feburary 2006",1
"bogarta hotel atlantic city, nj",1
"bogata hotel and casino atlantic city nj",1
"bogata hotel and casino in atlantic city new jersey",2
"bogata hotel and casino, atlantic city nj",1
"bogata hotel atlantic city new jersey",1
"bogata hotel atlantic city nj",5
"bogata hotel casion atlantic city contacts",1
"bogata hotel in atlantic city",1
"bogata hotel jobs atlantic city",1
"bogato hotel in atlantic city",1
"bogota hotel atlantic city new jersey",1
"bogota hotel in atlantic city",1
"book a hotel room in atlantic city",1
"book hotel in taj mahal atlantic city",3
"book hotel rooms in atlantic city",1
"borgaata hotel atlantic city",1
"borgada hotel and casino in atlantic city nj",3
"borgada hotel atlantic city",1
"borgada hotel atlantic city new jersey",4
"borgada hotel in atlantic city",1
"borgado hotel atlantic city new jersey",1
"borgata casino and hotel atlantic city",1
"borgata casino and hotel in atlantic city",1
"borgata casino hotel atlantic city nj",2
"borgata casino hotel atlantic city nj mapquestcom",4
"borgata casino hotel in atlantic city",1
"borgata hotel  casino in atlantic city",2
"borgata hotel + atlantic city new jersey",1
"borgata hotel and atlantic city",2
"borgata hotel and casina atlantic city",1
"borgata hotel and casino atlantic city",37
"borgata hotel and casino atlantic city concerts",2
"borgata hotel and casino atlantic city new jersey",3
"borgata hotel and casino atlantic city nj",9
"borgata hotel and casino in atlantic city",6
"borgata hotel and casino in atlantic city nj",3
"borgata hotel and casino, atlantic city",1
"borgata hotel and casino, atlantic city nj",1
"borgata hotel and casino, atlantic city, nj",1
"borgata hotel and casino, atlantic city,nj",4
"borgata hotel and casion atlantic city",2
"borgata hotel and spa atlantic city nj",1
"borgata hotel and spa in atlantic city discount",2
"borgata hotel atlantic city",212
"borgata hotel atlantic city boardwalk",2
"borgata hotel atlantic city bus to boardwalk",8
"borgata hotel atlantic city new jersey",5
"borgata hotel atlantic city nj",48
"borgata hotel atlantic city resturants",3
"borgata hotel atlantic city, nj",1
"borgata hotel casino  spa atlantic city",2
"borgata hotel casino and spa and atlantic city",1
"borgata hotel casino and spa atlantic city",2
"borgata hotel casino and spa atlantic city nj",3
"borgata hotel casino and spa in atlantic city",1
"borgata hotel casino atlantic city",11
"borgata hotel casino atlantic city contacts",1
"borgata hotel casino atlantic city nj",4
"borgata hotel casino in atlantic city",1
"borgata hotel casino spa atlantic city",1
"borgata hotel casion spa atlantic city",2
"borgata hotel events atlantic city",1
"borgata hotel in atlantic city",51
"borgata hotel in atlantic city nj",17
"borgata hotel resort and spa atlantic city nj",2
"borgata hotel+atlantic city, nj",2
"borgata hotel, atlantic city, new jersey",2
"borgata hotel, atlantic city, nj",3
"borgato hotel atlantic city",3
"borgato hotel atlantic city new jersey",1
"borgatta hotel atlantic city",1
"borgatta hotel in atlantic city",5
"borgota casino hotel atlantic city nj",2
"borgota casino hotel atlantic city nj mapquestcom",1
"borgota hotel and casino atlantic city nj",1
"borgota hotel and casino in atlantic city new jersey",2
"borgota hotel and casino in atlantic city nj",2
"borgota hotel atlantic city",8
"borgota hotel atlantic city new jersey",1
"borgota hotel atlantic city nj",1
"borgota hotel casino atlantic city",2
"borgota hotel casion atlantic city",1
"borgota hotel in atlantic city",4
"borgota hotel in atlantic city new jersey",3
"borgota hotel, atlantic city",1
"borgota hotel, atlantic city, new jersey",1
"borgotta hotel in atlantic city",3
"borgotti hotel in atlantic city nj",3
"borogta hotel casion atlantic city",1
"bortatga hotel in atlantic city",1
"bothewell hotel atlantic city",2
"brigantine hotel atlantic city",2
"brigantine island atlantic city hotel",1
"brigata hotel atlantic city",1
"brigata hotel casino atlantic city",1
"brigatta hotel casino atlantic city",1
"brogata casino and hotel atlantic city",1
"brogata hotel and casino atlantic city",4
"brogata hotel and casino events atlantic city",4
"brogata hotel and casino events atlantic city nick lachey",2
"burgency hotel atlantic city",6
"burgundy hotel atlantic city",2
"bus from route 18 to atlantic city hilton hotel",1
"bus hotel package from washington dc to atlantic city casino",2
"bus service to atlantic city hotel",2
"bus to tropicana hotel in atlantic city nj",1
"caeasar casino hotel atlantic city",1
"caesar atlantic city hotel",1
"caesar hotel and casino atlantic city",2
"caesar hotel and casino in atlantic city",1
"caesar hotel atlantic city",14
"caesar palace hotel in atlantic city",4
"caesar''''s hotel in atlantic city",3
"caesar, atlantic city hotel rooms",4
"caesare atlantic city hotel casino",3
"caesars atlantic city casino and hotel",3
"caesars atlantic city hotel",24
"caesars atlantic city hotel and casino",1
"caesars atlantic city hotel casino",21
"caesars atlantic city hotel rooms",2
"caesars atlantic city hotel towers",10
"caesars casino and hotel in atlantic city",2
"caesars hotel and casino 2c atlantic city 2c nj",1
"caesars hotel and casino atlantic city",8
"caesars hotel and casino atlantic city new jersey",4
"caesars hotel and casino atlantic city nj",3
"caesars hotel and casino in atlantic city",4
"caesars hotel atlantic city",64
"caesars hotel atlantic city new jersey",1
"caesars hotel atlantic city nj",12
"caesars hotel casino atlantic city",2
"caesars hotel casino atlantic city nj",2
"caesars hotel casino. atlantic city nj",2
"caesars hotel in atlantic city",20
"caesars hotel in atlantic city n,j",3
"caesars hotel in atlantic city nj",1
"caesars hotel, atlantic city nj",13
"caesars palace hotel in atlantic city nj.",1
"caesers casiono and hotel atlantic city nj",1
"caesers hotel atlantic city",5
"caesers hotel atlantic city new jersey",1
"caesors hotel atlantic city new jersey",1
"caridege hotel atlantic city",1
"casino and hotel atlantic city",11
"casino and hotel in atlantic city",12
"casino hotel atlantic city",18
"casino hotel atlantic city new jersey",6
"casino hotel casino chips atlantic city",1
"casino hotel deals atlantic city new jersey",1
"casino hotel in atlantic city",23
"casino hotel owners atlantic city nj",4
"casino hotel rates atlantic city",1
"casino hotel room in atlantic city",2
"casino hotel rooms in atlantic city",1
"casino hotel rooms in atlantic city new jersey",6
"casino hotel rooms, atlantic city, nj",1
"casino hotel, atlantic city",2
"casinos and hotel atlantic city",1
"casinos atlantic city hotel",3
"casinos atlantic city hotel map",4
"ceadars hotel in atlantic city",1
"cearers hotel in atlantic city",1
"cearsers hotel atlantic city",1
"ceasar hotel atlantic city",8
"ceasar hotel in atlantic city",1
"ceasar''''s hotel in atlantic city, nj",2
"ceasars atlantic city hotel",1
"ceasars casino hotel atlantic city nj",2
"ceasars casino hotel in atlantic city nj",4
"ceasars hotel and casino atlantic city",1
"ceasars hotel and casino atlantic city nj",3
"ceasars hotel and resort in atlantic city",6
"ceasars hotel atlantic city",17
"ceasars hotel atlantic city nj",5
"ceasars hotel casino in atlantic city",2
"ceasars hotel in atlantic city",3
"ceasars hotel in atlantic city, nj",1
"ceasars hotel packages atlantic city",1
"ceasears hotel and resort in atlantic city",2
"ceasers atlantic city hotel",4
"ceasers hotel and casino atlantic city new jersey",2
"ceasers hotel and casion in atlantic city",1
"ceasers hotel atlantic city",1
"ceasers hotel in atlantic city",4
"ceasers hotel, atlantic city",2
"ceasers palace hotel in atlantic city",1
"ceasers palace hotel in atlantic city nj.",4
"ceasor hotel atlantic city new jersey",2
"cecsors hotel atlantic city new jersey",2
"cesaers hotel in atlantic city",1
"cesaers palace hotel in atlantic city nj",2
"cesar hotel and casino in atlantic city",2
"cesar hotel atlantic city",1
"cesar hotel atlantic city new jersey",2
"cesar palace hotel in atlantic city",4
"cesars casino hotel atlantic city nj",1
"cesars hotel and casino atlantic city nj",1
"cesars hotel atlantic city",16
"cesars hotel atlantic city nj",3
"cesars hotel atlantic city nj bacchanal restaurant",1
"cesars hotel in atlantic city",8
"cesors hotel atlantic city new jersey",2
"cezar hotel atlantic city",1
"cheap atlantic city casino hotel",1
"cheap atlantic city casino hotel rates",6
"cheap atlantic city hotel",92
"cheap atlantic city hotel deals",1
"cheap atlantic city hotel fares",1
"cheap atlantic city hotel rates",1
"cheap atlantic city hotel rooms",3
"cheap atlantic city hotel rooms in the tropicanna",1
"cheap atlantic city hotel with jacuzzi",2
"cheap casino atlantic city hotel",2
"cheap hotel accommodation in atlantic city",1
"cheap hotel atlantic city",7
"cheap hotel deals for atlantic city",1
"cheap hotel in atlantic city",22
"cheap hotel in atlantic city 2c new jersey",6
"cheap hotel in atlantic city new jersey",1
"cheap hotel in atlantic city new jersy",3
"cheap hotel in atlantic city nj",3
"cheap hotel indoor pool atlantic city",1
"cheap hotel prices in atlantic city",2
"cheap hotel rates atlantic city new jersey",1
"cheap hotel rates in atlantic city",3
"cheap hotel room in atlantic city",2
"cheap hotel rooms at the borgata in atlantic city",1
"cheap hotel rooms atlantic city",4
"cheap hotel rooms in atlantic city",9
"cheap hotel rooms in atlantic city in new jersey",1
"cheap hotel rooms in atlantic city nj",1
"cheap hotel stays in atlantic city",3
"cheap hotel stays in atlantic city new jersey",4
"cheap hotel stays in atlantic city, nj",1
"cheap last minute atlantic city hotel deals",4
"cheapcasino hotel rooms in atlantic city new jersey",4
"cheapest casino hotel rates atlantic city",3
"cheapest hotel casinos in atlantic city",4
"cheapest hotel in atlantic city",2
"cheapest hotel rates in atlantic city",5
"cheapest hotel rates in atlantic city nj",3
"cheapest hotel stay in atlantic city on the weekend",16
"cheapest hotel+ atlantic city",3
"chelsea hotel atlantic city",5
"chelsea hotel atlantic city nj",2
"chelsea hotel morris ave room rates atlantic city",1
"chelsea hotel room rates atlantic city",2
"chip hotel in atlantic city",3
"cladridge casino hotel atlantic city nj",4
"cladridge hotel and casino atlantic city nj",4
"clairidge casino and hotel in atlantic city",2
"clairidge hotel atlantic city",1
"clairidge hotel casino atlantic city",5
"clairidge hotel in atlantic city new jersey",3
"clairon hotel west atlantic city n.j.",2
"claraden hotel atlantic city nj",1
"clarendon hotel atlantic city nj",2
"clariage atlantic city hotel casino",1
"claridge atlantic city hotel casino",2
"claridge casino and hotel in atlantic city, n.j.",1
"claridge casino atlantic city hotel",2
"claridge casino hotel atlantic city",5
"claridge casino hotel atlantic city nj",4
"claridge casino hotel atlantic city nj employment",2
"claridge casino hotel in atlantic city reservations",2
"claridge casino hotel in atlantic city, n.j.",2
"claridge casino hotel in atlantic city, n.j. official site",1
"claridge casinos atlantic city hotel",1
"claridge hotel and casino atlantic city",10
"claridge hotel and casino atlantic city nj",3
"claridge hotel atlantic city",59
"claridge hotel atlantic city new jersey",11
"claridge hotel atlantic city nj",9
"claridge hotel casino atlantic city",9
"claridge hotel casino atlantic city new jersey",1
"claridge hotel in atlantic city",4
"claridge hotel in atlantic city new jersey",1
"claridge hotel prices in atlantic city",1
"claridge towers hotel, atlantic city nj",1
"clarige hotel in atlantic city",1
"clarin hotel atlantic city",1
"clarion hotel  convention center at atlantic city , nj",2
"clarion hotel and casino atlantic city nj",3
"clarion hotel and conference center west atlantic city",1
"clarion hotel and convention center atlantic city",16
"clarion hotel and convention center atlantic city new jersey",1
"clarion hotel and convention center in atlantic city",2
"clarion hotel and convention center in atlantic city nj",3
"clarion hotel and convention center, atlantic city, nj",1
"clarion hotel at atlantic city",1
"clarion hotel atlantic city",42
"clarion hotel atlantic city new jersey",8
"clarion hotel atlantic city nj",2
"clarion hotel atlantic city west",6
"clarion hotel atlantic city,nj",5
"clarion hotel casino atlantic city",5
"clarion hotel convention center atlantic city new jersey",4
"clarion hotel golf tennis resort atlantic city",3
"clarion hotel in atlantic city",1
"clarion hotel in atlantic city nj",1
"clarion hotel west atlantic city",1
"clarion hotel west atlantic city n.j.",6
"clarion hotel, atlantic city, blackhorse pike",1
"clariton hotel atlantic city",6
"clariton hotel atlantic city new jersey",1
"clariton hotel atlantic city new jersy",2
"clariton hotel west atlantic city",2
"cleridge hotel casino atlantic city",1
"columbus hotel atlantic city",1
"comedy club borgata hotel in atlantic city new jersey",2
"comedy club borgota hotel in atlantic city new jersey",1
"comedy stop triopicana hotel atlantic city",1
"comfort inn hotel in atlantic city",8
"comfort suites hotel atlantic city new jersey",1
"concerts at borgata hotel atlantic city nj",4
"contact casino hotel owners atlantic city",10
"contact info for marriott hotel in atlantic city",1
"contact info for marriott hotel in atlantic city nj",3
"contact info for the caesars hotel in atlantic city",1
"coral sands hotel in atlantic city new jersey",1
"coupon buffet atlantic city at trump marina hotel",2
"coupon buffet atlantic city trump marina hotel",6
"coupon buffet restaurant in atlantic city hotel n.j.",4
"coupon buffet restuarant in atlantic city hotel n.j.",2
"coupon restuarant in atlantic city hotel n.j.",2
"couponds for the tropicana hotel in atlantic city, nj",1
"coupons for the tropicana hotel in atlantic city, nj",4
"days in hotel atlantic city",4
"days inn absecom hotel atlantic city nj",2
"days inn hotel in atlantic city",4
"days inn hotel in atlantic city at route 30",3
"days inn hotel in atlantic city new jersey",2
"daysinn hotel in atlantic city new jersey",1
"demolish the sands hotel in atlantic city",2
"dennis hotel, atlantic city",2
"destiny inn hotel in atlantic city",2
"dining at caesars hotel in atlantic city",1
"dining in caesars hotel in atlantic city",1
"directions to sheraton hotel in atlantic city n.j",2
"directions to sheriton hotel in atlantic city n.j",4
"directions to the borgata hotel in atlantic city",2
"discount atlantic city hotel rooms",9
"discount hotel atlantic city",5
"discount hotel atlantic city nj",2
"discount hotel deals atlantic city",1
"discount hotel getaways atlantic city",2
"discount hotel in atlantic city",2
"discount hotel rates in atlantic city",2
"discount hotel rooms atlantic city",4
"discount hotel rooms bachelor party atlantic city",2
"discount hotel rooms bacholor party atlantic city",2
"discount hotel rooms, atlantic city, n.j.",2
"discount on bogota hotel atlantic city",1
"discount rates for borgata hotel atlantic city",2
"discounted atlantic city casino hotel rooms",1
"discounted atlantic city casinos hotel rooms",1
"discounted hotel pricing in atlantic city",3
"discounted hotel rooms atlantic city",10
"dober downs hotel and casino in atlantic city new jersey",2
"dog friendly hotel in atlantic city",2
"double tree hotel atlantic city",2
"dover downs hotel and casino in atlantic city new jersey",3
"dudley hotel atlantic city",1
"economy hotel atlantic city",1
"economy hotel atlantic city nj",1
"el greco hotel atlantic city",2
"el greco hotel in atlantic city",1
"elephant hotel atlantic city",2
"emergency flights and hotel san antonio to atlantic city",4
"endicott hotel atlantic city",2
"entertainment schedule borgata hotel atlantic city nj",1
"events at the borgata hotel in atlantic city",6
"events at tropicana hotel atlantic city",1
"fairfiel hotel atlantic city nj",1
"fairfield atlantic city hotel at skyline tower",1
"fairfield hotel atlantic city nj",2
"fairfield hotel on atlantic city boradwalk",4
"fairfiled inn hotel atlantic city",3
"family hotel in atlantic city nj",1
"fanta sea hotel in atlantic city",2
"fantasea atlantic city hotel",4
"fantasea hotel in atlantic city",1
"fantsea atlantic city hotel",2
"find bally''''s hotel atlantic city",1
"find new hotel listings in atlantic city new jersey",1
"find showboat hotel casino atlantic city",1
"five star hotel in atlantic city",5
"flag resort hotel on atlantic city",8
"flag ship hotel atlantic city",2
"flag ship hotel atlantic city new jersey",4
"flag ship hotel atlantic city nj",1
"flag ship hotel in atlantic city",5
"flag ship hotel in atlantic city new jersey",2
"flag ship resort hotel atlantic city nj",2
"flage hotel atlantic city",2
"flagship all suite hotel in atlantic city njcom",1
"flagship atlantic city hotel",3
"flagship hotel atlantic city",66
"flagship hotel atlantic city boardwalk",2
"flagship hotel atlantic city new jersey",3
"flagship hotel atlantic city nj",11
"flagship hotel in atlantic city",38
"flagship hotel in atlantic city new jersey",5
"flagship hotel in atlantic city nj",4
"flagship hotel in atlantic city ny",1
"flagship hotel, atlantic city, nj",1
"flagship resort and hotel in atlantic city",1
"flagship resort hotel atlantic city",26
"flagship resort hotel atlantic city nj",2
"flagship resort hotel in atlantic city",21
"flagship resort hotel in atlantic city nj",1
"flagship resortr hotel atlantic city",1
"flagstaff hotel atlantic city",3
"flagstaff hotel in atlantic city",2
"flamingo hotel atlantic city pacific avenue",2
"flamingo hotel in atlantic city",1
"flamingo hotel picture atlantic city",5
"flamino hotel atlantic city nj",2
"flemingo hotel in atlantic city",1
"flight and hotel atlantic city",1
"flight hotel atlantic city",1
"flight hotel package atlantic city casinos",8
"flights and hotel san antonio to atlantic city",1
"four star hotel in atlantic city",1
"frederick frieseke murals atlantic city hotel",15
"free atlantic city casino hotel rooms",5
"free atlantic city hotel",2
"free atlantic city hotel rooms",5
"free hotel atlantic city",1
"free hotel in atlantic city",1
"free hotel in atlantic city nj",3
"free hotel night stay in atlantic city",1
"free hotel room atlantic city nj",3
"free hotel rooms atlantic city",8
"free hotel rooms in atlantic city",7
"free hotel stay in atlantic city new jersey",2
"free hotel stay in atlantic city new jersey casino",1
"free hotel stays in atlantic city",1
"free show with hotel in atlantic city new jersey",1
"gay atlantic city hotel",3
"gay hotel atlantic city",1
"golden east hotel atlantic city",6
"golden east hotel in atlantic city",7
"golden east hotel in atlantic city nj",2
"golden nugget hotel atlantic city",1
"golden palace hotel in atlantic city",10
"google region 5 atlantic city hotel",2
"great deal on hotel stays in atlantic city, nj",1
"great hotel deals in atlantic city",3
"greco hotel atlantic city",3
"gucci store at cesars hotel atlantic city nj",2
"hampton in hotel atlantic city nj",2
"hampton inn hotel atlantic city nj",1
"harahs hotel atlantic city",1
"harrah hotel atlantic city",5
"harrah hotel atlantic city upcoming events entertainment",24
"harrah hotel employment atlantic city nj",7
"harrah hotel in atlantic city",3
"harrah''''s atlantic city hotel tower",1
"harrah''''s hotel  casino, atlantic city",1
"harrah''''s marino hotel casino atlantic city",1
"harrahs atlantic city hotel",1
"harrahs atlantic city hotel deals",1
"harrahs atlantic city hotel rates",2
"harrahs casino hotel atlantic city",7
"harrahs casino hotel atlantic city nj",5
"harrahs casinos hotel atlantic city nj",2
"harrahs hotel and casino atlantic city",9
"harrahs hotel and casino atlantic city nj",6
"harrahs hotel and casino in atlantic city",5
"harrahs hotel atlantic city",35
"harrahs hotel atlantic city junkets",1
"harrahs hotel atlantic city junkets pittsburgh",1
"harrahs hotel atlantic city new jersey",1
"harrahs hotel atlantic city nj",12
"harrahs hotel casino atlantic city",5
"harrahs hotel casino atlantic city new jersey",2
"harrahs hotel in atlantic city",33
"harrahs hotel in atlantic city new jersey",3
"harrahs hotel, atlantic city",2
"harrahs marina hotel atlantic city",1
"harrahs showboat casino hotel atlantic city nj",1
"harrahs t hotel casino atlantic city",1
"harrarhs hotel in atlantic city",2
"harris hotel in atlantic city",3
"hasrrahs casino hotel atlantic city",3
"head chef of atlantic city hotel resumes",1
"heart at trump hotel in atlantic city",2
"hiltin hotel casino atlantic city",1
"hilton atlantic city casino hotel",6
"hilton atlantic city hotel",2
"hilton casino and hotel, atlantic city, nj",4
"hilton casino hotel atlantic city",1
"hilton casino hotel atlantic city nj",1
"hilton casino hotel in atlantic city",4
"hilton hotel  casino, atlantic city",1
"hilton hotel and casino atlantic city",9
"hilton hotel and casino atlantic city new jersey",1
"hilton hotel and casino atlantic city nj",7
"hilton hotel and casino in atlantic city",5
"hilton hotel and casino, atlantic city",2
"hilton hotel and cosino in atlantic city",2
"hilton hotel and resort atlantic city new jersey",1
"hilton hotel and resort atlantic city nj",1
"hilton hotel atlantic city",128
"hilton hotel atlantic city .com",1
"hilton hotel atlantic city entertainment schedule",6
"hilton hotel atlantic city new jersey",8
"hilton hotel atlantic city nj",23
"hilton hotel atlantic city nj entertainment",1
"hilton hotel atlantic city nj.",2
"hilton hotel casino atlantic city",16
"hilton hotel casino atlantic city new jersey",1
"hilton hotel casino atlantic city nj",3
"hilton hotel casino entertainment in atlantic city",4
"hilton hotel casino in atlantic city",1
"hilton hotel headliners in atlantic city, nj",5
"hilton hotel in atlantic city",32
"hilton hotel in atlantic city in nj",3
"hilton hotel in atlantic city new jersey",5
"hilton hotel in atlantic city nj",5
"hilton hotel in atlantic city, nj",1
"hilton hotel in atlantic city,new jersey",2
"hilton hotel in atlantic city,nj",1
"hilton hotel located in atlantic city nj",1
"hilton hotel rooms atlantic city",1
"hilton hotel spa atlantic city",1
"hilton hotel, atlantic city",4
"hilton hotel, atlantic city, new jersey",1
"hilton hotel,atlantic city",1
"hilton hotel,atlantic city,nj",1
"history of resorts atlantic city casino hotel",1
"history of traymore hotel atlantic city",2
"history or resorts atlantic city casino hotel",1
"holiday in boardwalk hotel in atlantic city nj",1
"holiday inn boardwalk hotel in atlantic city new jersey",2
"holiday inn hotel at atlantic city",5
"holiday inn hotel atlantic city nj",5
"holiday inn hotel deals in atlantic city nj",1
"holiday inn hotel in atlantic city",1
"holiday inn hotel in atlantic city new jersey",4
"hollowell hotel atlantic city",2
"holmhurst hotel atlantic city",1
"holmhurst hotel atlantic city,nj",9
"hotel accommodation in atlantic city",2
"hotel accomodation in atlantic city",1
"hotel airfare charters to atlantic city nj",2
"hotel and atlantic city nj",1
"hotel and casino atlantic city",3
"hotel and casino atlantic city new jersey",1
"hotel and casino in atlantic city",10
"hotel and casino in atlantic city new jersey",2
"hotel and casinos in atlantic city new jersey",4
"hotel and motel in atlantic city nj",4
"hotel at atlantic city nj",4
"hotel atlantic city",84
"hotel atlantic city airport area",1
"hotel atlantic city em salvador",12
"hotel atlantic city in new jersey",4
"hotel atlantic city n j",1
"hotel atlantic city new jersey",17
"hotel atlantic city nj",12
"hotel atlantic city nj shows concerts",7
"hotel atlantic city pets",1
"hotel atlantic city, nj",1
"hotel atlantic palace fanta fe resorts atlatic city",1
"hotel bargota in atlantic city",1
"hotel bargota in atlantic city new jersey",2
"hotel berkeley atlantic city new jersey 1900",3
"hotel berkley atlantic city",2
"hotel berkley atlantic city new jersey 1900",1
"hotel boardwalk atlantic city",4
"hotel boardwalk map atlantic city nj",1
"hotel borgata atlantic city nj",1
"hotel brigantine atlantic city",1
"hotel cacinos atlantic city",1
"hotel casino atlantic city",16
"hotel casino atlantic city new jersey",10
"hotel casino in atlantic city",3
"hotel casino in atlantic city new jersey",3
"hotel casino job atlantic city new jersey",1
"hotel casino phone numbers atlantic city new jersey",2
"hotel casinos atlantic city",4
"hotel casinos in atlantic city",3
"hotel casinos in atlantic city new jersey",22
"hotel casinos in atlantic city nj",1
"hotel ceasar in atlantic city",1
"hotel ceasar offerts in atlantic city",1
"hotel com atlantic city nj",1
"hotel costs for sheraton in atlantic city nj",1
"hotel coupon of holiday inn atlantic city",2
"hotel coupons atlantic city",3
"hotel critic, atlantic city",3
"hotel deal in atlantic city",7
"hotel deals at the tropicana atlantic city",1
"hotel deals atlantic city casinos",5
"hotel deals for atlantic city",2
"hotel deals in atlantic city",19
"hotel deals in atlantic city nj",3
"hotel deeals in atlantic city",1
"hotel directions to atlantic city nj",1
"hotel discounts atlantic city",2
"hotel discounts in atlantic city",4
"hotel entertainment in atlantic city new jersey",1
"hotel extended stay atlantic city airport area",4
"hotel for atlantic city",4
"hotel getaways atlantic city",1
"hotel hilton atlantic city",3
"hotel holiday inn express atlantic city",5
"hotel housekeeping jobs atlantic city nj",6
"hotel in atlantic city",103
"hotel in atlantic city 4 mile from the boardwalk",4
"hotel in atlantic city new jersey",6
"hotel in atlantic city new yerey",2
"hotel in atlantic city nj",30
"hotel in atlantic city nj on route 30",6
"hotel in atlantic city ny",7
"hotel in atlantic city ny 5 miles from the broadwalk",2
"hotel in atlantic city taj mahal",3
"hotel in atlantic city with gombling",4
"hotel in casino atlantic city",2
"hotel job in atlantic city",2
"hotel kentucky ave atlantic city",2
"hotel kentucky ave atlantic city nj",2
"hotel kentucky avenue atlantic city",1
"hotel listing atlantic city, nj",1
"hotel locations in atlantic city",2
"hotel map atlantic city",4
"hotel map in atlantic city",5
"hotel map in atlantic city new jersey",2
"hotel map of atlantic city nj",1
"hotel map of atlantic city nj tropicana hotel",2
"hotel maps of boardwalk atlantic city",1
"hotel motel atlantic city new jersey",2
"hotel motel directory atlantic city, nj",2
"hotel motel telephone directory atlantic city, nj",1
"hotel motels atlantic city",1
"hotel near atlantic city",8
"hotel near atlantic city airport",1
"hotel near atlantic city new jersey",1
"hotel near boardwalk hall atlantic city",1
"hotel night atlantic city",2
"hotel of atlantic city",6
"hotel of atlantic city nj",10
"hotel of atlantic city nj official",4
"hotel of atlantic city nv",1
"hotel on pacific ave in atlantic city nj",2
"hotel on the boardwalk in atlantic city",1
"hotel package in atlantic city",1
"hotel packages in atlantic city",1
"hotel packages in atlantic city , new jersey",3
"hotel packages in atlantic city nj",1
"hotel phone numbers in atlantic city",3
"hotel price listings in atlantic city nj",1
"hotel prices atlantic city",8
"hotel prices in atlantic city",1
"hotel projects atlantic city pier going out to ocean",1
"hotel rates for atlantic city",3
"hotel rates in atlantic city",11
"hotel reservation atlantic city",5
"hotel reservation in atlantic city nj",4
"hotel reservations atlantic city",9
"hotel reservations atlantic city on the boardwalk",4
"hotel reservations in atlantic city",8
"hotel reservations in atlantic city nj",1
"hotel reservations resorts atlantic city",1
"hotel resorts in atlantic city",5
"hotel reviews in atlantic city",4
"hotel room and casinos atlantic city",1
"hotel room atlantic city",1
"hotel room in atlantic city",4
"hotel room in atlantic city new jersey",9
"hotel room near atlantic city new jersey",2
"hotel rooms atlantic city",1
"hotel rooms atlantic city casino",2
"hotel rooms atlantic city new jersey",3
"hotel rooms atlantic city, new jersey",5
"hotel rooms in atlantic city",15
"hotel rooms in atlantic city casinos",1
"hotel rooms in atlantic city new jersey",21
"hotel rooms in atlantic city nj",1
"hotel rooms in atlantic city on the boardwalk",2
"hotel rooms in atlantic city, nj",1
"hotel rooms to atlantic city june 15 and 16, 2007",1
"hotel sheraton atlantic city nj",1
"hotel shows in atlantic city nj",1
"hotel soaps atlantic city",1
"hotel spa atlantic city",1
"hotel specials at taj mahal in atlantic city new jersey",2
"hotel specials, atlantic city",4
"hotel stay atlantic city",3
"hotel suite atlantic city new jersey",1
"hotel suites atlantic city new jersey",3
"hotel suites in atlantic city",3
"hotel suites in atlantic city new jersey",25
"hotel suites in atlantic city,nj",1
"hotel super 8 atlantic city",6
"hotel sweats in atlantic city",2
"hotel taj mahal atlantic city",2
"hotel taj mahal en atlantic city",1
"hotel tajmohal atlantic city",1
"hotel traymont atlantic city",1
"hotel traymore atlantic city",3
"hotel tropicana atlantic city",1
"hotel tropicana atlantic city new jersey",4
"hotel tropicana in atlantic city new jersey",5
"hotel vacancy in atlantic city",10
"hotel wedding atlantic city",3
"hotel with jacuzzi in room atlantic city n",1
"hotel with jacuzzi in room atlantic city nj",1
"hotel+atlantic city",1
"hotels in atlantic city and hotel address",1
"hotels in atlantic city and hotel adeesee",1
"hotels in atlantic city and hotel adreesess",1
"how to get cheaper hotel rates in atlantic city",4
"howard johnson hotel - atlantic city",2
"howard johnson hotel @ atlantic city",1
"howard johnson hotel atlantic city",8
"howard johnson hotel atlantic city atlantic city nj",4
"howard johnson hotel atlantic city n j",4
"howard johnson hotel atlantic city new jersey",5
"howard johnson hotel atlantic city nj",4
"howard johnson hotel in atlantic city",2
"howard johnson hotel in atlantic city,n.j.",1
"howard johnson hotel, atlantic city, nj",1
"howard johnson inn atlantic city hotel reservations",1
"howard jonson hotel atlantic city",2
"hyatt hotel atlantic city",1
"imax theater at tropicana hotel in atlantic city",1
"imax theatre tropicanna hotel atlantic city nj",1
"imploding the sands hotel in atlantic city",1
"in atlantic city the rainforest cafe is in what hotel",1
"indoor swimming pool in tropicana hotel in atlantic city",1
"international hotel atlantic city",2
"internet access atlantic city hotel",2
"is there a tuscany hotel in atlantic city, nj",2
"italian singer singing at a hotel in atlantic city nj",2
"jacuzzi fireplace hotel room atlantic city nj",1
"jacuzzi hotel rooms in atlantic city nj",2
"jacuzzi in hotel in atlantic city",1
"job opportunities at the sand hotel in atlantic city summer",1
"kbtoytropicana hotel atlantic city new jersey",1
"kid friendly hotel in atlantic city nj",2
"killarney hotel in atlantic city new jersey",4
"knights inn hotel in atlantic city nj",5
"kosher hotel atlantic city",4
"la renaissance all suite hotel atlantic city",4
"la renaissance hotel atlantic city",6
"la renaissance hotel in atlantic city",9
"la renissance hotel in atlantic city",2
"la samana hotel atlantic city",1
"la samana hotel near atlantic city",1
"la sammana hotel in atlantic city, nj",2
"la semana hotel atlantic city",1
"la semana hotel in atlantic city",1
"la semana hotel near atlantic city",1
"la semanna hotel in atlantic city",1
"la semmanna hotel near atlantic city",1
"larenathon hotel in atlantic city",1
"last minute deals and hotel atlantic city",2
"last minute getaway to atlantic city nj hotel",2
"last minute hotel atlantic city",6
"last minute hotel bargins in atlantic city new jersery",5
"last minute hotel deals, atlantic city",12
"last minute hotel discounts atlantic city nj",1
"le renaissance hotel in atlantic city,nj",3
"le rennasance hotel atlantic city",1
"lido hotel atlantic city",4
"lido hotel atlantic city new jersey",5
"list of hotel in boardwalk at atlantic city",6
"location of the borgata hotel casino in atlantic city nj",3
"lockard hotel atlantic city nj.",12
"looking for hotel in atlantic city",1
"lowrates for hotel rooms in atlantic city nj",1
"luxary hotel suits in atlantic city nj",1
"luxary hotel suits with jacuzzies in atlantic city nj",1
"luxury hotel in atlantic city",1
"luxury inn hotel atlantic city nj",2
"madison hotel atlantic city",11
"madison hotel atlantic city new jersey",1
"madison house hotel atlantic city nj",2
"madison house hotel atlantic city,nj",2
"manager atlantic city hilton hotel",10
"manager atlantic city hotel",2
"map of hotel locations on boardwalk atlantic city nj",3
"maps new jersey atlantic city hotel",2
"mardis gras hotel, atlantic city,nj",4
"marina hotel and casino atlantic city nj",1
"mariott hotel atlantic city nj",2
"marriot hotel atlantic city",1
"marriot hotel atlantic city new jersey",1
"marriot hotel in atlantic city",5
"marriot hotel in atlantic city new jersey",8
"marriot hotel un atlantic city",1
"marriott hotel at philadelphia pa and atlantic city nj",4
"marriott hotel atlantic city",6
"marriott hotel atlantic city new jersey",3
"marriott hotel atlantic city nj",2
"marriott hotel in atlantic city",6
"marriott seaview hotel atlantic city nj",1
"marrott hotel atlantic city",1
"mayflower hotel atlantic city",5
"mayflower hotel atlantic city 1974",6
"mayflower hotel atlantic city demolition",6
"mgm atlantic city hotel",1
"mgm hotel and casino atlantic city",3
"millenium hotel atlantic city",1
"morton hotel in atlantic city",1
"mortonsteak house in caesars hotel in atlantic city",1
"mortons steak house in caesars hotel in atlantic city",1
"most luxurious hotel in atlantic city",1
"motel hotel atlantic city new jersey",2
"motel hotel atlantic city nj",4
"nearest hotel in atlantic city",10
"new casino hotel in atlantic city",2
"new hotel atlantic city",1
"new hotel casino in atlantic city",1
"new hotel construction atlantic city pier",1
"new hotel projects atlantic city pier going out to ocean",2
"new jeresy atlantic city hotel and casino",4
"new jersey atlantic city four and half hotel and casino",2
"new jersey boxing match atlantic city borgata hotel",1
"new jersey hotel casino atlantic city",3
"new jersey hotel casino atlantic city harrah",3
"new years 2007 atlantic city hotel deals",2
"new years eve hotel deal in atlantic city",1
"new years eve hotel parties in atlantic city new jersey",2
"new york atlantic city bus hotel pack",1
"new york atlantic city bus hotel package",5
"news on the sands hotel in atlantic city",11
"night clubs in the tropicana hotel resort atlantic city",6
"night clubs in tropicana hotel atlantic city",6
"nights inn hotel in atlantic city nj",1
"nj atlantic city hotel free parking",5
"nj atlantic city resort hotel casino",4
"nj atlantic city resorts hotel casino",6
"njea convention atlantic city hotel room rates",6
"non casino atlantic city hotel ratings",2
"number of hotel rooms in atlantic city",2
"number to the borgata hotel in atlantic city",3
"ocean city hotels atlantic hotel",1
"ocean city maryland atlantic hotel",5
"ocean city md all the hotel in atlantic ave",1
"ocean city md atlantic hotel",8
"ocean house hotel atlantic city",2
"ocean view hotel casino atlantic city",5
"official website hilton hotel and casino atlantic city",2
"package deal for atlantic city nj gamble hotel",3
"package deals for hotel in atlantic city",1
"palace hotel atlantic city",8
"paris hotel atlantic city",5
"pennsylvania ave hotel atlantic city",1
"pet allowed hotel atlantic city",3
"pet friendly motels lodges hotel west atlantic city",1
"photo showboat hotel room atlantic city",6
"photos borgata hotel atlantic city nj",5
"picture of the outside of sands hotel in atlantic city",4
"pictures of flagship hotel atlantic city",6
"pictures of hoilday inn hotel in atlantic city",2
"pictures of holiday inn hotel in atlantic city",1
"pictures of rooms at the sands hotel in atlantic city",1
"pictures of tropicana atlantic city hotel rooms",2
"pink flamingo hotel atlantic city",1
"pkg. deals in atlantic city hotel on boardwalk",1
"price of sands casino  hotel in atlantic city",1
"primaver restaurant in caesars hotel in atlantic city",1
"primavera restaurant in caesars hotel in atlantic city",1
"private hotel room stripper atlantic city",2
"quality hotel atlantic city",15
"quality hotel bayside atlantic city",5
"quality hotel bayside in atlantic city",2
"quality hotel bayside resort atlantic city",2
"quality hotel bayside resort atlantic city reviews",6
"quality hotel bayside resort west atlantic city new jersey",2
"quality hotel bayside resort, atlantic city",1
"quality hotel in west atlantic city",1
"quality hotel west atlantic city",6
"quality inn hotel atlantic city",1
"quality inn hotel, atlantic city",1
"raddison hotel in atlantic city new jersey",2
"radison hotel atlantic city",1
"radison hotel atlantic city new jersey",1
"radisson hotel atlantic city",2
"radisson hotel in atlantic city new jersey",1
"ramada hotel atlantic city",4
"ramada limited hotel 8037 black horse pike atlantic city",1
"ramada limited hotel in atlantic city",2
"ramada limited hotel in west atlantic city",2
"ramada west atlantic city hotel, pleasantville nj",1
"ramanda limited hotel in atlantic city",1
"reasonable hotel on the boardwalk in atlantic city nj",1
"reasonable price hotel in atlantic city new jersey",2
"red carpet inn hotel atlantic city",2
"red roof hotel, atlantic city",1
"regatta hotel and casino atlantic city nj",1
"regatta hotel atlantic city",2
"regatta hotel atlantic city nj",2
"regionals hotel casino in atlantic city nj",1
"rendezous hotel atlantic city",1
"rendezvous hotel atlantic city",1
"rental van hotel atlantic city dover downs",2
"rental van hotel package rate atlantic city dover downs",1
"reservations hilton hotel atlantic city nj",1
"resoerts casino hotel atlantic city",2
"resort atlantic city casino hotel",5
"resort casino and hotel atlantic city",1
"resort casino and hotel located in atlantic city nj",1
"resort casino hotel atlantic city",19
"resort hotel atlantic city",20
"resort hotel atlantic city nj",1
"resort hotel in atlantic city",9
"resort hotel in atlantic city nj",2
"resorts atlantic city casino and hotel",1
"resorts atlantic city casino hotel",21
"resorts atlantic city hotel",9
"resorts atlantic city hotel and casino",1
"resorts cacino hotel atlantic city",2
"resorts casino and hotel in atlantic city",2
"resorts casino atlantic city hotel",1
"resorts casino hotel address in atlantic city nj",2
"resorts casino hotel atlantic city",85
"resorts casino hotel atlantic city nj",9
"resorts casino hotel in atlantic city",3
"resorts casino hotel in atlantic city nj",1
"resorts casino hotel in atlantic city pull out sofa",1
"resorts casino hotel in atlantic city sofa",1
"resorts hotel and casino atlantic city",8
"resorts hotel and casino atlantic city n.j.",2
"resorts hotel and casino atlantic city new jeresy",1
"resorts hotel and casino atlantic city new jersey",1
"resorts hotel and casino atlantic city, nj",1
"resorts hotel and casino in atlantic city",5
"resorts hotel and casino in atlantic city nj",10
"resorts hotel and legends entertainment in atlantic city",2
"resorts hotel atlantic city",82
"resorts hotel atlantic city nj",34
"resorts hotel casino atlantic city",5
"resorts hotel casino atlantic city customer complaint",3
"resorts hotel casino atlantic city nj",4
"resorts hotel casinos atlantic city .com",2
"resorts hotel in atlantic city",18
"resorts hotel in atlantic city new jersey",1
"resorts hotel in atlantic city nj",1
"resorts hotel in atlantic city, new jersey",2
"resorts hotel sasino atlantic city",1
"resorts hotel, atlantic city",2
"resorts hotel, atlantic city, nj",2
"resorts hotel,atlantic city,nj",1
"resorts international casino hotel atlantic city",1
"resorts international casino hotel atlantic city nj",3
"resorts international hotel in atlantic city",2
"resortsinternational hotel and casino atlantic city",1
"restorts hotel atlantic city",1
"resturants borgota hotel atlantic city new jersey",1
"resturants in borgata hotel and casino in atlantic city nj",6
"review of bally''''s atlantic city hotel",1
"review tropicana hotel atlantic city nj",1
"review tropicanna hotel atlantic city nj",1
"reviews for tropicana casino and hotel atlantic city",2
"riviera hotel atlantic city",2
"rod stewart concert borgata hotel in atlantic city nj",4
"romantic hotel rooms in atlantic city",2
"romantic jacuzzi hotel rooms in atlantic city new jersey",4
"route 18 to atlantic city hilton hotel",3
"royal suites atlantic palace hotel atlantic city",4
"royal suites hotel atlantic city",1
"royal suites hotel atlantic city nj",2
"royal suites hotel atlantic palace atlantic city",3
"sam town hotel atlantic city",4
"samantha hotel brigantine atlantic city",1
"samat hotel brigantine atlantic city",1
"samatha hotel brigantine atlantic city",1
"sand hotel atlantic city",1
"sand hotel atlantic city nj",2
"sand hotel in atlantic city",1
"sands atlantic city hotel",6
"sands atlantic city hotel bath amenities",2
"sands atlantic city hotel bathroom amenities",1
"sands atlantic city hotel room amenities and toiletries",1
"sands casino and hotel atlantic city",11
"sands casino and hotel atlantic city new jersey",1
"sands casino and hotel atlantic city nj",5
"sands casino and hotel in atlantic city",2
"sands casino and hotel, atlantic city,nj",1
"sands casino atlantic city hotel",5
"sands casino hotel atlantic city",41
"sands casino hotel atlantic city ner jersey",2
"sands casino hotel atlantic city new jersey",1
"sands casino hotel atlantic city nj",17
"sands casino hotel atlantic city reviews",2
"sands casino hotel history atlantic city",8
"sands casino hotel in atlantic city",8
"sands casino hotel, atlantic city",2
"sands casnio hotel atlantic city",1
"sands hotel an caniso atlantic city nj",1
"sands hotel and casino , atlantic city new jersey",1
"sands hotel and casino ac atlantic city nj",1
"sands hotel and casino atlantic city",40
"sands hotel and casino atlantic city address",2
"sands hotel and casino atlantic city demolition",4
"sands hotel and casino atlantic city new jersey",11
"sands hotel and casino atlantic city nj",8
"sands hotel and casino atlantic city,nj",3
"sands hotel and casino in atlantic city",5
"sands hotel and casino in atlantic city nj",6
"sands hotel and casino, atlantic city new jersey",4
"sands hotel atlantic city",175
"sands hotel atlantic city address",2
"sands hotel atlantic city closing",4
"sands hotel atlantic city new jersey",10
"sands hotel atlantic city nj",42
"sands hotel atlantic city nj address",1
"sands hotel atlantic city nj casino",1
"sands hotel atlantic city official site",2
"sands hotel atlantic city room amenities",3
"sands hotel atlantic city telephone number",8
"sands hotel casino atlantic city",33
"sands hotel casino atlantic city nj",26
"sands hotel in atlantic city",26
"sands hotel in atlantic city nj",4
"sands hotel, atlantic city",3
"sanss hotel and casino atlantic city nj",3
"search atlantic city convention center 2csheraton hotel",1
"search atlantic city hotel",4
"shearonton hotel in atlantic city",1
"shearton hotel atlantic city new jersey",1
"shearton hotel in atlantic city",3
"sheratan hotel in atlantic city new jersey",1
"sherathon hotel in atlantic city new jersey",20
"sheraton atlantic beach hotel near morehead city",1
"sheraton atlantic beache hotel near morehead city",1
"sheraton atlantic city convention center hotel",21
"sheraton atlantic city convetion center hotel",1
"sheraton atlantic city hotel",22
"sheraton atlantic city hotel convention center",2
"sheraton hotel and convention center atlantic city",2
"sheraton hotel atlantic city",74
"sheraton hotel atlantic city convention",15
"sheraton hotel atlantic city employment",4
"sheraton hotel atlantic city n.j",8
"sheraton hotel atlantic city new jersey",10
"sheraton hotel atlantic city nj",19
"sheraton hotel atlantic city phone number",2
"sheraton hotel atlantic city westcom",1
"sheraton hotel convention center atlantic city nj",2
"sheraton hotel in atlantic city",15
"sheraton hotel in atlantic city new jersey",8
"sheraton hotel in atlantic city nj",3
"sheraton hotel, atlantic city",8
"sheraton hotel, atlantic city, blackhorse pike",2
"sheraton west hotel in atlantic city",2
"sherdon hotel atlantic city",3
"sherdon hotel atlantic city pone number",1
"sheridan hotel + atlantic city",2
"sheridan hotel atlantic city new jersey",1
"sheridan hotel in atlantic city",2
"sheriton hotel in atlantic city n.j.",3
"sherton hotel atlantic city",1
"sherton west hotel in atlantic city",2
"show boat atlantic city casino hotel",1
"show boat hotel and casino atlantic city nj",2
"show boat hotel atlantic city",1
"show me pictures inside bally''''s hotel in atlantic city",4
"showboal hotel atlantic city",3
"showboat asino hotel atlantic city nj",1
"showboat atlantic city casino hotel",3
"showboat atlantic city hotel",1
"showboat atlantic city hotel casino",3
"showboat atlantic city hotel room",5
"showboat casino and hotel at atlantic city nj",1
"showboat casino and hotel i9n atlantic city nj",1
"showboat casino and hotel in atlantic city",2
"showboat casino hotel - atlantic city",1
"showboat casino hotel atlantic city",16
"showboat casino hotel atlantic city nj",4
"showboat casino hotel atlantic city personnel",1
"showboat casino hotel in atlantic city new jersey",1
"showboat casino hotel in atlantic city nj",1
"showboat casino hotel, atlantic city",2
"showboat hotel and atlantic city nj",1
"showboat hotel and casino atlantic city",9
"showboat hotel and casino atlantic city nj",1
"showboat hotel and casino in atlantic city",5
"showboat hotel and casino in atlantic city nj",2
"showboat hotel atlantic city",52
"showboat hotel atlantic city nj",9
"showboat hotel bowling alley atlantic city",2
"showboat hotel casino atlantic city",17
"showboat hotel casino atlantic city nj",4
"showboat hotel casino boardwalk atlantic city nj",1
"showboat hotel casino in atlantic city nj",12
"showboat hotel in atlantic city",27
"showboat hotel in atlantic city new jersey",1
"showboat hotel in atlantic city nj",7
"showboat hotel in atlantic city, new jersey",1
"showboat hotel rooms in atlantic city",5
"showboat hotel, atlantic city",3
"showboat hotel, atlantic city, new jersey",1
"shows at hotel casino in atlantic city",1
"showsat atlantic city casino at claridge hotel",6
"showtime hotel atlantic city nj",1
"sjeraton hotel atlantic city convention center nj",3
"skyline hotel atlantic city",3
"skyline hotel atlantic city njcom",1
"sounds of philadelphia tropicana hotel atlantic city",1
"special deals at bally''''s hotel atlantic city",2
"special deals at ballys hotel atlantic city",2
"stankovic resorts casino and hotel atlantic city",3
"star hotel atlantic city new jersey",2
"staybridge suites hotel atlantic city",1
"strand hotel atlantic city nj",1
"street address for the borgata hotel in atlantic city",2
"sukkot hotel atlantic city",1
"sunset bay hotel atlantic city",2
"super 8 hotel atlantic city",4
"super 8 hotel atlantic city nj",1
"surfside hotel in atlantic city, nj",1
"surfside resort hotel atlantic city",8
"surfside resort hotel atlantic city nj",2
"surfside resort hotel, atlantic city,nj",1
"taj hotel atlantic city",1
"taj hotel in atlantic city",1
"taj mahal atlantic city hotel",7
"taj mahal casino hotel atlantic city nj",2
"taj mahal hotel and casino atlantic city",9
"taj mahal hotel and casino in atlantic city",1
"taj mahal hotel atlantic city",43
"taj mahal hotel atlantic city new jersey",2
"taj mahal hotel atlantic city nj",7
"taj mahal hotel casino atlantic city",4
"taj mahal hotel in atlantic city",28
"taj mahal hotel in atlantic city new jersey",2
"taj mahal hotel in atlantic city nj.",1
"taj mahal hotel in atlantic city, new jersey",1
"taj mahal hotel, atlantic city",1
"taj mahal hotel, atlantic city, n.j.",1
"taj mahal hotel, atlantic city, nj",1
"taj mahaul hotel in atlantic city",1
"taj majal hotel atlantic city",1
"taj majhal hotel in atlantic city",2
"tal mahal hotel in atlantic city,new jersey",1
"tell meabout the tuscan hotel in atlantic city, nj",3
"tha tropicana hotel loc atlantic city nj",1
"the ""ceasar hotel"" in atlantic city",2
"the atlantic city borgata hotel",1
"the atlantic hotel in ocean city maryland",2
"the atlantic hotel ocean city md",2
"the atlantic hotel, ocean city, md",1
"the boardwalk hotel atlantic city",3
"the boardwalk hotel in atlantic city",3
"the bogota hotel in atlantic city",6
"the bogota hotel in atlantic city nj",2
"the borgata casino hotel atlantic city jobs",1
"the borgata hotel - atlantic city",1
"the borgata hotel and casino in atlantic city",3
"the borgata hotel and casino in atlantic city, nj",1
"the borgata hotel atlantic city",1
"the borgata hotel atlantic city directions from brooklyn",2
"the borgata hotel casino is located in atlantic city",2
"the borgata hotel in atlantic city",4
"the borgata hotel in atlantic city, new jersey",2
"the borgatta hotel in atlantic city",1
"the brighton hotel atlantic city",2
"the ceasar hotel in atlantic city",1
"the chelsea hotel atlantic city",4
"the chelsea hotel atlantic city nj",1
"the claridge hotel in atlantic city",5
"the end of the dove hotel atlantic city nj",6
"the flagship hotel in atlantic city n j",2
"the harrahs hotel atlantic city",1
"the hilton hotel casino atlantic city",1
"the howard johnson hotel in atlantic city",3
"the luxury inn hotel located in atlantic city new jersey",1
"the oaks in hilton hotel atlantic city",2
"the old killarney hotel - atlantic city new jersey",1
"the quarter at the tropicana hotel in atlantic city",1
"the quarter tropicana hotel atlantic city",1
"the resort hotel and casino located in atlantic city nj",15
"the royal suites hotel atlantic city nj",1
"the sands atlantic city casino and hotel",1
"the sands hotel casino atlantic city",1
"the sands hotel in atlantic city",1
"the sands hotel rooms of pictures in atlantic city",1
"the sheraton hotel in atlantic city",3
"the showboat hotel atlantic city",1
"the tropacana hotel in atlantic city, new jersey",4
"the tropican hotel atlantic city new jersey",3
"the tropicana hotel and casino atlantic city nj",6
"the tropicana hotel and resort in atlantic city nj",5
"the tropicana hotel atlantic city",3
"the tropicana hotel in atlantic city",2
"the tropicana hotel in atlantic city nj",6
"the tropicana hotel in atlantic city, new jersey",6
"the trump regency hotel in atlantic city",1
"three star hotel in atlantic city",1
"thrump hotel atlantic city",1
"tom jones at hilton hotel, atlantic city, nj",2
"top atlantic city hotel casinos",8
"top hotel atlantic city",2
"topican hotel in atlantic city",3
"topicanna hotel atlantic city",1
"topicanna hotel in atlantic city",2
"toropicania hotel atlantic city",4
"tower atlantic city trump plaza hotel and casino",1
"trapicana hotel in atlantic city",6
"travel lodge hotel atlantic city new jersey",1
"traymont hotel atlantic city",1
"traymore hotel + atlantic city",3
"traymore hotel + atlantic city + army basic training + 1941",1
"traymore hotel atlantic city",15
"traymore hotel atlantic city history",1
"traymore hotel atlantic city ireland",1
"traymore hotel atlantic city turner",2
"traymore hotel built in atlantic city",3
"traymore hotel history in atlantic city",2
"traymore hotel in atlantic city new jersey",2
"traymore hotel ireland atlantic city",2
"traymore hotel owner atlantic city",4
"tropacana hotel casino atlantic city",1
"tropacana hotel in atlantic city",4
"tropcana hotel atlantic city",1
"tropiacanna hotel atlantic city nj",1
"tropiana hotel atlantic city new jersey",1
"tropica hotel atlantic city",1
"tropica hotel atlantic city nj",1
"tropica hotel in atlantic city nj",5
"tropican hotel and casino atlantic city",1
"tropican hotel atlantic city",10
"tropican hotel atlantic city new jersey",1
"tropican hotel atlantic city nj",9
"tropican hotel in atlantic city",2
"tropicana ""hotel atlantic city""",9
"tropicana atlantic city hotel",10
"tropicana atlantic city hotel and casino",3
"tropicana atlantic city hotel room",1
"tropicana casino  hotel in atlantic city, nj",3
"tropicana casino  hotel in atlantic city, nj photos",8
"tropicana casino and hotel atlantic city",9
"tropicana casino and hotel atlantic city new jersey",1
"tropicana casino and hotel atlantic city nj",8
"tropicana casino and hotel in atlantic city",4
"tropicana casino and hotel in atlantic city new jersey",1
"tropicana casino and hotel in atlantic city nj",1
"tropicana casino hotel atlantic city",9
"tropicana casino hotel atlantic city new jersey",1
"tropicana casino hotel atlantic city nj",12
"tropicana casino hotel atlantic city nj boxing",4
"tropicana casino hotel in atlantic city",2
"tropicana hotel  casino atlantic city",6
"tropicana hotel + atlantic city nj",1
"tropicana hotel - atlantic city",1
"tropicana hotel and casino ,atlantic city, n.j.",1
"tropicana hotel and casino at atlantic city",1
"tropicana hotel and casino atlantic city",70
"tropicana hotel and casino atlantic city new jersey",4
"tropicana hotel and casino atlantic city nj",19
"tropicana hotel and casino atlantic city njcom",2
"tropicana hotel and casino atlantic city poker room phone",4
"tropicana hotel and casino in atlantic city",19
"tropicana hotel and casino in atlantic city new jersey",2
"tropicana hotel and casino in atlantic city nj",6
"tropicana hotel and casino in new jeresy atlantic city",1
"tropicana hotel and casino, atlantic city",3
"tropicana hotel and casino, atlantic city, n.j.",2
"tropicana hotel and casino, atlantic city, nj",2
"tropicana hotel and casion in atlantic city",1
"tropicana hotel and cosino, atlantic city, n.j.",1
"tropicana hotel and resort atlantic city nj",3
"tropicana hotel atlantic city",471
"tropicana hotel atlantic city boxing",7
"tropicana hotel atlantic city coupon",3
"tropicana hotel atlantic city deals",1
"tropicana hotel atlantic city havana tower",1
"tropicana hotel atlantic city jobs",1
"tropicana hotel atlantic city latin lounge",1
"tropicana hotel atlantic city latin tapas",1
"tropicana hotel atlantic city new jersey",29
"tropicana hotel atlantic city nj",115
"tropicana hotel atlantic city nj stage shows",4
"tropicana hotel atlantic city shows",2
"tropicana hotel atlantic city south tower",2
"tropicana hotel atlantic city, nj",1
"tropicana hotel atlantic, city",1
"tropicana hotel casino atlantic city",35
"tropicana hotel casino atlantic city nj",14
"tropicana hotel casino, atlantic city nj",1
"tropicana hotel in atlantic city",156
"tropicana hotel in atlantic city new jersey",16
"tropicana hotel in atlantic city nj",23
"tropicana hotel in atlantic city nj swimming pool",1
"tropicana hotel in atlantic city nj the indoor swimming pool",1
"tropicana hotel in atlantic city reviews",4
"tropicana hotel in atlantic city, n.j.",1
"tropicana hotel in atlantic city, nj",2
"tropicana hotel in atlantic city,nj",2
"tropicana hotel in atlantic city,nj.",1
"tropicana hotel of atlantic city",1
"tropicana hotel pictures atlantic city new jersey",2
"tropicana hotel resort atlantic city",12
"tropicana hotel, atlantic city",13
"tropicana hotel, atlantic city new jersey",8
"tropicana hotel, atlantic city nj",1
"tropicana hotel, atlantic city, new jersey",3
"tropicana hotel, atlantic city, nj",3
"tropicana hotel, atlantic city,new jersey",1
"tropicana resorts hotel in atlantic city",1
"tropicanan hotel and casino atlantic city",1
"tropicanas hotel and casino in atlantic city",1
"tropicanca hotel atlantic city",8
"tropicanca hotel, atlantic city",2
"tropicania hotel atlantic city",2
"tropicanna hotel and casino atlantic city new jersey",2
"tropicanna hotel and spa atlantic city",2
"tropicanna hotel atlantic city",15
"tropicanna hotel atlantic city nj",1
"tropicanna hotel casino atlantic city",2
"tropicanna hotel in atlantic city",2
"tropicanna hotel in atlantic city official site",1
"tropicano casino hotel atlantic city",2
"tropicano hotel atlantic city",1
"tropicano hotel in atlantic city",1
"tropiciana hotel and resort atlantic city nj",1
"tropiciana hotel atlantic city",1
"tropiciana hotel atlantic city nj",6
"tropiciana hotel atlantic city, nj",2
"tropiciana hotel casino atlantic city",1
"tropincana hotel and casino atlantic city",2
"tropocanna hotel atlantic city",1
"troprica hotel in atlantic city",1
"trpican hotel and casino atlantic city",1
"trpicana hotel atlantic city",2
"trpoicana hotel in atlantic city nj",2
"trropicana hotel and casino atlantic city",2
"trrump plaza hotel and casino in atlantic city pool images",1
"trumo hotel and casino atlantic city nj",2
"trumo plaza hotel and casino atlantic city",1
"trump atlantic city hotel",2
"trump casino and hotel atlantic city",3
"trump casino hotel atlantic city nj",1
"trump hotel and casino atlantic city",2
"trump hotel and casino atlantic city nj",1
"trump hotel atlantic city",51
"trump hotel atlantic city nj",7
"trump hotel casino atlantic city",7
"trump hotel casino atlantic city nj",1
"trump hotel events atlantic city",2
"trump hotel in atlantic city",6
"trump hotel in atlantic city nj",3
"trump hotel review atlantic city",1
"trump marina casino and hotel in atlantic city",1
"trump marina casino hotel atlantic city",8
"trump marina hotel and casino atlantic city",3
"trump marina hotel and casino in atlantic city",1
"trump marina hotel atlantic city",5
"trump marina hotel atlantic city nj",1
"trump marina hotel in atlantic city",15
"trump marino hotel and casino atlantic city",3
"trump plaza casino hotel atlantic city",1
"trump plaza casino hotel atlantic city new jersey",1
"trump plaza hotel  casino in atlantic city",5
"trump plaza hotel and casino atlantic city",4
"trump plaza hotel and casino atlantic city nj",3
"trump plaza hotel and casino in atlantic city",5
"trump plaza hotel and casino in atlantic city / pool images",1
"trump plaza hotel and casino in atlantic city pool images",2
"trump plaza hotel and casino in atlantic city, n.j.",3
"trump plaza hotel and casino, atlantic city",1
"trump plaza hotel atlantic city",15
"trump plaza hotel atlantic city new jersey",1
"trump plaza hotel atlantic city nj",4
"trump plaza hotel casino atlantic city",4
"trump plaza hotel casino atlantic city employment",1
"trump plaza hotel casino in atlantic city",1
"trump plaza hotel in atlantic city",1
"trump plaza hotel in atlantic city new jersey",2
"trump taj hotel and atlantic city",1
"trump taj mahal hotel atlantic city",4
"trump taj mahal hotel atlantic city two night complimentary",6
"trump taj mahal hotel casino atlantic city nj",2
"trump taj mahal hotel in atlantic city",1
"trump towers hotel atlantic city",2
"trump towers hotel atlantic city official website",2
"trumph hotel atlantic city nj",1
"trumph hotel in atlantic city",1
"trumps hotel atlantic city",2
"trumps plaza casino hotel atlantic city",1
"trumps taj mahal casino and hotel in atlantic city nj",2
"trupp hotel atlantic city nj",3
"tshowsat atlantic city casino at claridge hotel",4
"valley hotel atlantic city",5
"valley hotel atlantic city new jersey",2
"valley hotel atlantic city nj",5
"valley hotel in atlantic city",1
"valleys hotel atlantic city",1
"valleys hotel in atlantic city",1
"vallys hotel atlantic city",4
"victorian hotel atlantic city",14
"view atlantic city hotel rooms",1
"vintage atlantic city hotel postcards",3
"vintage hotel soaps atlantic city nj",2
"web site for taj mahal hotel in atlantic city",3
"western hotel atlantic city nj",1
"westin hotel atlantic city",2
"what is the fanceast hotel in atlantic city nj",1
"what is the fanciest hotel in atlantic city nj",2
"what is the fancist hotel in atlantic city nj",1
"when will sands hotel atlantic city be demolished?",10
"when will the sands casino hotel reopen in atlantic city",2
"where can i find cheap hotel in atlantic city",1
"wild west hotel atlantic city",2
"wild wild west hotel atlantic city",15
"wilshire hotel atlantic city",4
"www atlantic city usa hotel hurrahs",4
"www tropicanacasino hotel atlantic city",6
"www. hotel atlantic city",1
"wyndham hotel atlantic city new jersey",5
"wyndham hotel in south jersey 5miles from atlantic city",3
