"""book keeping in the food service industry""",1
"""keeping you a secret"" book",6
"""keeping your trust one book at a time""",3
"""the keeping room"" book",4
"12th std accountancy and book keeping online",3
"1926 keeping fit health book",2
"4-h record book keeping papers",4
"4-h record book keeping papers in howard county",1
"abacus book keeping services",1
"about ""keeping you a secret"" book",1
"about the book keeping the moon by sarah dessen",1
"accounting and book keeping online course",1
"accounting auditing book keeping services",1
"accounting book choice first keeping",9
"accounting book entry free keeping one simple ware",1
"accounting book keeping",78
"accounting book keeping accounts payable accounts receivable",2
"accounting book keeping adminstrative assistance",2
"accounting book keeping nassau",4
"accounting book keeping services",6
"accounting book keeping sherman",7
"accounting book keeping syracuse new york",11
"accounting book keeping system services",1
"accounting or book keeping",11
"accounting or book keeping jobs",1
"accounting small business book keeping",4
"accounting software for house book keeping",1
"accounting system book keeping",3
"accounting system define book keeping",6
"accounting system fits or in book keeping",3
"accounting tax book keeping",2
"accounts book keeping",9
"accounts payable clerical book keeping",3
"administ and book keeping near pets",1
"administrating and book keeping near pets",1
"administrative and book keeping near pets",1
"administrator and book keeping near pets",1
"adminitrative and book keeping",1
"adult programs on accountin and book keeping in boston",1
"advice on book keeping",4
"advice on book keeping for small businesses",1
"advise on book keeping",2
"aguilars book keeping",3
"akron accounting book keeping system",1
"albumn keeping book",1
"allintitle book keeping book keeping is",3
"allintitle what is book keeping",3
"allintitle what is book keeping definition",3
"american girl book care and keeping of me",4
"american girl book care keeping",1
"american girl book keeping",2
"american girl book the safe keeping of you",2
"ancient greek culture and book keeping",2
"antique farming ranching bee keeping receipts book",2
"antique house keeping book",1
"aotomotive repair book keeping",1
"at home book keeping",1
"at home book keeping course",1
"austin accounting book keeping system",1
"automated book keeping services",2
"automotive repair book keeping",1
"automotive repair book keeping software",1
"avery book keeping",2
"avon book keeping",2
"balancing church money book keeping",2
"baldwin city book keeping service",1
"baseball score keeping book",1
"baseball score keeping book barnes and noble",1
"basic book dummy keeping",1
"basic book keeping",16
"basic book keeping  accountancy",1
"basic book keeping for business",2
"basic book keeping for small business",2
"basic book keeping software",31
"bbc book keeping package",6
"bee keeping book",7
"berkshire book keeping",1
"best small business book keeping software",1
"bhi book keeping las vegas",2
"biik keeping text book",2
"book course keeping online",1
"book double entry keeping mathematics",3
"book for keeping coupons",1
"book for keeping records",3
"book for keeping track of feedings daycare",1
"book home keeping simple",1
"book keeping",1219
"book keeping  accounting",5
"book keeping 101",4
"book keeping a p accounts payable",7
"book keeping a simplified guide",1
"book keeping account payable online free courses",1
"book keeping accountancy",1
"book keeping accounting",21
"book keeping accounting at home",5
"book keeping accounting receptionist cashier",18
"book keeping accounts payable",8
"book keeping accoutnting",3
"book keeping acount receiveable acount payable",22
"book keeping acount receiveable acount payable no experience",10
"book keeping admin",24
"book keeping advice",1
"book keeping and accountancy",3
"book keeping and accounting",2
"book keeping and accounting courses",1
"book keeping and accounting programs for a small business",1
"book keeping and accounting training programs in boston",10
"book keeping and accounts",1
"book keeping and accounts courses",6
"book keeping and financial record keeping terms",1
"book keeping and payroll services",3
"book keeping and pets",1
"book keeping and spreadsheets",1
"book keeping and tax preparation",1
"book keeping and tax services in dallas",5
"book keeping and tax services in oak cliff",4
"book keeping and tax services, buffalo ny",2
"book keeping and tax, crossville",2
"book keeping at home",2
"book keeping at san jacinto",1
"book keeping at the learning library",3
"book keeping award winning resume",2
"book keeping balance shee",1
"book keeping baltimore",2
"book keeping basics",2
"book keeping basket",1
"book keeping book",4
"book keeping boston",2
"book keeping buckhannon west virginia",6
"book keeping business from home",1
"book keeping cats",2
"book keeping cd",2
"book keeping cd for trucks",1
"book keeping cds",4
"book keeping cd`s",4
"book keeping certificate",3
"book keeping certification required oklahoma law",1
"book keeping cetificate",3
"book keeping chino california",3
"book keeping class",2
"book keeping class baltimore",6
"book keeping class internet",1
"book keeping classes",7
"book keeping classes fargo north dakota",2
"book keeping classes fargo north dakota night",1
"book keeping classes in san francisco",6
"book keeping clean agreement school",2
"book keeping clerks",1
"book keeping columbus ohio",7
"book keeping computer program",2
"book keeping concepts",2
"book keeping corpus christi texas",2
"book keeping course",29
"book keeping course at filton college",1
"book keeping course for partnership buisnesses",1
"book keeping course learn at home",2
"book keeping course liverpool",1
"book keeping courses",29
"book keeping courses cumbria uk",15
"book keeping courses in birmingham",1
"book keeping courses in ca",1
"book keeping crack",1
"book keeping data entry accounts manufacturing",6
"book keeping data entry accounts manufacturing searchbycity",4
"book keeping debits and credits",3
"book keeping delaware",1
"book keeping dept",1
"book keeping diagramcom",4
"book keeping do i have to be registerd",1
"book keeping duties",1
"book keeping east bethel minnesota",7
"book keeping england",1
"book keeping entry level",10
"book keeping evening classes chatteris",1
"book keeping exersices",3
"book keeping expenses methods",1
"book keeping for 501 c 3 organizations",2
"book keeping for a sole proprietership",3
"book keeping for a sole proprietorship",2
"book keeping for business",1
"book keeping for churches",1
"book keeping for doctors online",1
"book keeping for dumbies work book",2
"book keeping for dummies",4
"book keeping for hair stylist",2
"book keeping for multiple companies",1
"book keeping for off license",4
"book keeping for paper route",2
"book keeping for restaurants",5
"book keeping for self employed",2
"book keeping for small business",6
"book keeping for smell business",3
"book keeping form",4
"book keeping format",2
"book keeping forms",15
"book keeping forms example",1
"book keeping forms free",5
"book keeping forms software",1
"book keeping forms software free download",2
"book keeping fort worth texas",5
"book keeping fortworth texas",5
"book keeping free downloads",1
"book keeping free info templates",4
"book keeping from home",1
"book keeping glossary",1
"book keeping graphics",1
"book keeping greensboro north carolina",62
"book keeping hartford",2
"book keeping help",4
"book keeping home business",1
"book keeping home study course",5
"book keeping hourly rate",3
"book keeping houston texas",3
"book keeping in dorm room movie",2
"book keeping information",2
"book keeping job",1
"book keeping jobs",24
"book keeping jobs general columbia sc",1
"book keeping jobs general contractor",1
"book keeping jobs in cobb county ga.",3
"book keeping jobs in lancaster ca",1
"book keeping jobs in london",18
"book keeping jobs in slough",1
"book keeping jobs in solihull",2
"book keeping jobs london",3
"book keeping jobs va usa",6
"book keeping jobs va usa part time",1
"book keeping journal",3
"book keeping language",2
"book keeping las vegas nevada",27
"book keeping ledger",17
"book keeping ledger 10 column business dispursemsent",2
"book keeping ledger example",4
"book keeping ledgers",1
"book keeping lessons",2
"book keeping line",2
"book keeping logan utah",1
"book keeping london",2
"book keeping made easy",12
"book keeping made simple",1
"book keeping maryland",42
"book keeping mech.",2
"book keeping methods",3
"book keeping middle",2
"book keeping mobile home park",3
"book keeping mobile workstation",5
"book keeping multiple companies",1
"book keeping new york",12
"book keeping new york new york",3
"book keeping newark service",2
"book keeping notebooks",4
"book keeping notebooks for different occupations",3
"book keeping ohio",1
"book keeping on cd rom course",1
"book keeping on line",10
"book keeping online certificate course",1
"book keeping organization",1
"book keeping part time",11
"book keeping payables",1
"book keeping payroll accounts",2
"book keeping pittsburgh",1
"book keeping positions",9
"book keeping positions epsom",1
"book keeping principals",1
"book keeping principle",1
"book keeping program",11
"book keeping programs",4
"book keeping providence rhode island",1
"book keeping record",7
"book keeping records excel",1
"book keeping requirment",2
"book keeping responsibilitys",6
"book keeping resume",12
"book keeping ridgewood new jersey",3
"book keeping rocords for upholstery business",2
"book keeping salt lake city utah",3
"book keeping sample graphs",2
"book keeping school",1
"book keeping schools",2
"book keeping scranton",3
"book keeping seattle washington",72
"book keeping secretarial",3
"book keeping secrets by joan lowerly nixioin",1
"book keeping secrets by joan lowery nixon",4
"book keeping service",5
"book keeping service cash method",5
"book keeping services",10
"book keeping services boise",2
"book keeping services cincinnati ohio",2
"book keeping services hampshire",2
"book keeping services in york pa",2
"book keeping services london",3
"book keeping setting up a business",3
"book keeping sheet",1
"book keeping sheet com",1
"book keeping sheet diagram com",4
"book keeping small business",13
"book keeping sofeware",1
"book keeping soft ware",5
"book keeping software",100
"book keeping software for a small business",1
"book keeping software for multiple companies",1
"book keeping software for real state business",4
"book keeping software for small starting business",3
"book keeping software for small starting business home based",1
"book keeping software with taxes included",1
"book keeping softwares",2
"book keeping softwear",1
"book keeping solution",2
"book keeping solutions",3
"book keeping spreadsheets",3
"book keeping stockton california",3
"book keeping supplies",2
"book keeping system",6
"book keeping system for rentals",1
"book keeping systems",2
"book keeping tax returns",4
"book keeping template",4
"book keeping term",2
"book keeping test",1
"book keeping tip",1
"book keeping track of books",3
"book keeping training",3
"book keeping training and certification",1
"book keeping transcactions",2
"book keeping truck driver",1
"book keeping tutorial",1
"book keeping vacancies",3
"book keeping vacancy in brent",1
"book keeping work from home",2
"book keeping work from home with no upfront cost",4
"book keeping, inventory",3
"book keeping, small business, canada",1
"book on keeping fish",1
"book report on hannah montana ""keeping secrets""",2
"book reports on hannah montana ""keeping secrets""",4
"book review on hannah montana ""keeping secrets""",1
"book review ruth sidel keeping women and children last",8
"book reviews keeping in touch burke",6
"book summary on keeping faith by jodi picoult",2
"book the keeping place",3
"books book keeping",1
"books on accounting and book keeping",4
"bottom line book keeping",6
"bottom line book keeping bryan texas",1
"botton line book keeping",2
"bratz keeping'''' it real book",1
"buffalo book keeping",1
"business book keeping",13
"business book keeping saleing water software",1
"business book keeping software",4
"business book keeping water hauling",1
"business book keeping water hauling software",1
"business book keeping water saleing",1
"business keeping book",4
"business owner book keeping records",1
"business proposal foe book keeping",1
"businessname book keeping",1
"canadian institute of book keeping",1
"car record keeping book",6
"care and keeping of you book",4
"care and keeping of you the body book for girls",5
"care and keeping of you, the body book for girls",2
"care keeping body book",7
"care keeping you body book",15
"care keeping you body book girls",6
"care keeping you book",15
"career in book keeping",1
"careers in book keeping",2
"carpet cleaning book keeping software",2
"carpet cleaning business book keeping software",1
"cash book record keeping",3
"certification in book keeping course",2
"chatterton book keeping",3
"cheap book keeping courses in birmingham",1
"check book keeping",3
"check book keeping programs",7
"check book record keeping",1
"cheque record keeping book",1
"child care book keeping",1
"chris hewlett book keeping",3
"chrurch book keeping software",4
"church book keeping",6
"church book keeping software",1
"church book keeping sustem",1
"church book keeping system",5
"church income and expenditure book keeping",3
"classes given on book keeping at baltimore community college",2
"clearly book keeping",10
"clearly book keeping free downloads",2
"clearly book keeping free trial",4
"clerk book keeping accounting",6
"colleges that teach book keeping courses",6
"comercial sales book keeping software",3
"computer salon book keeping",1
"computerised book keeping",10
"computerised book keeping service providers in london",3
"contractors book keeping forms",1
"contractors book keeping forms+ free downloads",1
"copy sheets for book keeping",1
"country of origin labeling book keeping",1
"course in book keeping bendigo",1
"daily book keeping",3
"dallas book keeping",3
"day care book keeping",4
"day care book keeping program",3
"day care home record keeping ledger book",1
"day care home record keeping log book",1
"define book keeping",10
"delaware book keeping",3
"difference between accounting and book keeping",2
"diffeventiate book keeping vs accounting",6
"distance learning accredited book keeping courses",1
"dog record keeping book",1
"dome book keeping",19
"dome book keeping made simple",4
"dome book keeping monthly",1
"dome book keeping notebooks",2
"dome book keeping record",1
"dome book keeping tablets",1
"dome bookeeping records|dome weeky book keeping",1
"dome business book keeping",1
"dome keeping record book",1
"dome monthly book keeping",1
"dome simplified monthly book keeping record",1
"dome weeky book keeping",8
"dominos pizza book keeping",2
"double entry and book keeping are they the same",1
"double entry book keeping",99
"double entry book keeping accounts paper xii",1
"double entry book keeping definition",2
"double entry book keeping example",1
"double entry book keeping general ledger 2",8
"double entry book keeping history",2
"double entry book keeping lectures",1
"double entry book keeping questions answers",1
"double entry book keeping system",2
"double entry book keeping transcactions",2
"double entry book keeping unadjusted trial balance",2
"double entryand book keeping are they the same",1
"douglas book keeping",1
"douglas book keeping grand island",1
"download book keeping form",3
"download book keeping software",5
"download free day care book keeping software",2
"download sample of book keeping form",4
"dr. atw simeons book becoming slim, keeping slim",1
"dr. atw simons book becoming slim, keeping slim",3
"due to company policy and book keeping this refund payment",5
"easy book keeping",3
"easy book keeping system",4
"easy day ta day book keeping cd",2
"easy rez software book keeping",1
"easy to use book keeping",3
"easy to use book keeping with free down load",11
"ebay book keeping",3
"ebay business book keeping programs",1
"example double entry book keeping",1
"examples of book keeping in churches",12
"excel book keeping sheet",2
"expense income book keeping software",3
"farm book keeping",6
"farrier book keeping programs",1
"fast down loads for book keeping",2
"fieldhouse book keeping",3
"format for book keeping",1
"formula for book keeping",2
"fortworth book keeping",3
"free accountancy and book keeping courses",1
"free book keeping",1
"free book keeping aides",1
"free book keeping cash flow",1
"free book keeping class",3
"free book keeping classes",12
"free book keeping courses",4
"free book keeping courses online",3
"free book keeping download",8
"free book keeping downloads",6
"free book keeping for small business",4
"free book keeping forms",13
"free book keeping lessons",4
"free book keeping online class",12
"free book keeping package",6
"free book keeping package natwest",9
"free book keeping principle",1
"free book keeping program",1
"free book keeping programs",2
"free book keeping soft ware",2
"free book keeping soft wear",1
"free book keeping software",14
"free book keeping software for vista",1
"free book keeping template",3
"free book keeping training",3
"free business book keeping software",1
"free down loads for book keeping",2
"free excel book keeping templates",2
"free excel spreadsheets book keeping",4
"free home book keeping softwear",1
"free log sheets for book keeping",1
"free on line book keeping courses",2
"free on line book keeping software",7
"free online book keeping",1
"free online book keeping class",1
"free online book keeping training",3
"free online open university book keeping courses",2
"free printable book keeping forms",1
"free record keeping book for homeschooling",1
"free rental book keeping software",1
"free small business book keeping forms",15
"free software for home book keeping",2
"free sports book keeping software",2
"free to copy book keeping aides",2
"free to copy book keeping fo making receits",1
"free to copy book keeping receits",1
"free trial book keeping",1
"freelance book keeping",1
"freeware book keeping",1
"ftc book keeping courses",1
"ftc bristol 21st august book keeping",1
"fundraiser book keeping",2
"general,book keeping diamond bar",8
"good book keeping in australia",1
"good houes keeping quilting book",1
"good house keeping book",3
"good house keeping book reviews",2
"good house keeping cook book",11
"good house keeping illustrated cook book",2
"good house keeping quilting book",1
"good house keeping recipe book",1
"goodhouse keeping cook book",6
"growing up years record keeping book",1
"guy wrote book keeping bison on ranch",1
"hair dressing business book keeping",1
"handheld electronic book keeping",1
"help with book keeping",2
"home based book keeping business",1
"home based business monthly book keeping",4
"home book keeping",1
"home book keeping 3.73",1
"home book keeping 41 key",1
"home book keeping softwares",2
"home book keeping v3.73",1
"home day care record keeping log book",1
"home office book keeping",2
"home study book keeping course",1
"home study book keeping course 20",6
"home study course for basic book keeping",3
"home study course for basic book keeping on cd",1
"homeschool plan book and record keeping",4
"horse record keeping book",8
"house keeping book",3
"houshold book keeping",4
"how do you do book keeping",7
"how does book keeping fit into the accounting system",3
"how to do book keeping",6
"how to get a date worth keeping book",3
"how to get book keeping certificate",2
"how to open business book keeping",2
"how to record church funds and book keeping",4
"how to set up a book keeping business",1
"how to set up a book keeping ledger",3
"how to start a book keeping business",4
"how to study book keeping",2
"howard county 4-h record book keeping papers",4
"howard county record book keeping papers",1
"hyacinth keeping appearances book",2
"iab book keeping",6
"ill book keeping eviction tenant",3
"in home business book keeping",2
"in keeping secrets of silent earth 3 comic book",6
"in reaction book keeping",2
"information on double entry book keeping",1
"information on full charge book keeping",9
"instructions on keeping baseball record book",2
"intern book keeping",3
"international book keeping",3
"internet book keeping",2
"introduction into accounting book keeping",4
"intuit book keeping premier 2006",1
"is there a book after keeping you a secret",2
"jackies tax book keeping texas",2
"job description fo book keeping",2
"jobs from home book keeping",1
"julia alvarez ""the house keeping book""",1
"keeping a baseball book",2
"keeping a basic log book for hot shot trucking",2
"keeping a book",81
"keeping a book in a drawer",3
"keeping a cash book",4
"keeping a gambling book",2
"keeping a log book",3
"keeping a secret book",2
"keeping and breeding australian pythons book",5
"keeping book at basketball games",1
"keeping book bags off the floor",1
"keeping book work",4
"keeping chicken book shop",1
"keeping faith book review",4
"keeping house book",1
"keeping it real christian book",8
"keeping minute book",2
"keeping on track to finish book",1
"keeping quilt book",1
"keeping score book",1
"keeping secrets book",2
"keeping softball book",2
"keeping softball game score book",4
"keeping stat book softball",1
"keeping the faith book review",3
"keeping the faith book review stacey jones",18
"keeping the mamodo book whose promise is red",2
"keeping the mamodo book whose promise is red zatch bell",9
"keeping the moon book",5
"keeping the moon book cover",2
"keeping the moon book reviews",2
"keeping the moon book summary",3
"keeping track book review",10
"keeping track of thomas a big sticker book",1
"keeping up appearances book",7
"keeping up with claire book",2
"keeping up with the jones book",1
"keeping up with your high school friends faith book",1
"keeping you a secret book review",1
"keeping you a secret by julie anne peters book review",4
"keeping you a secret the book",7
"keeping you body book",2
"keeping your bonsai alive and well book",1
"keeping your childs heart book",2
"keeping your cool book",4
"keeping your trust one book at a time",1
"keeping youth baseball statistics book",1
"khim book keeping",2
"kris book keeping",3
"lawncare book keeping",2
"lcci book keeping",2
"learn book keeping",6
"learn book keeping free on line",2
"learn book keeping from home",10
"learn to do book keeping",6
"learning book keeping",3
"leather bee keeping book paypal",1
"ledger for book keeping",1
"legal issues on accounting for book keeping technology",1
"level 1 book keeping unit 3 answer sheets",2
"light book keeping",5
"limited liability company book keeping",3
"log sheets for book keeping",2
"longaberger book keeping",2
"longaberger book keeping basket",1
"luke barkaway book keeping",1
"making and keeping friends book",1
"manual book keeping",23
"marketing book keeping services",1
"mas book keeping",2
"mas20+book keeping program",1
"mastering book keeping",16
"mcgrant tax and book keeping",1
"meaning book keeping",3
"medical book keeping",2
"medical book keeping cd rom",3
"membership dues book keeping",1
"mid kent college for book keeping",2
"modern book keeping",2
"monthly book keeping",2
"multi unit rental book keeping software",1
"myob book keeping program",1
"myob book keeping software",2
"need book keeping advise",1
"need quik advise on book keeping or accounting",1
"need to see examples of book keeping forms",8
"non profit organizations book keeping",1
"notes on the book the art of keeping cool",2
"obernewtyn chronicles- book 4 the keeping place",4
"office a p accounts payable clerical book keeping",2
"office book keeping",1
"office book keeping accounts",2
"on book keeping",3
"on line book keeping courses",1
"on line book keeping program",1
"on line class for book keeping",1
"on line short course of basic book keeping",3
"online accounting and book keeping",2
"online book keeping sheets",1
"online book keeping solutions",1
"online degree book keeping",1
"online free courses in book keeping",2
"online short course of basic book keeping",1
"open source book keeping",1
"organic house keeping book sandbeck",3
"orignal good house keeping book",1
"ovraw book keeping",1
"owners investment book keeping",1
"pappers for book keeping",1
"part itme book keeping jobs in warwick",1
"part time book keeping",1
"part time book keeping a p accounts payable",2
"part time book keeping jobs in leamington spa",4
"part time book keeping jobs in warwick",2
"part time book keeping work at home",1
"payroll and book keeping classes",1
"payroll book keeping accounting ireland",1
"pc soft ware for day to day book keeping",2
"pda book keeping",1
"pdi book keeping software",1
"peachtree book keeping",1
"peachtree book keeping system",2
"percentage for book keeping",7
"personal account book keeping",2
"personal book keeping",7
"personal book keeping softwear",2
"personal finance bank statement book keeping",1
"picture of book cover on keeping up with claire",6
"picture of the book named keeping up with claire",8
"pictures on the book named keeping up with claire",4
"plumbing book keeping",3
"plumbing book keeping software",1
"pocket ledgers for home book keeping",1
"principles of book keeping",2
"program for book keeping for church",4
"property owners assn book keeping software",6
"puppy shot records book keeping",1
"qasas book keeping",1
"quickbooks book keeping",1
"quicken book keeping",1
"quicken book keeping system",2
"reaction book keeping",1
"read the book keeping you a secret",3
"real estate book keeping",2
"receptionist payroll book keeping office support",2
"record book keeping sheets",2
"record keeping book",10
"record keeping book day home day care providers",4
"record keeping book for cows",2
"record keeping book for football",2
"record keeping book for my artifacts",4
"record keeping book of home improvements",1
"record keeping for a check book",1
"record keeping ledger book day care",4
"record keeping ledger book home day care providers",4
"record keeping log book home day care providers",2
"reef keeping book",2
"rental record keeping book",1
"restoration book keeping",2
"resume for book keeping position",3
"retail industry record book keeping",2
"retailing record book keeping",2
"rvj book keeping",1
"sage and book keeping lincolnshire",3
"sage book keeping",13
"sage book keeping software",7
"sage book keeping study",1
"salary of book keeping",1
"salay of book keeping",1
"saleray for book keeping",1
"saleray range for book keeping",2
"sample book keeping",1
"sample book keeping business plan",4
"sample of book keeping",17
"score keeping book",1
"search basic book keeping",1
"search for book keeping 2 coluims com",1
"searchtextvalue book keeping specialist",4
"secretary office assistant book keeping",3
"self book keeping",1
"self book keeping in salt lake city",1
"self book keeping requirment",1
"self employed book keeping",2
"self employed book keeping free examples",6
"semi book keeping",1
"service business book keeping",1
"services uk book keeping",80
"shareware book keeping",5
"sheets for book keeping",2
"short courses in london book keeping",2
"simple book keeping",54
"simple book keeping for self employed",6
"simple book keeping freeware",3
"simplified dome book keeping",1
"single entry book keeping",3
"small business book keeping",35
"small business book keeping software",21
"small business book keeping softwear",4
"small business sales book keeping software",6
"small bussiness book keeping software",1
"small farm book keeping book",1
"small farm book keeping system",1
"small farm book keeping system by lynn miller",9
"softball book keeping",1
"softball record book keeping",2
"software book keeping premier 2006",2
"software book keeping premier 2006 opened chip",1
"software engineering book keeping",1
"solicitors account book keeping",3
"sourceforge book keeping",1
"special search search illegal book keeping",1
"sports book keeping software",3
"starting a book keeping business",4
"susan riley book keeping",2
"talk double entry book keeping",3
"tax and book keeping",1
"tax book keeping program",2
"tax book record keeping",2
"tax record keeping book day home day care providers",2
"tax withholding record keeping book",2
"taxi ""book keeping""",2
"teacher record keeping book",4
"technology used in book keeping",3
"templates for book keeping",1
"temporary book keeping services",1
"tennis score keeping book",2
"texarkana book keeping",1
"the advantages of cash book record keeping",15
"the art of keeping cool a book",18
"the art of keeping cool book",2
"the art of keeping cool book ending",1
"the art of keeping cool book report",4
"the art of keeping cool book resolution",1
"the art of keeping cool book review",8
"the art of keeping cool full book review",6
"the art of keeping cool fuul book review",1
"the art of keeping snakes book",1
"the book care keeping of you",2
"the book the art of keeping cool",4
"the care and keeping of me book",1
"the care and keeping of me the body book journal",2
"the care and keeping of you body book",14
"the care and keeping of you body book hardcover",4
"the care and keeping of you boys book",1
"the care and keeping of you hardcover book",3
"the care and keeping of you the body book",4
"the care and keeping of your body book",4
"the care and keeping of your emotions book",3
"the care keeping body book",2
"the care keeping body book for girls",3
"the care keeping of me body book journal",2
"the care keeping of you american girl book",1
"the care keeping of you the body book for girls",2
"the good house keeping cook book",2
"the home schoolers journal record keeping book",2
"the importance to meet legal requirements for book keeping",1
"the keeping and caring of you the body book",2
"the keeping place book",6
"the keeping quilt on line book",6
"the keeping quilt, book online",3
"the keeping room book",1
"thousand oak accounting book keeping system",2
"time keeping for contractors book",1
"tips on book keeping",3
"tithes and offerings record keeping book",1
"tracking apartment rent book keeping",1
"training courses in book keeping for community groups",1
"training programs on accounting and book keeping in boston",1
"treasure valley book keeping",1
"triangle book keeping in greenville texas",1
"truckwash book keeping",2
"university accounting book keeping",2
"uses of book keeping",1
"washington state business book keeping service",4
"water delivery business book keeping software",2
"website for keeping track of book collection",1
"weekly book keeping",3
"what are the basic skills in book keeping",6
"what does book keeping ledger look like",6
"what is book keeping",23
"what is cash book record keeping",3
"what is double entry book keeping",2
"what is envolved in book keeping",1
"what is the book keeping",2
"what is the closest book to keeping you a secret",2
"what iscash book record keeping",3
"where can i find a job discription for book keeping",1
"williams book keeping",4
"windsor tax book keeping",1
"windsor tax book keeping preparation",1
"wisconsin farm account and record keeping book",3
"work from home book keeping uk",1
"workout record keeping book",1
"world book history of keeping track of time",2
