"""circuit training""",7
"""circuit weight training programs""",1
"""circuit weight training""",5
"1990 sprint circuit training machines",1
"20 min workout circuit training for women",1
"20 min workout circuit training for women without equipment",4
"24 hour fitness circuit training",2
"30 minute circuit training",1
"30 minute circuit training michigan",9
"45 min lower body circuit training",1
"45min lower body circuit training",2
"45min lower body circuit training program",2
"50 plus circuit training",1
"abdominal circuit training",2
"about circuit training (training methods)",6
"advanced circuit training",1
"advantages and disadvantages of circuit training",1
"advantages of circuit training",19
"advantages of circuit training programmes",21
"aerobic circuit training",10
"aerobic circuit training exercises",1
"aerobic circuit training program",12
"aerobics circuit training ideas",9
"agility circuit training",3
"aglitly circuit training",1
"ais circuit training",3
"alan harris circuit training 4",1
"apex circuit training",12
"apex circuit training women",2
"aqa gcse courses - circuit training",3
"aqa gcse courses - circuit training booklet",1
"army cardio training circuit",2
"army cardiorespatory endurance training circuit",2
"army cardiorespitory endurance training circuit",2
"army circuit training",10
"at home circuit training",1
"baileys circuit training",2
"bakersfield boot camp circuit training",3
"bakersfield bootcamp circuit training",1
"baseball circuit training",2
"basic circuit training",6
"basketball circuit training",9
"basketball training circuit",29
"basketball training circuit station",9
"bayou fitness circuit training",2
"bbc gcse circuit training",1
"bbc gcse pe circuit training",1
"before circuit training",2
"begining circuit training",1
"beginner circuit training",3
"benefits of circuit training",32
"benefits of circuit training at age 55",8
"benefits of circuit training for senior citizens",6
"benefits of circuit training on aging",10
"benfits of circuit training",2
"best basic fitness gym circuit training guide for woman",1
"best basic fitness gym circuit training guide for women",2
"best circuit training",6
"best circuit training routine",4
"best gym circuit training guide",2
"best gym circuit training guide for basic fitness",2
"best gym circuit training guidefor basic fittness",1
"bike circuit training",2
"blank circuit training circuit",1
"body circuit training program",6
"body fat loss circuit training",1
"bodyweight circuit training",12
"bodyweight circuit training device",2
"bodyweight circuit training machine",1
"bodyweight circuit training program",12
"bodyweight circuit training routine",1
"bruce lee circuit training",11
"calculators with circuit training",2
"calistanic circuit training",1
"calisthenic circuit training",3
"calisthenics circuit training",1
"calorie burn in circuit training",2
"calories burned in circuit training",1
"can circuit training help lose weight",1
"cardio circuit training",54
"cardio circuit training for men",28
"cardio circuit training for senior citizens",3
"cardio circuit training plan",1
"cardio circuit training routine",28
"cardio strength circuit training",1
"cardio vascular training circuit",1
"cardio weight training circuit training",6
"cardiovascular training circuit",1
"cartoon circuit training",25
"change stations cue for hydraulic circuit training",1
"changing up circuit training",2
"chapter 7 circuit training and exercise drills",2
"chest and shoulder circuit training program",1
"chest circuit training",1
"chest exercise circuit training",1
"chris chelios circuit training",12
"circuit and continuous training",2
"circuit and weight and training",1
"circuit board layout training",2
"circuit bootcamp training",15
"circuit breaker basics training",2
"circuit city e learning training available",2
"circuit city employee training",5
"circuit city retail training",2
"circuit city training",6
"circuit city training library",2
"circuit city training online",1
"circuit closed nicet television training",4
"circuit course training",1
"circuit endurance training",3
"circuit equipment training",11
"circuit fitness training",2
"circuit strength training",1
"circuit strength training routines",2
"circuit training",2803
"circuit training ""north wales""",2
"circuit training (training methods)",4
"circuit training 30 mn",2
"circuit training 45 minutes",2
"circuit training activities",5
"circuit training advantages and disadvantages",6
"circuit training age 13",1
"circuit training and fat loss",1
"circuit training and functional and exercises",1
"circuit training and functional exercises",6
"circuit training and julian",1
"circuit training and julian michaels",1
"circuit training and red deer",1
"circuit training and weight training",9
"circuit training and weight training classes in my area",3
"circuit training art martiaux",2
"circuit training at 55 and older",1
"circuit training at age 55",5
"circuit training at gym",2
"circuit training at home",16
"circuit training at home for women",7
"circuit training at the gym",8
"circuit training athletisme",39
"circuit training baileys",4
"circuit training baloncesto",3
"circuit training baseball",19
"circuit training basketball",4
"circuit training benefits",21
"circuit training bodybuilding.com",10
"circuit training bodybuilding.com cons",2
"circuit training bodybuilding.com forum",2
"circuit training book",1
"circuit training boost metabolism",1
"circuit training boxers",2
"circuit training boxing",8
"circuit training burns fat",4
"circuit training calories",1
"circuit training calories burned",16
"circuit training cardio",29
"circuit training cards",9
"circuit training celebrities",1
"circuit training centers",8
"circuit training centers for sale",6
"circuit training cheltenham",5
"circuit training chicago illinois",1
"circuit training chris chelios",4
"circuit training circuit",1
"circuit training class",10
"circuit training classes in dallas tx",2
"circuit training classes in san pedro, california",2
"circuit training classes in west midlands",4
"circuit training classes, mansfield",1
"circuit training clip art",1
"circuit training clock",9
"circuit training clubs for men",4
"circuit training compact discs",1
"circuit training course",15
"circuit training courses",1
"circuit training ctx 4000",2
"circuit training cue cards",1
"circuit training cue cards for children",3
"circuit training cue cds",4
"circuit training definition",2
"circuit training demanding",2
"circuit training designs",1
"circuit training diagram",18
"circuit training diagrams",11
"circuit training diagrams p.e",4
"circuit training diagrams pe",1
"circuit training diagrams physical education",3
"circuit training disadvantages of circuit training",3
"circuit training drills",1
"circuit training dumbbell",1
"circuit training dvd",10
"circuit training dvds",3
"circuit training edu",1
"circuit training elementary school",9
"circuit training elementary school examples",12
"circuit training elementary stations",36
"circuit training elliptical",1
"circuit training endurance",3
"circuit training endurance football",2
"circuit training energy expenditure",1
"circuit training epoc",1
"circuit training epoc alwyn cosgrove",1
"circuit training equip",2
"circuit training equipment",137
"circuit training equipment brand",11
"circuit training equipment catalogue",4
"circuit training equipment catalogue parts",4
"circuit training equipment diagrams",1
"circuit training equipment hydraulic",3
"circuit training equipment parts",2
"circuit training equipment replacement parts",4
"circuit training equipment rountines for women",15
"circuit training equipment setup",1
"circuit training essays gcse pe",2
"circuit training essays safety",2
"circuit training essays safetyy",1
"circuit training evaluation",4
"circuit training events",1
"circuit training examples",17
"circuit training examples for the gym",2
"circuit training excercise",1
"circuit training excercises",3
"circuit training exercise",17
"circuit training exercise and weight loss",2
"circuit training exercise equipment",1
"circuit training exercise flexibility",1
"circuit training exercises",131
"circuit training exercises for beginners",7
"circuit training exercises for runners and aerobics",1
"circuit training exercises for women weight loss",1
"circuit training exercises hydraulic",48
"circuit training exercises runners and aerobics",1
"circuit training exercises workout",16
"circuit training facilities",1
"circuit training fat loss",2
"circuit training fitnes",8
"circuit training for 70 years old and up",2
"circuit training for agility",5
"circuit training for athletes",6
"circuit training for baseball",9
"circuit training for basketball",51
"circuit training for boys",4
"circuit training for cardio",14
"circuit training for children",15
"circuit training for distance runners",1
"circuit training for emdurance",1
"circuit training for fat loss",6
"circuit training for fighting",1
"circuit training for fitness",4
"circuit training for football",14
"circuit training for getting lean",1
"circuit training for girls",2
"circuit training for gpp",2
"circuit training for high school physical education class",3
"circuit training for hockey",2
"circuit training for kids",8
"circuit training for legs",1
"circuit training for mass",10
"circuit training for men",13
"circuit training for men in chino ca",1
"circuit training for mma",15
"circuit training for mma competition",6
"circuit training for muscle mass",1
"circuit training for muscles",4
"circuit training for muscular endurance",1
"circuit training for netball",7
"circuit training for nhb",1
"circuit training for no gi grappling",1
"circuit training for older adults",3
"circuit training for overall conditioning",2
"circuit training for primary 7",1
"circuit training for skiing",3
"circuit training for soccer",7
"circuit training for sport",1
"circuit training for sports",18
"circuit training for sports performance",1
"circuit training for squash",2
"circuit training for strength",5
"circuit training for tennis",9
"circuit training for the different public services",2
"circuit training for the different services",2
"circuit training for the obese",4
"circuit training for the pft",1
"circuit training for toning",5
"circuit training for toninh",2
"circuit training for trampolining",3
"circuit training for weight loss",7
"circuit training for wertling",1
"circuit training for woman",6
"circuit training for women",45
"circuit training for women no equipment",2
"circuit training for women no equiptment",1
"circuit training for wrestling",1
"circuit training frnachises",1
"circuit training fro no gi grappling",1
"circuit training from bowflex",1
"circuit training gcse pe",1
"circuit training gcse pe netball",4
"circuit training goodman",2
"circuit training guidelines",4
"circuit training guidlines",1
"circuit training gym",4
"circuit training how many sets",2
"circuit training i can use at home",4
"circuit training i can use at home on a sheet",1
"circuit training ideas",10
"circuit training ideasd",2
"circuit training improve speed",2
"circuit training in a gym",5
"circuit training in bidston sports centre",1
"circuit training in evesham",3
"circuit training in football",5
"circuit training in ipswich",7
"circuit training in netball",3
"circuit training in new minas nova scotia",1
"circuit training in sports",6
"circuit training information",12
"circuit training is the 1 method used for",4
"circuit training jillian michaels",20
"circuit training joaquim cruz",5
"circuit training john patrick o shea clean",1
"circuit training julian michaels",1
"circuit training jullian",2
"circuit training key stage 2",2
"circuit training ladies gym",30
"circuit training layout",3
"circuit training log",5
"circuit training lowerbody",3
"circuit training machine",1
"circuit training machine routines",4
"circuit training machine routines for mass",2
"circuit training machine routines for toning",4
"circuit training machines",18
"circuit training made simple",2
"circuit training market study",3
"circuit training mens health",2
"circuit training method of training",30
"circuit training methods",16
"circuit training muscle",1
"circuit training musculation",2
"circuit training music",21
"circuit training music cd",1
"circuit training music cds",7
"circuit training news",2
"circuit training non gym",3
"circuit training north wales",1
"circuit training o shea",3
"circuit training online program",8
"circuit training or hard lifting for fat loss?",3
"circuit training parts equipment",2
"circuit training parts equipment catalogue parts",2
"circuit training patrick o shea clean",3
"circuit training peace",1
"circuit training peck deck",3
"circuit training pep",14
"circuit training pep table",14
"circuit training personal exercise plan table",3
"circuit training pictures",19
"circuit training plan",16
"circuit training plans",8
"circuit training pompier",3
"circuit training press-ups",7
"circuit training program",48
"circuit training program beginners",3
"circuit training program calories",3
"circuit training program workout",9
"circuit training programme",5
"circuit training programmes",15
"circuit training programmes for older adults",3
"circuit training programs",46
"circuit training programs for boxers",11
"circuit training programs for mma",1
"circuit training programs for over wiegth",6
"circuit training programs for overweight",12
"circuit training programs for the marines",1
"circuit training programs formma",1
"circuit training programs free",8
"circuit training programs to burn fat and build muscle",27
"circuit training pros and cons",9
"circuit training replacement parts",2
"circuit training reps",2
"circuit training results",6
"circuit training rml",1
"circuit training routine",42
"circuit training routine female",6
"circuit training routine for the obese",3
"circuit training routine for women",12
"circuit training routines",124
"circuit training routines ",3
"circuit training routines for advanced",2
"circuit training rules",1
"circuit training running",1
"circuit training safety",6
"circuit training safety issues",3
"circuit training safty issues",1
"circuit training sample evercises",4
"circuit training sample exercises",20
"circuit training sample workout",3
"circuit training schedule",1
"circuit training schedules",2
"circuit training session",6
"circuit training sessions",15
"circuit training shuttle runs",11
"circuit training singapore",3
"circuit training soccer",1
"circuit training specific to netball",21
"circuit training spinters",2
"circuit training sports",1
"circuit training sprinters",6
"circuit training squat thrusts",13
"circuit training stations",19
"circuit training steps in pics",4
"circuit training strength illistrations",14
"circuit training summary",2
"circuit training sunnyvale",2
"circuit training table results",28
"circuit training tables",3
"circuit training tables pep as coursework",2
"circuit training techniques",27
"circuit training teens",1
"circuit training the biggest loser",8
"circuit training the olympic lifts",6
"circuit training the olympic lits",1
"circuit training timer",45
"circuit training timers",2
"circuit training tips",8
"circuit training to burn fat and build muscle",7
"circuit training to improve strength",2
"circuit training to loose weithg",2
"circuit training to lose weight",10
"circuit training to loss weithg",2
"circuit training tolland county ct",2
"circuit training tools",2
"circuit training training hydraulic",10
"circuit training treadmill programs",4
"circuit training using dual machines",1
"circuit training using your own body weight",6
"circuit training variable resistance workouts",2
"circuit training videos",3
"circuit training vs. high octane cardio",1
"circuit training weight lifting",2
"circuit training what is it",6
"circuit training why",7
"circuit training wikipedia",2
"circuit training win by losing",1
"circuit training with cybex",2
"circuit training with dumbbell",7
"circuit training with gym equipment",1
"circuit training with gym equipment program",3
"circuit training with life fitness machine",2
"circuit training with weights",9
"circuit training without weights",1
"circuit training women",4
"circuit training work",1
"circuit training workout",74
"circuit training workout for runners and aerobics",1
"circuit training workout guide",4
"circuit training workout log",3
"circuit training workout log for men",2
"circuit training workout programs for beginners",2
"circuit training workout rountines",2
"circuit training workout routines",6
"circuit training workout routines to get ripped and cut",1
"circuit training workout women",6
"circuit training workouts",114
"circuit training workouts for men",2
"circuit training workouts info",1
"circuit training workouts with pictures",2
"circuit training wrestling",11
"circuit training writing pieces",2
"circuit training, definition",1
"circuit weght training o shea",1
"circuit weight training",67
"circuit weight training drills",2
"circuit weight training equipment",6
"circuit weight training execises",1
"circuit weight training exercises",6
"circuit weight training exercises program",8
"circuit weight training exercises program free",1
"circuit weight training for man",2
"circuit weight training for mÃÂÃÂn",4
"circuit weight training for men",2
"circuit weight training for women",1
"circuit weight training in cardiac patients",2
"circuit weight training o shea",1
"circuit weight training program",4
"circuit weight training programs",8
"circuit weight training routine",4
"circuit weight training routine beginning",18
"circuit weight training with dumbbells",6
"circuit weight training workout",2
"circuit weightl training programs",1
"circuit+weight+training",3
"commando circuit training",9
"commando circuit training 1970",1
"complex circuit training",2
"continuous circuit interval weight training",1
"cool down after circuit training",3
"core circuit training",1
"creative circuit training",1
"cue cds circuit training",6
"cued cds circuit training",2
"curves circuit training",22
"cybex circuit training",19
"cybex strength training circuit",6
"cyq circuit training",1
"daily circuit training",2
"day a week circuit training",3
"day circuit training",12
"define circuit training",46
"definition circuit training",5
"definition of circuit training",15
"design a circuit training corse",2
"designing a circuit training exercises",2
"designing circuit training for senior citizens",5
"designing circuit training programs",11
"developing your own circuit training routine",1
"diagram of circuit training",3
"dictionary circuit training",3
"different activities for circuit training",4
"different type of circuit training",12
"different types of circuit training",2
"dips pullups circuit training",1
"disadvantages of circuit training",17
"does circuit training burn more calories",2
"does circuit training work?",15
"dr wayne wescott and circuit training",2
"dr. markhams circuit training",3
"dumbbell circuit training",3
"dutch circuit training practice",6
"easy circuit training exercises",3
"effects of circuit training on aging",9
"entrainement circuit training",19
"entrainement circuit training cooper",3
"entrainement circuit training football",7
"ergonomically designed circuit training equipment",2
"examples circuit training in sports",2
"examples of circuit training",27
"examples of circuit training in football",8
"examples of circuit training in sports",3
"examples of core circuit training program",4
"exemple de circuit training",1
"exemple de circuit training aÃÂÃÂ©robie",3
"exemple de circuit training football",10
"exercise circuit training",14
"exercises for circuit training",9
"fartlek training circuit",1
"fat loss circuit training",7
"fit links circuit training program",1
"fit sisters circuit training",4
"fitlinx circuit training program",1
"fitness and circuit training",6
"fitness by circuit training",4
"fitness circuit training",30
"fitness circuit training equipment",1
"fitness circuit training examples",2
"fitness equipment setup for circuit training",3
"fitness sessions eg circuit training",1
"fitness sessions eg circuit training for stamina",1
"football circuit training",49
"football circuit training diagram",6
"football games circuit training",9
"football games circuit training program",3
"franchise opportunities in womens circuit training",1
"free circuit training",15
"free circuit training exercises",5
"free circuit training programs",5
"free circuit training routine",1
"free circuit training routines",16
"free circuit training workout plans",3
"free circuit training workouts",9
"free circuit training workouts for women",5
"free online circuit training routines",3
"fresno circuit training work out",2
"fuctional training circuit training",1
"full body circuit training",8
"full body circuit weight training program",2
"fun circuit training",1
"functional training circuit training",9
"gcse pe circuit training",8
"gcse pe circuit training safety aspects",6
"gcse pe coursework circuit training session",6
"gerard butler 300 circuit training",2
"goodman circuit training",4
"goodman''''s circuit training 60 minute exercise workout",3
"group circuit training",6
"guide on circuit training",2
"gym circuit training for woman",1
"gym circuit training tips for woman",2
"gym jones circuit training",1
"gym seattle wa circuit training",4
"has dr wescott used circuit training",6
"high intensity circuit training",3
"hiit circuit training",4
"hoggan circuit training equipment",1
"home circuit training",99
"home circuit training exercises",179
"how many calories are burned during circuit training",1
"how many calories does circuit training burn",2
"how much muscle do you gain circuit training",2
"how often can circuit training be performed?",2
"how to conduct a circuit training lesson",2
"how to do circuit training",7
"human growth hormone circuit training",1
"hydraulic womens circuit training reviews",5
"i need information on circuit training exercises",22
"i need samples of circuit training exercises",1
"indoor circuit training",1
"information about circuit training exercises",2
"insane circuit training workout",2
"instrumentation and control circuit training",1
"interval circuit training",14
"interval training circuit",7
"interval training circuit for basketball",4
"interval training vs circuit training",2
"is circuit training a good way to build mass",1
"isometric circuit training",1
"jazzercise circuit training",1
"joaquim cruz circuit training",4
"jump rope fat loss circuit training",3
"jumping rope circuit training program",2
"karate bodyweight circuit training",7
"karate circuit training pdf",1
"kettlebell circuit training",22
"killer circuit training",4
"laird hamilton circuit training",1
"lease circuit training equipment",8
"lesson plans circuit training timed",3
"lesson plans for circuit training",2
"life fitness circuit training",3
"lifenergy programmi fitness circuit training",1
"lower body circuit training",22
"lower body circuit training program",10
"lwe circuit training",4
"martial arts circuit training",13
"matrix strength training circuit",1
"matrix strength training circuit retailers",1
"mediator training in florida circuit courts",2
"medx circuit training",1
"men''''s circuit training program",1
"metabolic circuit training equipment",4
"methods of circuit training",18
"methods of circuit training for footballers",6
"methods of training eg circuit",1
"midland circuit advocacy training",5
"midland circuit advocacy training pupil",8
"military circuit training",3
"milwaukee circuit training work out",1
"missouri circuit training work out",1
"mixed martial arts circuit training",36
"mma bodyweight circuit training",28
"mma circuit training",42
"more beneficial circuit training how many sets",2
"more beneficial circuit training or regular",4
"muay thai plyometric circuit training",13
"muscle and fitness hers circuit training routines",4
"music for circuit training 140bpm",2
"my circuit training",2
"my gym circuit training equipment",1
"my gym circuit training equipment from fitness system",8
"nataÃÂÃÂ§ÃÂÃÂ£o training circuit",2
"nation circuit training",5
"nation t r goodman circuit training",1
"nautilus circuit training",15
"nautilus circuit training equipment",2
"nautilus circuit training guide",6
"nautilus weight circuit training benefits",2
"need circuit training exercise samples",3
"need information on circuit training exercise programs",2
"need samples of circuit training exercises",8
"negative on circuit training",2
"netball training circuit",2
"new college dragon boat circuit training",2
"nurburgring circuit training",2
"nurburgring motorcycle circuit training",1
"olympic boxer circuit training",16
"olympic boxing circuit training",24
"on the run circuit training",5
"orienteering circuit training",3
"outdoor circuit training program",1
"outdoor training circuit for children",1
"outside circuit training",3
"outside of circuit training",4
"outside of gym circuit training",2
"overload improvement in circuit training",1
"overload in circuit training",1
"oxygen magazine free circuit training",1
"p.e circuit training diagrams",4
"p.e circuit training pep",8
"pace circuit training",2
"pace circuit training program",40
"parts of circuit training",4
"pe circuit training",1
"pe circuit training coursework",2
"people circuit training",2
"pep circuit training",12
"personal exercise program specific to circuit training",16
"personal exercise programme in circuit training",10
"personal exerzie programme in circuit training",4
"personal trainer circuit training",1
"physical education circuit training",29
"physical education circuit training ideas",2
"physical training exercises for circuit training",5
"pics of circuit training",4
"picture of circuit training",24
"pictures for circuit training",5
"pictures of circuit training work",1
"plank in circuit training",1
"plyometric circuit training",17
"pneumatic circuit diagram + training",1
"pool circuit training",2
"power and strength circuit training",2
"power circuit training",1
"practise circuit training",3
"princeton circuit training",6
"private line circuit training",2
"programmes for circuit training for older adults",2
"progressive circuit training",21
"progressive circuit training for children",3
"pros and cons of circuit training",1
"pros and cons of hydraulic circuit training",2
"pros of boot camp circuit training",1
"push up circuit training",30
"randy cotoure circuit training workout",1
"randy coutures circuit training",10
"re form circuit training ladies gym",6
"recommended circuit training videos",2
"recovery station circuit training",1
"resistance band circuit training",3
"resistance circuit training diagrams",1
"retail training for circuit city",3
"rich franklin circuit training workout",5
"royal marine circuit training 1970",2
"royal marines circuit training",2
"rugby circuit training",10
"running circuit training",3
"safet aspects of circuit training",3
"safety aspects circuit training",2
"safety aspects circuit training pe",2
"safety aspects of circuit training",8
"safety for circuit training",9
"safety in circuit training",12
"safety in circuit training techniques",3
"safety instruction for circuit training",9
"safety issues in circuit training",3
"safety issues of circuit training",1
"safety techniques of circuit training",3
"saftey in circuit training techniques",12
"samle circuit training progam",3
"sample circuit training workouts",5
"sample circuit weight training workouts",5
"seance entrainement circuit training",4
"seance entrainement circuit training football",12
"seance entrianement circuit training",1
"senior citizen circuit training",2
"senior citizens and circuit training",3
"show circuit training +excerises",1
"show circuit training excerises",2
"simple circuit training",2
"simple circuit training exercises",11
"simple circuit training exercises ideas",9
"simple circuit training ideas",3
"skill training circuit",7
"soccer circuit training",17
"soccer technical circuit training",20
"softball circuit training",3
"softball conditioning - circuit training",5
"split circuit circuit training",2
"sprint circuit training",1
"sprint circuit training equipment",1
"sprint circuit training machines",1
"sprint circuit training machines for sale",1
"squash circuit training session",1
"stage circuit training",4
"stationary bike circuit training",2
"stations on a circuit training",3
"step circuit training",5
"stregth moves for circuit training",1
"strenght moves for circuit training",1
"strength circuit training",3
"strength circuit training diagrams",3
"strength circuit training diagrmas",1
"strength circuit training sessions",24
"strength moves for circuit training",10
"strength training circuit",1
"strength training circuit routines",2
"swiss ball circuit training",1
"taco circuit setters training",11
"targets needed for circuit training",2
"teaching circuit training",8
"teaching methods circuit training",9
"technology in circuit training",6
"tennis circuit training",32
"tennis circuit training session",2
"the bad on circuit training",2
"the best circuit training program",3
"the best circuit training videos",1
"the history of circuit training",1
"the loop circuit training",4
"timed circuit training",6
"timers circuit training",5
"tony little circuit training",1
"total body circuit training",2
"total circuit training dvd alan harris 2 dvd set",3
"total circuit training dvd alan harris 4 workouts",6
"track and field circuit training",5
"training circuit",16
"training circuit ideas",3
"training sessions circuit",2
"types of circuit training",5
"types of training methods circuit training fartlek continous",1
"ultimate circuit training",2
"us 10th circuit online e filing training",1
"used circuit training equipmeny in florida",2
"used circuit training exercise equipment",6
"vantagem do circuit training",9
"voetbal circuit training",1
"warm up exercises for circuit training",4
"water circuit training",3
"wayne wescott and circuit training",1
"wayne wescott circuit training",3
"weight circuit training",13
"weight circuit training benefits",3
"weight circuit weight training",3
"weight lifting circuit class training",4
"weight lifting circuit class training benefit",4
"weight lifting circuit training",1
"weight training circuit",27
"weight training circuit training for aerobics",1
"weight training circuit water polo",8
"weight training circuit workout",3
"weight training circuit workouts",1
"what are benifits to circuit training",2
"what are considered the upper body parts in circuit training",4
"what are drawbacks to circuit training",2
"what are the 3 body parts in circuit training",1
"what are the different types of circuit training",18
"what are the main aims of circuit training",3
"what components of fitness can circuit training improve",3
"what does circuit training mean",5
"what i circuit training",6
"what is a circuit in fitness training",1
"what is circuit resistance training",3
"what is circuit training",132
"what is circuit waight training",2
"what is circuit weight training",2
"what is the purpose of circuit training",1
"whats a good circuit training workout",1
"whay is circuit training",3
"who shouldnt do circuit training",2
"who uses that particular method circuit training",6
"who uses that particular method is circuit training",1
"why a netballer uses circuit training",1
"why circuit training",6
"why rest when circuit training",1
"why use circuit training",4
"will circuit training build muscle",3
"will resistance circuit training make your arms bigger?",2
"women and circuit training",1
"women circuit training",11
"women free weights circuit training",1
"women''''s 30 minute circuit training idaho",2
"women''''s 30 minute circuit training meridian idaho",1
"womens 30 minute circuit training",1
"womens 30 minute circuit training idaho",1
"womens circuit training",4
"womens circuit training market penetration or feasibility",2
"womens circuit training routines workouts routine programs",2
"womens weight training circuit",2
"workout women circuit training",2
"worksheet for circuit training settings",2
"wrestling circuit training",2
"ymca circuit training auckland",1
