keyword, count
"criminal record",686115
"criminal record search",72274
"free criminal record",60838
"criminal record check",51157
"free criminal record search",28804
"public criminal record",24400
"criminal record checks",22895
"georgia criminal record",20200
"check criminal record",20188
"texas criminal record",13853
"criminal record background check",13493
"ohio criminal record",12471
"michigan criminal record",8954
"search for criminal record",8449
"criminal record background",8293
"background criminal record",8141
"florida criminal record",6974
"check my criminal record",6724
"north carolina criminal record",6613
"free criminal record searches",6248
"criminal history record",6154
"nc criminal record",5809
"free criminal record check",5366
"criminal court record",5062
"kentucky criminal record",5050
"wisconsin criminal record",5050
"county criminal record",5023
"criminal record report",4515
"va criminal record check",4305
"iowa criminal record",4298
"illinois criminal record",4131
"criminal record searches",4095
"state criminal record",3622
"search criminal record",3366
"free online criminal record",3221
"free public criminal record",3177
"criminal record florida",2966
"oklahoma criminal record",2917
"california criminal record",2894
"expunge criminal record",2676
"maricopa county criminal record",2443
"canadian criminal record",2442
"arizona criminal record",2328
"indiana criminal record",2279
"free online criminal record search",2250
"criminal california record",2153
"criminal public record",2089
"free texas criminal record",2088
"criminal record history",2078
"find criminal record",2071
"canadian criminal record search",2030
"arkansas criminal record",1990
"criminal record background search",1901
"criminal record report and background check",1863
"hillsborough county criminal record",1843
"background criminal record check",1749
"ohio criminal record search",1679
"free criminal record checks",1668
"federal criminal record",1615
"allen e barr criminal record cape girardeau missouri",1593
"free criminal record report",1542
"expunging criminal record",1524
"sealing criminal record",1506
"job search with a criminal record",1498
"tennessee criminal record",1494
"rhode island criminal record",1379
"county criminal record search",1360
"background check free criminal record",1358
"broward county criminal record",1351
"canadian criminal record check",1318
"criminal record sealing",1316
"california court criminal record",1290
"new jersey criminal record",1260
"criminal record listing",1252
"criminal record canada",1226
"wisconsin criminal record search",1206
"free police criminal record search",1200
"background check criminal record",1195
"criminal record reports",1166
"criminal+record",1140
"county court criminal harris record",1122
"pennsylvania criminal record check",1113
"missouri criminal record check",1108
"criminal record database",1102
"free criminal record using drivers licence number",1086
"record search free criminal bacground checks",1065
"free georgia criminal record",1046
"free north carolina criminal record",1038
"criminal record expungement",1035
"pa criminal record",1022
"criminal record checks free",966
"california sample petition to expunge criminal record",965
"clear criminal record",962
"court criminal oklahoma record",962
"nc criminal record search",962
"florida criminal record search",961
"harris county criminal record",958
"free search oklahoma criminal record",946
"cook county criminal record search free",944
"criminal record online",938
"criminal record search free",935
"new york state criminal record",935
"tarrant county criminal record",933
"criminal record new jersey",930
"free and criminal record search",925
"canada free criminal record search",923
"nyc criminal record search",917
"minnesota criminal record search",904
"criminal and civil record searches",903
"nebraska criminal record search",902
"background checks criminal record",899
"wisconsin criminal court record",875
"criminal record find",874
"texas criminal record search",874
"free ohio criminal record search",871
"criminal record searches in mexico",869
"new jersey criminal record search",868
"criminal record wisconsin",863
"hamilton county criminal record",858
"free canadian criminal record search",848
"criminal record north carolina",844
"free criminal record reports online",830
"pa criminal record check",828
"louisiana free criminal record search by name",821
"criminal record expunged",818
"sc criminal record",808
"cuyahoga county criminal record",807
"criminal record state.com",803
"national criminal record search",803
"colorado criminal record",802
"criminal record search for free",791
"criminal free record search.com",783
"pennsylvania criminal record",783
"vancouver criminal record check",781
"public access to criminal record",777
"criminal record sealing.com",771
"canadian criminal record checks",759
"online criminal record",751
"criminal offender record checks",749
"county criminal gregg record",747
"expunging a criminal record",745
"find a criminal record",744
"nc criminal public record",744
"criminal record report free",743
"criminal history record check",736
"ohio criminal record check",717
"criminal record michigan",710
"los angeles county criminal record search",709
"criminal record australia",708
"public access criminal record",700
"criminal record oceanside california",699
"pinellas county criminal record",681
"free florida criminal record",669
"criminal record access",667
"criminal record bureau",664
"clean criminal record",660
"criminal record forms",650
"bush criminal record",649
"missouri criminal record",642
"criminal offense record",639
"free national criminal record search",634
"oceanside california criminal record",633
"south carolina criminal record",632
"florida public criminal record",628
"ted nugent criminal record",626
"rcmp criminal record search",625
"michael thomason georgia criminal record",624
"free criminal court record",623
"collin county criminal record search",620
"free background check criminal record",620
"louisiana criminal record",618
"hamilton county ohio criminal record",616
"free australia criminal record search",615
"no fee criminal record search",609
"effects of a criminal record",600
"free criminal record 26 montgomery county pa",598
"alan e ponte criminal record",595
"criminal free nc public record",593
"criminal record free",587
"criminal record search ny",586
"free natonal criminal record search",586
"criminal record california",583
"headlock criminal record tennessee",583
"criminal record dallas county",582
"criminal record cuyahoga county ohio",579
"county criminal free online inmates record search",574
"criminal record phoenix",574
"free criminal record search canada",572
"dallas county criminal record search",568
"free criminal record reports",568
"washington state criminal record",568
"criminal record michigan free",563
"tulsa county criminal record search",562
"use of juvenile criminal record in hiring",562
"indiana marion county criminal record search",561
"criminal record for dace j moore",558
"criminal record search in wisconsin",555
"keywords criminal record",554
"criminal background record",552
"juvenile criminal record",552
"how do you clear your criminal record wisconsin",542
"criminal record free background check",539
"how would i check my north carolina criminal record for",535
"free nebraska criminal record search",534
"new york criminal record search",534
"free criminal record search in tennessee",531
"minnesota criminal record",525
"entering usa with a criminal record",522
"virginia criminal record",522
"criminal record check canada",516
"free arkansas criminal record searches",515
"record search sonoma county criminal",514
"ohio public record criminal",510
"crime record free criminal background checks",504
"denton county criminal record",504
"criminal record check background",501
"ontario criminal record",501
"access criminal free public record",493
"kansas criminal record",482
"instant criminal record check",479
"palm beach criminal record search",473
"federal criminal record search",469
"criminal record search online",467
"california criminal history record search",466
"illinois criminal court record",464
"criminal free nc record",462
"free juvinial criminal record check",462
"national criminal record check",460
"free access to criminal record",450
"utah criminal record",449
"canada criminal record",446
"expungement of criminal record",446
"criminal record check in canada",445
"national criminal record",433
"harris county texas criminal record",427
"free check criminal record",424
"cook county criminal record",421
"pa state criminal record check",420
"fbi criminal record",416
"florida state criminal record",416
"job criminal record",415
"free criminal record check pennsylvania",413
"free texas criminal record check",413
"criminal record floida",409
"california criminal record search",408
"criminal record new york",407
"alabama criminal record",404
"check criminal record entering canada",403
"florida free criminal record check",403
"cabarrus county criminal record check",402
"palm beach county public criminal record search",401
"montana criminal record check",398
"public record criminal massachusetts",398
"charges dropped criminal record check",397
"do charges show up on criminal record check",397
"why does the canadian criminal record check take so long",397
"free va criminal record check",394
"pennsylvania state police criminal record check",394
"free check on criminal record",392
"new york criminal record",391
"check criminal record in oklahoma",390
"criminal record felony check",389
"pennsylvania criminal record check form",388
"person criminal record",387
"free online background checks criminal record",386
"public record criminal records free background checks",386
"criminal record check for north carolina",385
"juvinial criminal record check",382
"orange county criminal record",382
"check on criminal record",381
"free background checks criminal record",380
"what shows up on a criminal record check",380
"record checks criminal history",378
"george bush criminal record",376
"arizona 2b criminal record checks",369
"free nc criminal record",369
"west virginia public criminal record",369
"pa state police criminal record check",366
"criminal record public records background checks",363
"checks criminal record richard hendricks",362
"search public criminal record",358
"county criminal nueces record",357
"criminal record sealed expunge texarkana lawyer",354
"okaloosa criminal record",354
"criminal expunge record texas",353
"reports criminal record background checks public records",353
"record checks criminal records",351
"riverside county criminal record",350
"instant criminal record",349
"identity theft 2b criminal record",347
"arizona criminal court record",346
"where do i find a person27s criminal record free",346
"free criminal background record",344
"getting a criminal record expunged in north carolina",343
"court criminal florida record",339
"seal criminal record",338
"my criminal record",336
"criminal arrest record",334
"expunging a criminal record florida",332
"massachusetts criminal record",332
"criminal record background check nc",331
"free ohio criminal record",331
"background check nc criminal record",330
"criminal background checks wi public record",329
"criminal history public record",326
"seal my criminal record",325
"court criminal record texas",322
"how to find someone27s criminal record for free",318
"how do i find a person27s criminal record",311
"nationwide criminal record search",311
"what is a criminal record",311
"criminal record oregon",310
"how to expunge a florida criminal record",310
"criminal free public record",307
"how to find anyone27s criminal record",307
"info online background check free criminal record checks",305
"how to remove a florida criminal record",304
"immigration criminal record",295
"court criminal iowa record",292
"us immigration law criminal record",291
"vacation jamaica criminal record",291
"find my criminal record",288
"milwaukee county criminal record",287
"naturalization criminal record",286
"new york city criminal record",284
"employment criminal record check",283
"free criminal record checks online",283
"personal criminal record",283
"criminal record check federal police australia",282
"free online criminal record check",281
"oklahoma criminal court record",281
"check of public criminal record free background searches",279
"shelby county criminal court record",279
"court criminal record virginia",276
"toronto police services criminal record check",273
"wisconsin state criminal record",272
"army enlistment with a criminal record",269
"use of juvenile criminal record by government employers",267
"calgary board of education criminal record check",265
"criminal free ohio record",263
"criminal record seal",263
"nfl player criminal record",263
"court criminal ohio record",262
"is a peace bond a criminal record",262
"president george w bush criminal record",262
"court record criminal history search arizona",261
"sonoma county criminal court record search",260
"world wide criminal record search",260
"allegheny county criminal record",259
"criminal record histories in charleston2c sc",258
"criminal washtenaw court record search",258
"how to find a job with a criminal record",256
"pa state police request for criminal record check forms",256
"when an employer wants a criminal record check",256
"expunge dismissed drug criminal record georgia",254
"attorney and virginia and criminal record and expunge",253
"criminal record criminals deserve a second chance",252
"background free criminal record search canada",251
"hilary clinton criminal record",251
"how do i check my own criminal record for free",250
"how would i check my carteret county criminal record",250
"find out if a person has a criminal record",249
"public record criminal sylvania ohio",247
"teco taiwan criminal history record",246
"criminal record free background searches",245
"arizona criminal record expungement",244
"arrest record criminal background public records",244
"criminal record 27john j majkut27 rhode island",244
"nc criminal record check",242
"criminal record check for employers uk",241
"free ohio criminal record report",240
"free background criminal driving record",239
"georgia state criminal record",239
"criminal record sealed expunge texarkana",237
"doug cunningham michigan criminal record",237
"michigan criminal record free",237
"criminal record felony conviction background",236
"criminal history public record free database",235
"are summary cases part of criminal record in pa",234
"criminal record texas",234
"how to find if someone has a criminal record for",234
"public record and criminal and search and free",233
"taiwan criminal history record",233
"record request criminal history",232
"criminal record search needed for adoption",231
"criminal record texas public",231
"criminal record dating",230
"criminal record permanent visa application usa",230
"mortgage elimination criminal record elimination",230
"teco criminal history record",230
"erase criminal record",229
"find someone criminal record",229
"criminal history record disposition california",227
"student debt and criminal record",227
"criminal free public record search",225
"virginia criminal history record",225
"criminal record disclosure florida laws",224
"mississippi criminal record",224
"free criminal record database",223
"insurance agent requirements criminal record in new york",223
"public records find a criminal record",223
"texas criminal court record",223
"california public criminal record",220
"asheville criminal record search for people",215
"nevada criminal record",215
"free criminal record of ralph mozzoni guitar player",214
"how can i get my criminal record in florida",214
"missouri public criminal record",214
"criminal record viewer",213
"clermont county ohio criminal record",210
"criminal background record search",210
"criminal free illinois record",209
"wisconsin criminal public record",209
"court records criminal and civil record searches",208
"criminal record federal inmate richard watson",208
"shelby county criminal record",208
"nys criminal record",207
"criminal free record wisconsin",204
"criminal record maryland",204
"criminal record uk",204
"how to find out someones criminal record",204
"free okaloosa criminal record",202
"dallas county criminal record",198
"criminal free missouri record",196
"indiana public criminal record",193
"wake county criminal record",192
"criminal background check arrest record",190
"background check for criminal record",187
"california criminal court record",186
"arizona public criminal record",185
"california state criminal record",181
"north carolina criminal record check",181
"oklahoma state criminal record",181
"canadian criminal free record",178
"sarasota county criminal record",177
"oregon state criminal record",175
"stark county criminal record",174
"criminal dade miami record",173
"public record criminal ohio",173
"statewide criminal record check",170
"criminal expunged get record",167
"florida criminal record check",165
"new mexico criminal record",162
"wisconsin public criminal record",161
"criminal free indiana record",159
"criminal record federal inmate richard",159
"minnesota public criminal record",159
"criminal record search jobs at home",158
"virginia criminal court record",158
"free public access to criminal record",156
"clear my criminal record",153
"county criminal dupage illinois record",153
"caiya criminal record",152
"ohio state criminal record",151
"criminal record background free",150
"background criminal free record search",149
"criminal free oklahoma record",148
"free criminal record california",148
"access to free criminal public record",147
"canadian check criminal free record",146
"nj criminal record",146
"background criminal public record",145
"public criminal record check",145
"illinois state criminal record",144
"bexar county criminal record",142
"missouri criminal record search",142
"public criminal record search",142
"washington criminal record",141
"criminal background check public record",140
"criminal record background checks",140
"criminal free minnesota record",139
"criminal record search canada",139
"arkansas criminal free record",138
"criminal background court record",138
"illinois public criminal record",138
"no criminal record",138
"county criminal record tippecanoe",137
"free criminal record history",137
"criminal record lookup",135
"volusia county criminal record",135
"criminal record check form",134
"can i find out someones criminal record",133
"polk county criminal record",133
"check criminal record request",132
"cobb county criminal record",132
"collin county criminal record",132
"wi criminal record",131
"manitoba criminal record check",130
"miami dade criminal record",130
"free oklahoma criminal record search",129
"columbus ohio criminal record",128
"criminal record office",128
"find someones criminal record",128
"pima county criminal record",128
"check criminal free record",127
"state of virginia criminal record",126
"arizona state criminal record",125
"criminal florida free record search",125
"grayson county criminal record",125
"illinois criminal record search",125
"criminal record arizona",124
"free iowa criminal record",124
"criminal dc record",123
"brevard county criminal record",121
"check criminal ontario record",121
"county criminal montgomery record",121
"criminal+record+search",120
"people criminal record",120
"wisconsin criminal record check",120
"iowa public criminal record",119
"criminal free ohio record search",118
"pasquotank criminal record",118
"tulsa county criminal record",118
"criminal free kentucky record",117
"criminal record in canada",117
"criminal record in wisconsin",117
"criminal record pardon",116
"county criminal oklahoma record",115
"sacramento county criminal record",115
"criminal record in michigan",114
"dade county criminal record",114
"maine criminal record",114
"criminal record in texas",113
"texas state criminal record",113
"florida criminal court record",111
"county criminal record travis",110
"criminal pennsylvania record search",110
"franklin county criminal record",110
"free criminal record info",110
"nationwide criminal record",110
"virginia public criminal record",110
"broward county criminal public record",108
"california criminal expunge record",107
"criminal free history record",106
"criminal free instant record",106
"criminal free kansas record",106
"check criminal ohio record",104
"colorado criminal free record",104
"county criminal manatee record",104
"expunge criminal record in washington",104
"check criminal oklahoma record",103
"check criminal record texas",103
"north carolina public criminal record",102
"oklahoma public criminal record",102
"criminal free michigan record",101
"criminal people record search",101
"remove criminal record uk",101
"arizona criminal free record",100
"canada criminal record check",100
"criminal record check online",100
"free criminal record search online",100
"california criminal free record search",99
"check criminal free online record",99
"check criminal record illinois",99
"criminal free iowa record",99
"nationwide criminal record search and credential",99
"criminal record and florida",98
"criminal record investigation",98
"request for criminal record check",98
"absolutely criminal free record",97
"criminal idaho record",96
"free criminal record check online",96
"county criminal hamilton ohio record",95
"georgia criminal record search",95
"michigan criminal record search",95
"criminal free record",94
"criminal information public record",94
"criminal record searchsex offender",94
"find criminal record free",94
"milwaukee criminal record",94
"criminal offender record",93
"criminal record in north carolina",93
"expungement criminal record",93
"oregon criminal record",93
"criminal free record view",92
"find a job with a criminal record",91
"rcmp criminal record check",91
"california criminal record check",90
"criminal free look record up",90
"hennepin county criminal record",90
"criminal federal free record search",89
"state of texas criminal record",89
"criminal free louisiana record",88
"criminal free ohio public record",88
"tn criminal record",88
"west virginia criminal record",88
"carolina check criminal record south",87
"canada criminal record check free",86
"check criminal fbi record",86
"criminal free people record",86
"criminal public record record",86
"no criminal record certificate",86
"peace bond criminal record",86
"check criminal michigan record",84
"criminal record certificate",84
"gregg county criminal record",84
"fbi criminal record check",83
"nebraska criminal record",83
"north carolina criminal record search",83
"scottish criminal record office",83
"carolina criminal free in north record",82
"carolina criminal free record south",82
"criminal find people record",82
"nevada public criminal record",82
"orange county florida criminal record",82
"pierce county criminal record",82
"california criminal record free",81
"criminal free nebraska record",81
"criminal montana record",81
"criminal record research",81
"free michigan criminal record",81
"getting a criminal record cleared",81
"look up criminal record",81
"criminal offender record information",80
"criminal record finder",80
"criminal record information",80
"expungement of criminal record in georgia",80
"record search criminal",80
"obtain criminal record",79
"criminal expunge in record texas",78
"free criminal record pennsylvania",78
"criminal record south dakota",77
"georgia public criminal record",77
"texas public criminal record",77
"clear criminal record in oregon",76
"clear criminal record in washington",76
"free criminal record alabama",76
"miami dade county criminal record",76
"ca criminal free record",75
"check your criminal record",75
"criminal florida free public record",75
"criminal record check rcmp",75
"criminal record in florida",75
"criminal record state united",75
"shareware for criminal record",75
"county court criminal record tarrant",74
"criminal in oklahoma record",74
"criminal record act",74
"finding criminal record",74
"free criminal record background check",74
"free+criminal+record+search+online",74
"michigan state criminal record",74
"background check criminal free record",73
"criminal free record sc",73
"criminal new public record york",73
"criminal record check ontario",73
"criminal record nc",73
"criminal record ohio",73
"free louisiana criminal record",73
"free maryland criminal record",73
"nc public criminal record",73
"public criminal record michigan",73
"county criminal dane record",72
"criminal search record database",72
"departmentjustice criminal record",72
"state criminal record search",72
"check criminal public record",71
"criminal free information record",71
"criminal louisiana record state",71
"criminal dallas record texas",70
"criminal expungement kansas record",70
"criminal free info record",70
"criminal national record search",70
"criminal record search public free",70
"free public criminal record search",70
"hawaii criminal record",70
"how do you clear your criminal record",70
"canada criminal free record",69
"co criminal record",69
"criminal record pardons",69
"dallas county texas criminal record",69
"crime record free criminal background check",68
"missouri state criminal record",68
"canada criminal record search",67
"county criminal harris record search",67
"criminal record 19702",67
"criminal record check free",67
"criminal record cleared",67
"employment criminal record",67
"michigan state police criminal record",67
"new york public criminal record",67
"palm beach county criminal record",67
"ssn criminal record",67
"wa criminal record",67
"criminal record check california",66
"criminal record check florida",66
"criminal record expunge",66
"free criminal record search by name",66
"free search criminal record",66
"massachusetts criminal record search",66
"criminal record check pa",65
"criminal record finding out",65
"criminal record for dace j",65
"employment for people with criminal record",65
"free federal criminal record",65
"how to expunge a criminal record",65
"online criminal record check",65
"alaska criminal record search",64
"criminal free nc record search",64
"criminal in kentucky record",64
"criminal+record+check",64
"criminal record in illinois",64
"criminal record in ohio",64
"criminal record review act",64
"criminal record search news jersey",64
"sample petition to expunge criminal record",64
"criminal record cuyahoga county",63
"federal criminal record check free",63
"free oklahoma criminal record",63
"maryland criminal record",63
"statewide criminal record search",63
"criminal record search virginia",62
"free criminal record 26",62
"free state criminal record",62
"headlock criminal record",62
"illinois criminal record free",62
"michael thomason criminal record",62
"public record criminal records free background check",62
"alabama criminal public record",61
"criminal+court+record",61
"criminal free record virginia",61
"criminal hampshire new record search",61
"criminal record form",61
"oklahoma criminal public record",61
"remove a florida criminal record",61
"rick wakeman criminal record",61
"seattle criminal record",61
"alabama criminal record state",60
"collier county criminal record",60
"colorado criminal expungement record",60
"criminal florida record seal",60
"criminal free record tennessee",60
"criminal record free find",60
"criminal record pardon canada",60
"uk criminal record",60
"canadian laws on travelling with a criminal record",59
"check criminal instant record",59
"colorado criminal record state",59
"expunged criminal record",59
"free criminal record canada",59
"free online criminal record report in michigan",59
"texas state criminal record state criminal record",59
"court criminal federal record",58
"criminal free public record wisconsin",58
"entering with a criminal record",58
"incorrect criminal history record",58
"michigan public criminal record",58
"oklahoma county criminal record",58
"california county criminal orange record",57
"criminal free get record",57
"criminal record on line",57
"free missouri criminal record",57
"american idol criminal record",56
"county criminal record ventura",56
"criminal expungement florida record",56
"criminal free giorgia record",56
"do i have a criminal record",56
"free+criminal+record+search",56
"iowa state criminal record",56
"lookup criminal record",56
"minnesota criminal record free",56
"public+criminal+record",56
"state of criminal record",56
"arkansas criminal record state",55
"criminal free online record report",55
"criminal in iowa record",55
"criminal iowa record search",55
"eminem criminal record",55
"expunge criminal record in texas",55
"los angeles county criminal record",55
"all about criminal record",54
"bob moore criminal record nashville tn",54
"canada criminal immigration record",54
"criminal record check missouri",54
"criminal record in iowa court",54
"federal criminal record check",54
"find anyone27s criminal record",54
"n 400 criminal record",54
"new york criminal record free",54
"ontario criminal record check",54
"state of ohio criminal record",54
"county criminal duval record",53
"county criminal fl orange record",53
"court criminal record tennessee",53
"criminal kentucky public record",53
"criminal record resources",53
"criminal record sealed",53
"free criminal record wisconsin",53
"ny criminal record check",53
"texas+criminal+record",53
"criminal fbi record search",52
"criminal investigation record",52
"criminal record clearfield county",52
"criminal find has if record someone",51
"criminal information massachusetts offender record",51
"criminal mississippi record state",51
"criminal record disclosure",51
"criminal record look up",51
"ca criminal record",50
"california criminal record sealing",50
"clearing criminal record",50
"county criminal montgomery ohio record",50
"court criminal record free",50
"criminal expunge illinois record",50
"criminal record in nc",50
"criminal record in texas record in texas",50
"criminal record what can they see",50
"free colorado criminal record",50
"george bushs criminal record",50
"baldwin county criminal public record sheriff",49
"county criminal florida pinellas record",49
"criminal free juvenile record",49
"criminal michigan record search",49
"criminal new record search york",49
"criminal record state utah",49
"expunged criminal record utah",49
"free criminal record sites",49
"state criminal history record check",49
"alaska state criminal record",48
"arkansas criminal public record",48
"bureau criminal record uk",48
"congress criminal record",48
"county criminal lake ohio record",48
"criminal record 43",48
"criminal record state of iowa",48
"free minnesota criminal record",48
"wakeman criminal record",48
"background check criminal public record",47
"colorado public record criminal",47
"criminal free in missouri record search",47
"expungement of criminal record texas",47
"free criminal record arizona",47
"free criminal record kentucky",47
"free criminal record search in bc",47
"milwaukee public criminal record",47
"ohio criminal court record",47
"background criminal free record",46
"check criminal history record",46
"clear your criminal record wisconsin",46
"county criminal ohio portage record",46
"criminal department record texas",46
"criminal record expunged florida",46
"criminal record in virginia",46
"federal criminal history record check",46
"free criminal background public record",46
"free virginia criminal record",46
"how to look for criminal record free",46
"nevada criminal record free",46
"pike county missouri criminal record",46
"seal criminal record in massachusetts",46
"state of michigan criminal record",46
"check criminal florida record",45
"county criminal michigan record wayne",45
"criminal public record tennessee",45
"criminal record virginia",45
"dention county criminal record",45
"free criminal record check canada",45
"ian huntley criminal record",45
"illinois criminal record check",45
"pennsylvania state police request for criminal record check",45
"public record criminal background check",45
"canadian laws on travelling with a+criminal record",44
"check criminal illinois record",44
"clark county criminal nevada record",44
"county criminal record checks",44
"criminal oregon public record",44
"finding individual criminal record",44
"find out person criminal record",44
"free criminal record search nc",44
"free texas criminal record search",44
"how to expunge your criminal record",44
"public criminal record for georgia",44
"public criminal record for south carolina",44
"alabama criminal free record",43
"california check criminal record",43
"county criminal hall record search",43
"county criminal history record check",43
"free vermont criminal record search",43
"free web site on criminal record",43
"kansas public criminal record",43
"texas criminal record check",43
"background check criminal record software",42
"bc criminal record check",42
"california criminal free public record",42
"criminal public record roanoke",42
"criminal record employment",42
"criminal record search background check",42
"criminal record search in mexico",42
"free criminal record check florida",42
"free criminal record look",42
"free online criminal record wisconsin",42
"free public criminal record texas",42
"how to cleaning criminal record in new york state",42
"kentucky public criminal record",42
"seal or expunge your criminal record",42
"county criminal public record",41
"criminal indiana record state",41
"criminal record directory",41
"criminal record ottawa ontario canada",41
"erasing a criminal record in maine",41
"finding individual michigan criminal record",41
"free criminal record georgia",41
"free text criminal record",41
"harrison county public criminal record",41
"kentucky criminal record search",41
"state of georgia criminal record",41
"australia criminal record check",40
"criminal record state tennessee",40
"florida criminal record 0d 0a",40
"police criminal record check",40
"record search free criminal bacground check",40
"access criminal public record",39
"check criminal pa record",39
"county criminal gregg record texas",39
"county criminal nueces public record",39
"criminal federal free record",39
"criminal nevada record state",39
"criminal record bureau uk",39
"criminal record information free",39
"florida criminal record 0a",39
"franklin county ohio criminal record",39
"rcmp montreal criminal record",39
"canada criminal record removal",38
"county criminal iowa polk record",38
"criminal free record search texas",38
"criminal maryland public record",38
"criminal record check vancouver",38
"fl criminal record check free",38
"lonnie dean powell criminal record",38
"marine criminal record",38
"massachusetts criminal record check",38
"military criminal record",38
"new jersey criminal record expungement",38
"rcmp criminal record",38
"a criminal record",37
"canada criminal history record",37
"criminal expunge jersey new record",37
"criminal record and immigration",37
"criminal record pennsylvania",37
"criminal record search in bc",37
"free criminal record search for clark county nv",37
"henry jimenez criminal record",37
"louisiana public criminal record",37
"reports criminal record background check public records",37
"someone has a criminal record",37
"state of oklahoma criminal record",37
"belgium criminal record",36
"colorado criminal free public record",36
"colorado criminal record expungement",36
"criminal history record search",36
"criminal record for gregg county",36
"criminal record search wisconsin",36
"free public california criminal record",36
"illinois criminal record expungement",36
"jacksonville florida criminal record",36
"oklahoma criminal record of michellalene burgess",36
"canada check criminal record",35
"canadian check criminal record",35
"casenet criminal record",35
"county criminal grayson record texas",35
"court criminal record",35
"criminal federal record search",35
"criminal kansas public record",35
"criminal record in oklahoma",35
"criminal+record+report",35
"florida free criminal record search",35
"free australian criminal record checks",35
"mike harness criminal record",35
"ohio public criminal record",35
"oklahoma criminal record search",35
"use juvenile criminal record government employers",35
"wisconsin public criminal record free",35
"check criminal free public record",34
"check criminal record free",34
"criminal free pennsylvania record",34
"criminal record check abstract",34
"criminal record database uk",34
"free+criminal+record+reports",34
"georgia criminal record check",34
"las vegas criminal record",34
"public record criminal washington state",34
"wisconsin criminal record checks",34
"background+check+criminal+record",33
"check criminal georgia history record state system",33
"check criminal record for free",33
"clearing your criminal record",33
"criminal+background+court+record",33
"criminal+record+lookup",33
"criminal+record+uk",33
"find somebodys criminal record",33
"free criminal history record",33
"free wisconsin criminal record",33
"real time criminal record check",33
"check criminal record richard hendricks",32
"criminal free police record report",32
"expunge criminal record new york",32
"riverside county public criminal record",32
"roger medford, criminal record",32
"shoplifting criminal record",32
"wayne county michigan criminal public record",32
