"""charter club"" down comforter",1
"""down comforter""",11
"""down comforter"" ÃÂÃÂ«uropean goose""",2
"""down comforter"" ÃÂÃÂ«uropean goose"" target",1
"""down comforter"" cleaning",1
"""down comforter+care""",4
"""everyday luxe"" comforter review down alternative",1
"""how to clean a down comforter""",2
"""luxury hotel down comforter""",2
"""serta level 3 goose down comforter""",1
"''''down comforter""",2
"(company store,, garnet hill) down comforter queen",2
"100 down comforter",30
"100 down comforter set",2
"100 down filled comforter",2
"100 down king comforter",3
"100 egyptian cotton goose down comforter",66
"100 goose down comforter",15
"100 x 90 down alternative comforter",7
"100 x 90 down comforter",10
"1000 comforter count down silk thread",1
"1000 thread count hungarian white goose down comforter",1
"1000tc down comforter",1
"108 x 94 down comforter",1
"108x98 size down comforter duvet",3
"110x96 down comforter",8
"120 x 98 down comforter",4
"1200 thread count down comforter",4
"230 down comforter",1
"230 tc down alternative full queen white comforter nr",2
"230tc down alternative comforter",2
"25 ounce queen size down comforter",1
"28 oz down comforter",1
"28 oz twin white goose down comforter",1
"300 count down comforter",3
"300 down comforter",3
"300 tc down comforter",1
"300 thread count down comforter",8
"30oz 700fp down comforter",1
"30oz down comforter",1
"330 down comforter",1
"330 tc damask white goose down comforter",1
"330 white down comforter",1
"400 count down comforter",1
"400 tc down comforter",2
"400 thread count down comforter",1
"400tc goose down comforter",7
"50 50 feather and down 3 piece cotton comforter set",1
"55 ounce down comforter",1
"60 ounce down comforter",2
"60 ounce fill down comforter",1
"60 ounce fill weight down comforter",2
"600 down comforter",3
"600 down comforter set",1
"600 fill power down comforter",1
"600 fill power goose down comforter",1
"600 fp down comforter",3
"600 fp down comforter set",3
"600 fp twin down comforter",2
"600 tc down comforter queen",1
"600 thread count down comforter",2
"600fp down comforter",7
"600fp down comforter lot",2
"600fp down comforter set",3
"600fp goose down comforter",2
"600tc goose down comforter",2
"65 oz goose down comforter",2
"650 down comforter",8
"650 fill power goose down comforter",7
"650 fill power rating down comforter",2
"650 fill power white goose down comforter",3
"650 king down comforter",6
"700 down comforter",6
"700 down comforter set",2
"700 fill down comforter",1
"700 fill power down comforter",1
"700 fill power down comforter set",1
"700 fill power rating down comforter",2
"700 fp down comforter",16
"700 fp down comforter set",2
"700 king down comforter",6
"700 king down comforter 80 oz",2
"700 power filled goose down comforter",2
"700 tc down comforter",1
"700 tc goose down comforter",4
"700fp down comforter",20
"700fp down comforter lot",1
"700fp down comforter queen",5
"700fp down comforter set",5
"700fp goose down comforter",1
"700tc goose down comforter",3
"75 white duck down comforter",1
"750 down comforter",2
"750 fill 50 ounce down comforter queen",1
"750 fill power goose down comforter",11
"750 fp 900 tc down comforter",2
"750 fp down comforter",5
"750 king down comforter",4
"800 down comforter",5
"800 fill down comforter",3
"800 fill power down comforter",3
"800 fill power goose down comforter",1
"800 fill power silk white goose down comforter and pillows",2
"800 fill power white goose down comforter and pillows",2
"800 king down comforter",2
"800 tc milano white goose down comforter",2
"800 tc milano white goose down comforter full queen 1",2
"800 thread count damask stripe down comforter",4
"800 thread count down comforter",2
"800 thread count down comforter 700 fill",4
"800 thread down comforter",18
"800 thread down comforter 4 less",5
"800fp down comforter",5
"800tc oversized white goose down comforter",1
"88 x 92 queen down comforter",1
"90 x 100 down comforter",3
"900 tc goose down comforter",5
"92 x 88 down comforter",17
"94x94 down comforter",2
"95 5 feather and down reversible comforter",2
"96x80 down comforter cover",1
"aeolus alternataive down comforter",4
"aeolus alternative down comforter",6
"aeolus down comforter",5
"aeolus white duck down comforter",1
"afton martex down comforter",2
"alberta down comforter",10
"alexandra jordan 900tc goose down comforter year-round king",1
"alexandra jordan down comforter",1
"alexandra jordan king down comforter",1
"all about down comforter",3
"all down comforter",6
"all down king comforter",2
"all season 260tc down comforter",1
"all season 260tc white goose down comforter king",1
"all season alternative down comforter",1
"all season down comforter",10
"all season down twin comforter",4
"all season goose down twin comforter",1
"all season jc penney down comforter",2
"all seasons down comforter",1
"all white goose down comforter",3
"allergies and down comforter",2
"allergies down comforter",1
"allergy free down comforter",8
"allersoft or down or comforter or encasing",1
"almost down comforter",1
"alternate down comforter",5
"alternative down and comforter",1
"alternative down comforter",244
"alternative down comforter black",11
"alternative down comforter full",1
"alternative down comforter king",2
"alternative down comforter queen",4
"alternative down comforter queen sateen",2
"alternative down comforter summer",2
"alternative down comforter twin",8
"alternative down comforter, hillard and hanson",2
"alternative down king comforter",1
"alternative down summer weight comforter",2
"alterntive down comforter",1
"alton down comforter",1
"altrnative down comforter",4
"am looking for a purple down comforter",4
"andes down comforter",1
"animal print down comforter",2
"antiallergen comforter and down comforter",1
"antique down comforter",18
"antique satin down filled comforter",4
"ashbourne down comforter",11
"aspen comforter down comforters",4
"aspen down comforter queen down comforters",4
"aurora 230 thread count down comforter",4
"aurora 240tc down comforter",1
"aurora 240tc white goose down comforter",12
"aurora 240tc white goose down comforter king",1
"aurora down comforter",1
"aurora down comforter 240 tc",1
"aurora goose down comforter",5
"aurora iii good down comforter",2
"aurora iii goose down comforter",4
"aurora iii white goose down comforter",2
"aurora king down comforter",2
"australian queen down comforter",1
"avalon 233 thread count feather down queen comforter",2
"baby blue down comforter",1
"baby crib down comforter",7
"baby down comforter",12
"baby goose down comforter",5
"baffle box down comforter",1
"banana republic down comforter",1
"basic elements microplush down alternative comforter",1
"bean down comforter",1
"beautyrest down comforter",4
"bed bath beyond comforter down",2
"bed bath down comforter",1
"bed bugs and down comforter",4
"bed cover for down comforter",2
"bed in a bag and down comforter",1
"beds and twin down comforter",1
"beige brown down comforter",3
"beige down comforter",4
"beige down comforter sets",1
"best buy down comforter",1
"best buy down comforter free shipping",1
"best down comforter",12
"best value down comforter",4
"best value down comforter at a retail store",2
"best washable down comforter",3
"best washable european down comforter",1
"best way to wash a down comforter",1
"better then down comforter",1
"black and teal down comforter",2
"black comforter down",4
"black down alternative comforter",4
"black down comforter",147
"black down comforter gray",1
"black down comforter king",4
"black down comforter king red",14
"black down comforter queen",2
"black extra long twin down comforter",1
"black feather down comforter",3
"black goose down comforter",4
"black king down comforter",1
"black microsuede comforter with down alternative fill",2
"black nautica down comforter",1
"black poka dot down comforter",3
"black queen down comforter",2
"black red down comforter",1
"black satin down comforter",2
"black twin down comforter",5
"blanket comforter down",7
"blood red down comforter",2
"bloomingdale goose down comforter home garden",2
"bloomingdales classic dot down comforter",2
"bloomingdales down comforter",1
"bloomingdales newport down comforter",1
"blue down comforter",36
"blue down comforter king",2
"blue duvet covers with down comforter",2
"blue goose down comforter",1
"blue gray down comforter",3
"blue king down comforter",3
"blue queen down comforter",3
"blue queen size down comforter",5
"blue queen size goose down comforter",1
"blue ridge home fashion st cloud down comforter",6
"blue size down comforter",3
"box stitched feather down comforter",1
"bright down comforter",1
"bright red down comforter",2
"brights 233 tc down comforter",2
"brookstone down comforter",4
"brown and pink microsuede down comforter",5
"brown and pink twin microsuede down comforter",4
"brown comforter down",2
"brown down comforter",54
"brown king down comforter",2
"buckingham down comforter",4
"buckingham down comforter set",3
"buckingham white down comforter set",1
"buckingham white goose down comforter",3
"buckingham white goose down comforter set",9
"bugs in down comforter",3
"burgundy down comforter",8
"burgundy king down comforter",1
"buttons down comforter white",6
"buy down comforter",2
"buying a down comforter",2
"buying down comforter",2
"ca king down comforter",5
"cal king and down comforter",1
"cal king down alternative comforter white",1
"cal king down comforter",65
"cal king down comforter super size",4
"cal king goose down comforter",2
"cal king size goose down comforter",4
"cal king white down comforter",13
"cal king white down comforter discount",4
"cal king white down comforter washable",2
"calafornia king down comforter",8
"calif.king down comforter",1
"california down comforter king",3
"california king down comforter",83
"california king down comforter duvet",1
"california king goose down comforter",14
"california king goose down comforter 1200 fill",10
"california king goose down cotton hypoallergenic comforter",2
"california king microfiber down comforter",2
"california king size down comforter",1
"california king sized colored down comforter",14
"california king white down comforter",7
"califronia king goose down comforter",1
"calvin klein almost down comforter",3
"calvin klein khaki down comforter",2
"calvin lein down alternative comforter",2
"cambric goose down comforter",14
"camden reversible down alternative comforter",2
"camel down comforter",1
"camoflage king down comforter",1
"can i machine wash a down comforter",1
"can i use woolite on a down comforter",1
"can i wash a down comforter",9
"can i wash a down comforter in the washing machine",10
"can i wash my down comforter in the washer?",3
"can i wash my down filled comforter",2
"can my down comforter get bugs in it",1
"can you machine wash a down comforter",4
"can you wash a down comforter",3
"can you wash a down comforter in the washing machine",3
"can you wash a goose down comforter",6
"canadian goose down comforter",6
"cardovan down comforter",1
"care for a down comforter",2
"care for a goose down comforter",2
"care for down comforter",2
"care instructions for down comforter",4
"care of down comforter",4
"carnival down comforter sales",1
"cat urinates on down comforter",7
"cat urine down comforter",2
"charte club down comforter",1
"charter club andes down comforter",2
"charter club appalachian down comforter",5
"charter club aspen down comforter",5
"charter club down alternative comforter",3
"charter club down alternative comforter king",2
"charter club down comforter",73
"charter club down comforter grand",1
"charter club down comforter grand chamonix",3
"charter club down comforter how to clean",1
"charter club down comforter king",3
"charter club down comforter pyrennes",3
"charter club down comforter queen",10
"charter club down comforter yrennes",1
"charter club down king comforter",3
"charter club down twin comforter",1
"charter club f q down comforter",8
"charter club gannett peak down comforter",5
"charter club gannett peak full queen down comforter",3
"charter club goose down comforter",1
"charter club king down comforter",13
"charter club matterhorn down comforter",2
"charter club supreme down comforter",1
"charter club tahoe down comforter",3
"charter club thin down comforter",3
"charter club twin vail down comforter",1
"charter club vail down comforter",4
"charter club vail down comforter queen",5
"charter club vail queen down comforter",3
"cheap down comforter",1
"cheap down comforter sets",1
"cheap down filled comforter",9
"children down comforter",1
"chocolate brown down comforter",13
"chocolate colored white down blanket comforter",2
"chocolate down comforter",13
"chocolate down comforter not microsuede",2
"chocolate king colored white down blanket comforter",1
"chocolate microsuede down comforter",1
"chocolate silk down comforter",7
"chocolate slik down comforter",1
"choose comforter down",2
"choosing a down comforter",5
"choosing down comforter",6
"chris madden down comforter",5
"chris madden down comforter review",4
"clean a down comforter",10
"clean down comforter",18
"clean goose down comforter",1
"clean wash down comforter",1
"cleaning a down comforter",19
"cleaning a down feather comforter",1
"cleaning cat pee down comforter",1
"cleaning cat urine down comforter",1
"cleaning down comforter",35
"cleaning down comforter wash",2
"cleaning goose down comforter",2
"cleaning instructions for feather down comforter",1
"clearance down alternative comforter",10
"clearance down comforter",2
"clearance, baffle down comforter",2
"clearance, down comforter",13
"clored down comforter clearance",4
"closed baffle box down comforter",4
"closed baffle box down comforter linens n things",2
"closeout chris madden luxury down comforter",6
"cloud tm down alternative comforter",2
"coca cola down comforter",2
"coffee down alternative comforter",1
"color down comforter",40
"color down comforter on clearance",6
"color down comforter purple or lilac",14
"colorations down comforter",9
"colored down comforter",14
"colored down comforter king",15
"colored goose down comforter",8
"coloreded down comforter",1
"colorful down comforter",1
"columbia down alternative comforter",3
"columbia down comforter",2
"comforel ultimate down alternative comforter",2
"comfort by design down comforter",2
"comforter alternative down",2
"comforter and down",1
"comforter and down alternative",10
"comforter by phoenix down corp",1
"comforter cover and down alternative",2
"comforter cover down",1
"comforter cover down queen",1
"comforter damask down",1
"comforter discount down goose",1
"comforter down",120
"comforter down alternative",1
"comforter down alternative king",2
"comforter down alternative queen",1
"comforter down comforters",64
"comforter down goose",3
"comforter down goose productpage",15
"comforter down green",2
"comforter down khaki",1
"comforter down king",2
"comforter down king oversized",1
"comforter down lavender",2
"comforter down light",1
"comforter down luxury",1
"comforter down microsuede",1
"comforter down microsuede set",7
"comforter down oversized",5
"comforter down queen",1
"comforter down queen size",1
"comforter down rating",2
"comforter down reversible",1
"comforter down satin",32
"comforter down silk",1
"comforter down suede",6
"comforter down throw",2
"comforter goose down hollander home fashion queen size",2
"comforter goose down queen size",2
"comforter goose down size",4
"comforter king down",7
"comforter king down charter club",6
"comforter king set down",4
"comforter navy down",1
"comforter new queen down",1
"comforter queen down",10
"comforter queen down alternative",1
"comforter queen down duvet full queen comforters",2
"comforter queen down free",1
"comforter queen down get 1 free",2
"comforter set and down",4
"comforter sets and down alternative",1
"comforter sets and down comforter",2
"comforter sets and down comforters",1
"comforter twin down",2
"comforter twin down bedding",2
"comforter white goose down",1
"company kids down comforter",1
"company store down comforter",9
"company store king down comforter",2
"compare down comforter",1
"compare down comforter in home",4
"compare down comforter prices",3
"correlation between goose down comforter and fleas and ticks",2
"country store down comforter",1
"cover down comforter",2
"cover for down comforter",3
"covers for down alternative comforter",5
"crib down comforter",64
"crib size down comforter",8
"crown jewel down comforter",1
"cuddle down comforter",1
"cuddle down down comforter",1
"cuddle down ruby comforter",2
"cuddledown down comforter",1
"cure for skin rash from down comforter",2
"cute down comforter white",3
"damask down comforter",2
"damask goose down comforter",2
"dark brown down comforter",4
"dark brown microsuede down comforter",6
"deciding quilt or down comforter",2
"devut covers down comforter",2
"dewoolfson down comforter 800 fill power",3
"difference between down and alternative down comforter",2
"difference between siberian and white goose down comforter",3
"discount down alternative comforter",16
"discount down comforter",10
"discount down comforter sets",1
"discount hotel european white goose down comforter",1
"discount microfiber down comforter",11
"discounted down comforter",2
"docker down comforter",1
"dockers down comforter",2
"dockers reversible down comforter",5
"dockers reversible down comforter queen king",1
"does a duvet cover go over a down comforter",1
"does down comforter cause skin irritation?",1
"dog urine down comforter",1
"dolphin down comforter",5
"dolphin down comforter bedding",3
"double bed down comforter",2
"double down comforter",4
"down altenative comforter",2
"down alterative comforter",3
"down alternate comforter",2
"down alternative blanket comforter",2
"down alternative comforter",1054
"down alternative comforter and blankets",4
"down alternative comforter and twin",4
"down alternative comforter california king",10
"down alternative comforter full",2
"down alternative comforter full queen",2
"down alternative comforter information",1
"down alternative comforter king",34
"down alternative comforter king 106 x 96",1
"down alternative comforter king oversized",2
"down alternative comforter microsuede queen",1
"down alternative comforter navy",3
"down alternative comforter oversized",28
"down alternative comforter oversized and down alternative",4
"down alternative comforter queen",34
"down alternative comforter sale",3
"down alternative comforter set",14
"down alternative comforter sets",4
"down alternative comforter twin",6
"down alternative comforter twin size",1
"down alternative comforter white",1
"down alternative comforter with bedskirt",1
"down alternative comforter, heavyweight",2
"down alternative compared to down comforter",1
"down alternative king comforter",37
"down alternative king comforter 96 x106",2
"down alternative king size comforter",1
"down alternative queen comforter",4
"down alternative twin comforter",13
"down alternative versus down comforter",2
"down alternitive comforter",1
"down alternitve king comforter",1
"down and comforter",22
"down and feather comforter",5
"down and polyester blend comforter",6
"down baby comforter",3
"down bed comforter full",1
"down bedding comforter",3
"down blanket comforter",2
"down camo comforter",1
"down comforter",7916
"down comforter $30.00",3
"down comforter +shed",2
"down comforter +shedding",7
"down comforter -feather",1
"down comforter -microsuede",1
"down comforter 100",4
"down comforter 100 x 90",15
"down comforter 106 x 96",7
"down comforter 108x98",1
"down comforter 1799",19
"down comforter 240",1
"down comforter 2999",1
"down comforter 3 pc",3
"down comforter 300",6
"down comforter 300 thread count",2
"down comforter 400",2
"down comforter 400 count",1
"down comforter 400 thread count",13
"down comforter 50",2
"down comforter 50 oz",1
"down comforter 525 fill power",1
"down comforter 60",1
"down comforter 60 oz",2
"down comforter 600",4
"down comforter 600 fill",5
"down comforter 600 fill power",1
"down comforter 600 fill power or better",1
"down comforter 600 power fill difference 29oz down",1
"down comforter 600fp",2
"down comforter 600tc",4
"down comforter 63",1
"down comforter 650fp",1
"down comforter 700",3
"down comforter 700 fill power",2
"down comforter 700 fp",4
"down comforter 700 fp sale",2
"down comforter 700fp",7
"down comforter 80",2
"down comforter 800fp",1
"down comforter 82 x 78",1
"down comforter 86x86",1
"down comforter 88 x 92",5
"down comforter 88x92",2
"down comforter 900 tc",6
"down comforter 95",3
"down comforter 96 x 96",9
"down comforter alternative",24
"down comforter alternative sale",1
"down comforter alternet detergent",2
"down comforter alternitive",1
"down comforter and asthma",1
"down comforter and baffle construction",2
"down comforter and bedding",9
"down comforter and cleaning",4
"down comforter and discount",5
"down comforter and duvet",1
"down comforter and duvet cover",1
"down comforter and non allergenic",1
"down comforter and overheating",1
"down comforter and sale",1
"down comforter and shams",1
"down comforter and throws",8
"down comforter and washing instructions",3
"down comforter animal ethic",3
"down comforter any size 4999",1
"down comforter aurora",1
"down comforter baby",5
"down comforter baffle box",2
"down comforter bag",2
"down comforter be washed in washing machine",1
"down comforter bed in a bag",7
"down comforter bed set",5
"down comforter bedding",14
"down comforter bedding sets",3
"down comforter beige",2
"down comforter black",9
"down comforter black tan",1
"down comforter blanket",5
"down comforter blankets",9
"down comforter blue",2
"down comforter blue orange",1
"down comforter blue stripe",1
"down comforter box baffle construction",1
"down comforter box baffle king",2
"down comforter brown",5
"down comforter bugs",5
"down comforter cal king",5
"down comforter california king",14
"down comforter care",28
"down comforter care and cleaning",1
"down comforter care instructions",4
"down comforter care wash",2
"down comforter case",1
"down comforter cat urine",2
"down comforter champagne",2
"down comforter charter club",8
"down comforter charter club bedding",4
"down comforter cheap",2
"down comforter chocolate",3
"down comforter clean",1
"down comforter cleaner",4
"down comforter cleaner long beach",1
"down comforter cleaner plano tx",1
"down comforter cleaners in bay area",4
"down comforter cleaning",22
"down comforter cleaning in arlington texas",2
"down comforter cleaning services in arlington tx",2
"down comforter clearance",9
"down comforter clearance sale",1
"down comforter closeout",2
"down comforter coast",1
"down comforter coast king",3
"down comforter color",7
"down comforter colors",1
"down comforter comforters",6
"down comforter companies",2
"down comforter compare",4
"down comforter composition",1
"down comforter consumer report",6
"down comforter cotton",1
"down comforter couches",2
"down comforter cover",67
"down comforter cover blue",4
"down comforter covers",163
"down comforter covers and comforter covers",2
"down comforter covers and protectors",2
"down comforter covers striped",7
"down comforter crib",15
"down comforter detergent",3
"down comforter dimensions",1
"down comforter discount",1
"down comforter discount price",1
"down comforter double size",2
"down comforter down pillows",6
"down comforter duvas",2
"down comforter duvee",1
"down comforter duvet",6
"down comforter duvet cover",1
"down comforter electric blanket",3
"down comforter end to end baffle box",2
"down comforter extra long",1
"down comforter faq",3
"down comforter faux silk",3
"down comforter faux suade sage",1
"down comforter faux suede",6
"down comforter faux suede sage",4
"down comforter feather",3
"down comforter featherbed combo king",2
"down comforter feathers everywhere",6
"down comforter fieldcrest",2
"down comforter fill",2
"down comforter fill power",8
"down comforter fill rates",5
"down comforter fill warmth",4
"down comforter floral",2
"down comforter for baby",1
"down comforter for baby bed",8
"down comforter for beds",2
"down comforter for deep mattress",2
"down comforter for less",2
"down comforter for summer",2
"down comforter fp",2
"down comforter free shipping",1
"down comforter full",171
"down comforter full alternative",2
"down comforter full comforters",4
"down comforter full feather",1
"down comforter full feather mattress",2
"down comforter full new",3
"down comforter full new alternative",1
"down comforter full new alternative feather",7
"down comforter full queen",23
"down comforter full queen comforters",2
"down comforter full size",13
"down comforter heavy",3
"down comforter heavy weight",1
"down comforter holiday inn",1
"down comforter home garden",127
"down comforter hotel",4
"down comforter hotel queen",1
"down comforter hotel queen -alternative",1
"down comforter how to care for",8
"down comforter how to choose",2
"down comforter hungarian",3
"down comforter in bed",1
"down comforter in cab",4
"down comforter in california king size",1
"down comforter in california king sizw",1
"down comforter in colors on sale",4
"down comforter jc penny",2
"down comforter khaki",4
"down comforter king",601
"down comforter king 104 x 94",4
"down comforter king 3 pc",1
"down comforter king 600tc 700fp",2
"down comforter king 650",2
"down comforter king 650 fp",2
"down comforter king 700",18
"down comforter king 700 fp",4
"down comforter king alternative",1
"down comforter king alternative home garden",1
"down comforter king and california king",2
"down comforter king bedding",6
"down comforter king box baffle",3
"down comforter king box baffle construction",1
"down comforter king champagne",2
"down comforter king comforters",6
"down comforter king covers",1
"down comforter king cranberry",1
"down comforter king cream",1
"down comforter king feather",1
"down comforter king fill power",1
"down comforter king full queen comforters",2
"down comforter king heavy weight",1
"down comforter king hungarian",4
"down comforter king ivory",2
"down comforter king king comforters",5
"down comforter king new",1
"down comforter king new white",4
"down comforter king oversized",5
"down comforter king sage",3
"down comforter king sale",2
"down comforter king size",16
"down comforter king size and king down conforter set",2
"down comforter king winter",4
"down comforter lap",2
"down comforter laundering",1
"down comforter laundry plano tx",2
"down comforter laura ashley",4
"down comforter linens n things",5
"down comforter ll bean",2
"down comforter lot",4
"down comforter lowest price",1
"down comforter machine wash",6
"down comforter machine wash water temperature",4
"down comforter machine washable",2
"down comforter makers",3
"down comforter manufacturer in seattle",3
"down comforter mattress",1
"down comforter microfiber",6
"down comforter microsuede black",2
"down comforter moreinfo",1
"down comforter mt fuji",2
"down comforter new",29
"down comforter new full",8
"down comforter northern nights",1
"down comforter odor",1
"down comforter on sale",7
"down comforter on sale ""twin"" less",10
"down comforter on sale free shipping",2
"down comforter on sale macys",4
"down comforter outlet",1
"down comforter outlet cincinatti oh",1
"down comforter outlets",5
"down comforter oversized",2
"down comforter pacific",6
"down comforter pacific coast",5
"down comforter pillow",1
"down comforter pillows",12
"down comforter pillows sale",2
"down comforter pink",12
"down comforter quality",1
"down comforter quality comparison",1
"down comforter queen",731
"down comforter queen 650",4
"down comforter queen 700",3
"down comforter queen anchini",1
"down comforter queen anichini",1
"down comforter queen bean",2
"down comforter queen bedding",24
"down comforter queen blue",2
"down comforter queen company store",6
"down comforter queen cuddle",2
"down comforter queen full queen comforters",32
"down comforter queen legends",1
"down comforter queen pacific",3
"down comforter queen red",1
"down comforter queen rust",1
"down comforter queen sale",12
"down comforter queen set",2
"down comforter queen size",2
"down comforter queen size signature",1
"down comforter queen under 100",1
"down comforter queen winter",1
"down comforter quilt by fieldcrest",2
"down comforter quilts",2
"down comforter ralf lauren",1
"down comforter ralph lauren",2
"down comforter rating",2
"down comforter ratings",5
"down comforter red",17
"down comforter red king size",2
"down comforter repair",3
"down comforter review",2
"down comforter reviews",16
"down comforter sage",4
"down comforter sale",16
"down comforter search",1
"down comforter sears",1
"down comforter seattle",2
"down comforter set",177
"down comforter set 3 pc",1
"down comforter set king",14
"down comforter set king 3 pc",3
"down comforter set king 3 pc new",2
"down comforter set queen",2
"down comforter sets",202
"down comforter sets best bargains",1
"down comforter sets cheap",1
"down comforter sewn through",1
"down comforter sheet king",1
"down comforter shifting down",3
"down comforter single",1
"down comforter size king white",1
"down comforter slip cover",2
"down comforter slippers",7
"down comforter small throws",3
"down comforter spin cycle",4
"down comforter springs",1
"down comforter stain removal",2
"down comforter storage",2
"down comforter storage bags",10
"down comforter store",1
"down comforter super size king",1
"down comforter synthetic",1
"down comforter sz full",1
"down comforter t233",1
"down comforter tan",3
"down comforter textures",6
"down comforter thread coung",1
"down comforter thread count",31
"down comforter throw",3
"down comforter throws",8
"down comforter toddler",2
"down comforter tommy",4
"down comforter tommy twin",10
"down comforter topic 3a 22linens 22",2
"down comforter tween tommy",8
"down comforter twin",243
"down comforter twin bedding",10
"down comforter twin comforters",10
"down comforter twin extra long",1
"down comforter twin home garden",17
"down comforter twin oversized",1
"down comforter under 50.00",1
"down comforter urine",2
"down comforter used",2
"down comforter vail",2
"down comforter vests",1
"down comforter warm",4
"down comforter wash",1
"down comforter wash how to",7
"down comforter wash instructions",3
"down comforter washable",4
"down comforter washing",48
"down comforter washing instructions",3
"down comforter washing tips",1
"down comforter weight",2
"down comforter weight meanings",2
"down comforter weight meanings of",2
"down comforter weight meanings ounces",4
"down comforter weight meanings oz",2
"down comforter weight warmth",6
"down comforter weights",3
"down comforter white goose too warm",10
"down comforter winter fill power",1
"down comforter with bedskirt",2
"down comforter with cover",2
"down comforter with duvet",5
"down comforter with duvet cover",2
"down comforter with green",2
"down comforter with green stripe on side",5
"down comforter with khaki",1
"down comforter with shams",4
"down comforter year round",4
"down comforter, ho wo wash",1
"down comforter, wash",3
"down comforter,clearance price",1
"down comfortersz and black grey comforter",1
"down covers and down comforter covers",1
"down crib comforter",1
"down feather comforter",38
"down feather comforter bedspreads coverlets",1
"down feather comforter cover",3
"down feather comforter laundry instructions",6
"down feather twin comforter",1
"down fetter covers comforter cost",2
"down fill comforter",1
"down filled comforter",24
"down filled comforter in the color sage or green",2
"down filled comforter product information",1
"down filled comforter set",4
"down filled comforter wamsutta",3
"down filled pillow top comforter",1
"down filled red color comforter",2
"down free comforter",4
"down full comforter",6
"down goose comforter",6
"down hypoallergenic comforter king",3
"down inc.ÃÂÃÂ® signature down comforter",1
"down king comforter",48
"down king comforter alternative",3
"down king comforter blue",2
"down king comforter pretty",1
"down king comforter sets",4
"down king comforter smoky blue",2
"down king comforter washable",1
"down king size comforter",1
"down king size comforter cover",1
"down lap comforter",7
"down lavendar comforter twin",2
"down lavendar king comforter",1
"down like comforter",3
"down lite king comforter",2
"down microsuede comforter",5
"down or silver down comforter",2
"down or synthetic comforter",1
"down or synthic comforter",1
"down pillow comforter care",7
"down pillow comforter wash",2
"down plumule comforter",5
"down queen comforter",78
"down queen comforter home garden",36
"down ralph lauren comforter queen",1
"down red comforter",1
"down reversible comforter",4
"down rich comforter",3
"down satin comforter",2
"down senthetic comforter full",1
"down suede comforter",15
"down twin comforter",15
"down twin comforter cheap",1
"down versus down alternative comforter",1
"down white twin comforter",1
"down wool comforter",1
"down, winterweight, and comforter",1
"dry clean down comforter",6
"dry clean only down comforter",10
"dry cleaners down comforter arlingotn texas",1
"dry cleaners down comforter arlington texas",1
"dry cleaning a down comforter",3
"dry cleaning for down comforter in arlington texas",1
"dry down comforter instructions",2
"duck down comforter",4
"dupioni silk down comforter",2
"duvet and down comforter",1
"duvet cover down comforter",2
"duvet cover for down comforter",1
"duvet for down comforter",2
"easiest way to clean a down comforter",2
"eastern king down comforter",2
"ecru down comforter",1
"eddie bauer down alternative comforter",7
"eddie bauer down comforter",10
"eddie bauer ultra goose down comforter",7
"eddie fauer down comforter",2
"egyptian cotton down comforter",8
"egyptian damask down comforter",9
"eider down comforter",1
"eider duck down comforter",4
"encasing for down comforter to reduce allergies",1
"equinox down comforter",2
"estate collection ultra down comforter",2
"euro check 5pc down comforter set",1
"euro down comforter",1
"euro style down comforter",1
"european down comforter",4
"european goose down comforter",2
"european goose down queen comforter",3
"european queen down comforter",4
"european white down comforter",1
"european white goose down comforter",7
"european white goose down comforter 28 oz",1
"european white goose down comforter twin",5
"european white goose down comforter twin 28 oz",1
"extra deep down comforter",1
"extra long down comforter",3
"extra long twin down comforter",1
"famous maker 230 tc oversized down comforter full queen",16
"faux down comforter",3
"faux fur alternative down comforter",1
"faux fur down alternative comforter",1
"faux fur down comforter",4
"faux sude down comforter",1
"faux suede down alternative comforter",1
"faux suede down comforter",9
"feater down comforter",2
"feather and down comforter",12
"feather bed down comforter",2
"feather down and feather down and feather down comforter",1
"feather down comforter",79
"feather down comforter king",1
"feather down comforter queen",1
"feather down microsuede comforter",13
"feather down queen comforter",1
"feather or down comforter",4
"fetherd down comforter",1
"fieldcrest down alternative comforter",8
"fieldcrest down comforter",3
"fieldcrest down free comforter",1
"fieldcrest king down comforter",1
"fieldcrest luxuary down comforter",1
"fieldcrest white goose down comforter",2
"find best price for down comforter",1
"find down comforter",1
"find me a red down comforter",2
"first down comforter",2
"flannel down comforter cover",2
"flannel down comforter covers",4
"flannel duvet down comforter",1
"fleece down comforter",1
"floral down comforter",1
"floral print 260 thread count down comforter set",2
"florida gators down comforter",1
"fluff a down comforter i how do",1
"fluffing a down comforter",8
"fluffy down comforter",1
"fluffy goose down comforter",2
"fp oversized hungarian down comforter",10
"french down comforter",3
"full and down comforter",2
"full down alternative comforter",12
"full down comforter",186
"full down comforter and yellow",2
"full down comforter dimensions",1
"full down comforter forest green",1
"full down comforter green",9
"full down comforter lauren",1
"full down comforters and ashwell roses blue comforter",1
"full flannel alternative down comforter",1
"full goose down comforter",5
"full goose down comforter bye one get one free",1
"full queen 300 tc white goose down comforter nr",2
"full queen down alternative comforter",1
"full queen down comforter",26
"full quenn down comforter",1
"full size blue down comforter",1
"full size down alternative comforter",3
"full size down comforter",30
"full size down comforter and bedskirt",8
"full size down feather comforter",1
"full white down comforter",2
"fuschia down comforter",14
"garden trellis 320 tc white goose down comforter full queen",1
"garden trellis 320 tc white goose down comforter king",1
"garden trellis down comforter",1
"garden trellis white goose down comforter",15
"garnet comfort by design down comforter",4
"geese down comforter",1
"get blood out of down comforter",1
"get glue off down comforter",6
"getting cat urine out of a down comforter",1
"girls twin down comforter",2
"glacier luxur 700fp winter queen goose down comforter",3
"glacier luxury 700fp winter queen goose down comforter",8
"glacier luxury queen white goose down comforter",1
"glacierlux white goose down comforter",2
"gold down comforter",2
"good down comforter",2
"goose comforter down",1
"goose comforter down full",1
"goose down 600 comforter",3
"goose down baby comforter",16
"goose down baffled comforter",1
"goose down comforter",897
"goose down comforter +shedding",3
"goose down comforter 1200 fill",4
"goose down comforter 600fp",1
"goose down comforter 700fp",1
"goose down comforter 750 fp",4
"goose down comforter 750 fp king",1
"goose down comforter and fleas and ticks",2
"goose down comforter bedding",3
"goose down comforter black and taupe",4
"goose down comforter box stitched",8
"goose down comforter charter club",1
"goose down comforter cheap lowest price",2
"goose down comforter cleaning",2
"goose down comforter cover",2
"goose down comforter duvet",5
"goose down comforter full",3
"goose down comforter full used",1
"goose down comforter home garden",4
"goose down comforter how much thread count is enough",8
"goose down comforter king",32
"goose down comforter king size",4
"goose down comforter king size on sale",2
"goose down comforter lot",1
"goose down comforter montreal",1
"goose down comforter oversized queen",4
"goose down comforter pillows",1
"goose down comforter queen",166
"goose down comforter queen 400 count",3
"goose down comforter queen home garden",6
"goose down comforter rebate",2
"goose down comforter sale",2
"goose down comforter set",9
"goose down comforter size for california king",1
"goose down comforter thread count",2
"goose down comforter twin",11
"goose down comforter twin 30 oz",13
"goose down comforter twin new",2
"goose down comforter twin size",2
"goose down comforter used",2
"goose down comforter vail",2
"goose down comforter warmth",4
"goose down comforter with duvet",4
"goose down comforter+full",1
"goose down feather comforter",2
"goose down full comforter",1
"goose down king comforter",17
"goose down king comforter home garden",1
"goose down queen comforter",7
"goose down queen comforter 700",2
"goose down queen comforter home garden",4
"goose down twin comforter",5
"goose down white comforter cheap",3
"goose feather down comforter",1
"goose red down comforter",2
"grand down comforter",4
"grans hotel collection down comforter set",1
"gray down comforter",9
"gray silver down comforter",2
"greeen down comforter",2
"green down comforter",25
"green down comforter king size",6
"green down comforter twin",1
"green down feather comforter",1
"green down king comforter",5
"green down queen comforter",1
"green king down comforter",2
"green microsuede down comforter set",2
"green queen down comforter",1
"grey down comforter",2
"grey down comforter king",1
"guide to buying a down comforter",16
"hampton inn down comforter sets",2
"hayley reversible down comforter full queen",2
"heavy down comforter",6
"heavy twin white goose down comforter",6
"heavy weight down comforter",5
"heavyweight down comforter",1
"high loft alternative down comforter",1
"hilfiger down comforter",5
"hilfiger down comforter twin care",4
"hilfiger down red comforter twin care",7
"hilfiger red down comforter set",1
"hilfiger surf down comforter",2
"hillard and hanson, down alternative comforter",8
"hillfiger down comforter sets",1
"hoe to clean down comforter",3
"holland home fashions down comforter",2
"hollander basics down comforter",1
"hollander comforter goose down queen size",3
"hollander down comforter",6
"hollander down comforter monaco",8
"hollander monaco down comforter",4
"hollander silk down comforter",4
"home accents down comforter",1
"home classics down comforter",2
"home classics reversible down comforter",1
"home classicsÃÂ reversible down comforter set",1
"home cure teenage skin rash from down comforter",2
"hot pink down comforter",8
"hotel cabo san lucas down comforter",3
"hotel collection 300-thread count down alternative comforter",2
"hotel collection 300-threadcount down alternative comforter",2
"hotel collection down alternative comforter",2
"hotel collection down comforter",9
"hotel collection down comforter customer ratings",2
"hotel collection down comforter ratings",2
"hotel collection f q 400t european goose down comforter",1
"hotel collection goose down comforter",1
"hotel cotton damask down comforter",2
"hotel down comforter",5
"hotel down comforter king",3
"hotel european white goose down comforter",1
"hotel hungarian white goose down comforter",1
"hotel in cabo san lucas down comforter",7
"hotel living down comforter",3
"hotel oversized down alternative comforter",4
"hotel quality down comforter",2
"hotel suite down comforter",2
"house chocolate brown down comforter",3
"household ingredients to clean down comforter",1
"how can i clean a down comforter",1
"how can you wash a down comforter",16
"how clean a down comforter",8
"how do i clean a down comforter",3
"how do i clean my down comforter",2
"how do i get blood out of a down comforter",3
"how do i get blood out of down comforter",2
"how do i pick a down comforter",9
"how do i wash a down comforter",1
"how do u wash a down comforter at home",3
"how do you clean a down comforter",6
"how do you spot clean a down comforter",4
"how do you wash a down comforter",5
"how many inches in a queen down comforter",1
"how to buy a down comforter",16
"how to buy a good down comforter",1
"how to buy down comforter",6
"how to care for down comforter",9
"how to choose a down comforter",25
"how to choose goose down comforter",1
"how to choose the best down comforter",1
"how to chose a down comforter",3
"how to clean a down comforter",74
"how to clean a down comforter that is dry cleanable",1
"how to clean a down filled comforter",1
"how to clean a feather down comforter",3
"how to clean a goose down comforter",2
"how to clean blood on a down comforter",2
"how to clean down comforter",42
"how to clean urine from down comforter",12
"how to clean urine on a down comforter",7
"how to decorate bed with down comforter",2
"how to dry a down comforter",3
"how to dry down comforter",1
"how to freshen a down comforter",1
"how to get mildew smell out of down comforter",3
"how to launder down comforter",21
"how to launder goose down comforter",1
"how to laundry goose down comforter",6
"how to machine wash down comforter",1
"how to make a bed with a down comforter",2
"how to pick a down comforter",9
"how to qah down comforter",1
"how to remove mildew from down comforter",1
"how to remove mildewnfrom down comforter",1
"how to select a down comforter",11
"how to wash a down bed comforter",1
"how to wash a down comforter",50
"how to wash a down comforter at home",3
"how to wash a down comforter in a home washer",5
"how to wash a down feather comforter",4
"how to wash a feather down comforter",1
"how to wash a goose down comforter",5
"how to wash down comforter",14
"how to wash down comforter at home",5
"how to wash my down comforter",5
"how to wash your goose down comforter",1
"hungarian 400 thread count goose down comforter",2
"hungarian 400 thread count goose down comforter set",1
"hungarian 800 goose down comforter",1
"hungarian down comforter",23
"hungarian down comforter silk",1
"hungarian goose down comforter",54
"hungarian goose down comforter queej",1
"hungarian goose down comforter queen",8
"hungarian goose down king comforter 280tc",1
"hungarian goose down queen comforter",8
"hungarian goose down queen comforter home garden",14
"hungarian white goose down comforter",5
"hyperclean 800 down comforter",1
"hyperclean 800 power fill down comforter",9
"hypo allergenic down comforter",1
"hypoallergenic down cal king comforter 650 fill",7
"hypoallergenic down comforter",122
"hypoallergenic down comforter fill",15
"hypoallergenic down comforter sledded box",1
"hypoallergenic down comforter slended box",2
"hypoallergenic down comforter slented box",1
"hypoallergenic down king comforter",65
"hypoallergenic down king comforter 650 fill",4
"hypoallergenic king down comforter",21
"hypoallergenic oversized down comforter",2
"hypoallergenic supersized down comforter",1
"hypoallergenic white goose down comforter",1
"hypofresh down comforter",1
"ider down comforter",1
"ikea down comforter",3
"ikea down comforter queen",1
"ikea down comforter queen price",1
"imperial down comforter",6
"imperial down comforter king",2
"imperial pearl goose down comforter",4
"indigo down comforter twin",4
"indulgence down alternative comforter by isotonic",2
"indulgenceÃÂ¢ÃÂÃÂ¢ down alternative comforter by isotonicÃÂÃÂ®",6
"inespensive light weight down comforter",1
"inexpensive 94x94 down comforter",1
"inexpensive goose down comforter",4
"inexpensive lightweight down comforter",7
"instructions on how to clean down comforter",1
"is a down comforter machine washable",2
"isotonic synthetic down comforter",4
"ivory down comforter",21
"jc penney down comforter collection",2
"jc penny down comforter",3
"jcpenney down comforter",2
"jcpenney microfiber down comforter",3
"jcpenney reversible down comforter",1
"jcpenny reversible down comforter",1
"joseph abboud down comforter",3
"joseph abboud goose down comforter",1
"joseph aboud down comforter",2
"just down comforter",1
"juvenile colored down comforter",14
"juvenile red down comforter sets",14
"k9 sleeping down comforter",2
"karo step color down comforter",3
"khaki down comforter queen",1
"khaki king down comforter",1
"kind down comforter",1
"king 600 thread count goose down comforter new",2
"king all season down comforter",2
"king alternative down comforter",1
"king black down comforter",2
"king comforter down",34
"king comforter down duvet",4
"king down alternative comforter",16
"king down alternative comforter 92 x 105",7
"king down alternitive comforter",1
"king down blanket comforter pillow",3
"king down comforter",1250
"king down comforter 300 thread count",5
"king down comforter 400 thread count",1
"king down comforter 80",2
"king down comforter alternative",7
"king down comforter and duvet cover",1
"king down comforter bedding",25
"king down comforter brown",1
"king down comforter charter club",3
"king down comforter count",1
"king down comforter duvet home garden",2
"king down comforter green",1
"king down comforter home garden",48
"king down comforter hotel",3
"king down comforter kirkland",1
"king down comforter navy",4
"king down comforter new",11
"king down comforter oversized",3
"king down comforter pacific coast",2
"king down comforter set",13
"king down comforter stich",1
"king down comforter the company store",2
"king down comforter thread count",1
"king down comforter w0qqsspagenamezwlrs",4
"king down comforter warm",2
"king down comforter white",2
"king down comforters and comforter cover",1
"king down comforters and comforter cover and duvet cover",1
"king down comforters and duvet comforter covers",1
"king down feather comforter",3
"king duvet comforter down",5
"king feather down comforter",5
"king feathered down comforter",1
"king garden trellis white goose down comforter nr",1
"king goose down comforter",120
"king goose down comforter home garden",3
"king hungarian goose down comforter",2
"king lauraashley white down alternative comforter",1
"king navy down comforter",3
"king pillows foam down feather comforter sham shams",2
"king rose down comforter",3
"king silk down comforter",1
"king siz down comforter hypo alergenic",3
"king size baffle box down comforter",1
"king size black down comforter",6
"king size down comforter",185
"king size down comforter new",10
"king size down comforter set",3
"king size duvet for down comforter",1
"king size gold down comforter",1
"king size goose down comforter",14
"king size goose down comforter home garden",1
"king size navy down comforter",3
"king size silk and down comforter set",2
"king size white down comforter",2
"king size white goose down comforter 800 fill power",2
"king sized down comforter",11
"king sizeduvet for down comforter",1
"king sz down comforter",4
"king white comforter down",1
"king white down alternative comforter",1
"king white feather down bed comforter",3
"king white feather down comforter",1
"king white goose down comforter nr",9
"king winter down comforter",7
"kingsley 300tc natural down comforter",1
"kingwhite down alternative comforter",1
"kirkland goose down comforter",3
"klinkes cleaners down comforter",1
"kohls down alternative comforter",2
"l.l.bean full classic colors down comforter",4
"la crosse down comforter queen",1
"la crosse primaloft comforter down alternative full",2
"ladrosse primaloft down comforter",1
"lands end down comforter",2
"lands end king down comforter",1
"lapalma cal king white down comforter",1
"laundering a down comforter",4
"laundering down comforter",2
"laura ashley 700 fill 660 thread queen down comforter",2
"laura ashley 700 fill 660 tread queen down comforter",4
"laura ashley down alternative comforter",8
"laura ashley down alternative floral comforter",2
"laura ashley down comforter",14
"laura ashley down comforter substitute",5
"laura ashley down throw comforter",1
"laura ashley goose down comforter",9
"laura ashley goose down comforter and pillow",1
"laura ashley goose down comforter pillow",1
"laura ashley hungarian goose down comforter",5
"laura ashley queen down comforter",4
"laura ashley white down comforter",2
"lauren comforter down",3
"lauren down comforter",13
"lauren down twin comforter",1
"lauren plaid down comforter",6
"lavender down comforter",3
"lavender queen down comforter",1
"legends elite down comforter",2
"leopard down comforter",8
"leopard print down comforter",3
"leopard print down filled comforter",5
"lepord print cover for down comforter",1
"level 4 hungarian goose down comforter - twin",2
"level 5 down comforter",1
"light blue down comforter",6
"light blue down comforter twin",1
"light down comforter",4
"light stone green down comforter",1
"light weight down comforter",4
"light weight goose down comforter",4
"light weight white down comforter",2
"lightweight alternative down comforter",3
"lightweight down comforter",9
"lightweight summer down comforter",4
"like down comforter",1
"lilght down comforter",1
"lime green down comforter",2
"linens and things down comforter",2
"linens n things and down comforter",2
"linens n things down comforter",4
"ling down comforter",1
"living down comforter",1
"living quarters colorsoft down comforter",2
"living quarters microsuede down comforter",1
"liz claiborne down comforter",2
"liz claiborne king down comforter",1
"lknw full queen down comforter w burgundy duvet cover",2
"ll bean coming home white goose down comforter",1
"ll bean down comforter",2
"ll bean king down comforter",1
"ll bean white goose down comforter",1
"llbean goose down comforter",1
"lockey down alternative comforter",5
"loght weight down comforter",2
"luxury 230 thread count down alternative comforter",2
"luxury 600 thread count white goose down comforter",2
"luxury 900 tc white goose down comforter king all season",1
"luxury down comforter",33
"luxury down comforter bedding",3
"luxury hungarian whitr goose down comforter",3
"luxury king siberian goose down comforter 750",18
"luxury size 230 tc down alternative comforter",1
"luxury white goose down full queen sz comforter nr",2
"lyocel down comforter",3
"lyocell down comforter",63
"machine wash down comforter",8
"machine wash down comforter water temperature",1
"machine washable down comforter",2
"machine washable white down comforter",1
"machine washerable down comforter",1
"machine washing a down comforter",1
"machine washing down comforter",3
"macys luxury goose down king comforter",2
"macys luxury hungarian goose down king comforter",1
"maintaining down comforter",1
"making a down comforter",4
"manhatten down comforter",1
"marriot down comforter",2
"marroon down comforter",2
"martha down comforter",3
"martha stewart down comforter",2
"matching pillows to tommy hillfiger leeds down comforter",2
"medical down comforter",1
"meribel down comforter duvet",2
"micro down comforter",2
"micro king down comforter",1
"micro plush down alternative comforter",1
"micro suede down comforter",10
"micro suede down comforter california king",3
"micro suede down comforter set",6
"microfiber down alternative comforter",2
"microfiber down comforter",88
"microfiber down comforter all sizes",3
"microfiber down like comforter",2
"microfiber green reversible feather down comforter",2
"microfiber reversible feather down comforter",2
"microfiber reversible leaves down comforter",2
"microplush down alternative comforter",10
"microplush down comforter set",2
"microplush faux fur alternative down comforter",28
"microplush faux fur down alternative comforter",28
"microplush faux fur down comforter",2
"microsuede 100 down fill queen comforter set red",1
"microsuede alternative down comforter",1
"microsuede comforter down",2
"microsuede comforter down alternative",2
"microsuede comforter with down alternative fill",6
"microsuede dark brown down comforter bed set",5
"microsuede down alternative comforter",6
"microsuede down alternative comforter black",3
"microsuede down alternative comforter coffee",6
"microsuede down comforter",70
"microsuede down comforter california king",1
"microsuede down comforter king",1
"microsuede down comforter set",4
"microsuede down comforter sets",2
"microsuede feather down comforter",2
"microsuede olive green full/queen down comforter new",5
"microsuede queen comforter down",1
"microsuede queen comforter down alternative bedding set",2
"microsuedgoose down comforter",2
"milano down comforter",5
"milano king down comforter",2
"milano queen down comforter",1
"milano white goose down comforter",6
"mink down comforter",6
"mossy oak break up down comforter",1
"motel living down comforter",1
"music down comforter",1
"music note down comforter",1
"naples 700 thread count hungarian goose down comforter",1
"national sleep down comforter",2
"national sleep products meribel down alternative comforter",1
"natural down comforter",2
"nautica down comforter",31
"navy and white down comforter",12
"navy and white striped down comforter",6
"navy blue and down comforter",1
"navy blue down comforter",4
"navy down comforter",10
"new 240 tc king size feather down comforter 50 oz",3
"new 50 oz all season king size feather down comforter",2
"new 50 oz king size feather down comforter",2
"new 700 tc king white goose down comforter",10
"new down alternative queen comforter",2
"new down comforter",28
"new down comforter king",1
"new down comforter queen",1
"new feather and down comforter full queen 40oz 240tc",1
"new full size down comforter",1
"new king 50 oz all season feather down comforter",2
"new king lavender goose down comforter",2
"new king lavender white goose down comforter",2
"new king size down comforter",1
"new king white goose down comforter",6
"new la crosse down comforter",1
"new luxury king down comforter buy 1 get 1 free",27
"new queen 40 oz all season feather down comforter",3
"new queen down comforter buy 1 get 1 free",2
"new red colored down comforter",4
"new red queen colored white down blanket comforter 50oz",2
"new size down comforter",3
"newport down comforter",2
"nextag down comforter alternative sale",2
"nobility down comforter",2
"nobility down comforter ""tahoe""",12
"nobility down comforter ""tahoe"" reviews",2
"nobility king down comforter",1
"nordic tan and brown microsuede down comforter set",8
"nordic tan and brown suede down comforter",3
"norther nights down comforter full",2
"northern lights down comforter",4
"northern nights down comforter",10
"northern nights down comforter full",1
"northern nights president 700 fp white goose down comforter",1
"northern nights president 700p white goose down comforter",2
"northernnights down comforter",2
"nortic tan and brown down comforter",1
"nortic tan and brown suede down comforter",1
"not drying down comforter with tennis balls",2
"nwt down comforter",3
"ocean colored down comforter",1
"oceanview down comforter",1
"off white down comforter",2
"old down comforter",2
"olive green down alternative comforter",2
"olympia 233 thread count white down comforter",12
"olympia 240 thread count white down comforter",1
"olympia down comforter",1
"olympic queen down comforter",1
"optimum wamsutta down comforter",1
"orange comforter down",4
"orange down comforter",4
"orange teal red down comforter",4
"orchid down comforter",1
"ordering california king down comforter",3
"organic down comforter",4
"oversize blue down comforter",19
"oversize down alternative comforter king",3
"oversize down comforter",9
"oversize king down comforter",2
"oversize king down comforter 105 x 92",3
"oversize king down comforter 92 x 105",5
"oversized 260tc down comforter",1
"oversized comforter down queen",5
"oversized down alternative comforter",20
"oversized down comforter",41
"oversized down king comforter",14
"oversized egyptian down comforter cover",8
"oversized king down comforter",18
"oversized queen down comforter",7
"oversized queen silk down comforter",24
"overstock.com down comforter set",1
"pacific coast ashbourne white gose down comforter",1
"pacific coast cuddle soft down comforter",3
"pacific coast down comforter",53
"pacific coast down comforter five star",1
"pacific coast down comforter five star pillow",3
"pacific coast down comforter full queen comforters",5
"pacific coast down comforter king",2
"pacific coast down comforter queen",2
"pacific coast down king comforter",2
"pacific coast feather company topaz down comforter",1
"pacific coast feather white goose down comforter",1
"pacific coast goose down comforter",1
"pacific coast topaz down comforter",1
"pacific coast white goose down comforter",5
"pacific coast white goose down comforter 370",1
"pacific coast white goose down comforter 370 elitedeals",5
"pacific coast white goose down comforter eilte",1
"pacific coast white goose down comforter elite",1
"pacific coast white goose down comforter elitedeals",2
"pacific cost down comforter",1
"pacific down comforter",7
"palm tree down comforter",2
"peach down alternative comforter queen new",2
"peach skin down comforter",1
"peachskin down comforter",4
"pee down comforter",3
"phoenix down comforter",7
"pieace down comforter",2
"pillow and euro pillow and down comforter",1
"pillowtex goose down comforter",2
"pink alternative down comforter",1
"pink down comforter",82
"pink down comforter full",1
"pink down comforter sets",2
"pink down comforter twin",1
"pink full down comforter children",1
"pink goose down comforter",6
"pink kind down comforter",1
"pink king down comforter",1
"pink twin down comforter",2
"plaid down comforter",3
"platinum white goose down comforter",12
"plum down comforter",4
"plush down like comforter inside a white duvet",1
"polish blanket or down comforter",2
"polka dot down comforter",1
"polo down comforter",5
"polo down comforter king",1
"polo plaid kensington down comforter",5
"polyester fill down comforter seattle",1
"polyester microfiber down filled comforter",2
"polyester microfiber down filled comforter dry clean only",1
"polyester vs goose down synthetic comforter",7
"pottery barn down comforter insert",1
"pottery barn down comforter toddler",2
"pottery barn down comforter twin",1
"pottery barn full down comforter",1
"pottery barn kids comforter down alternative",1
"pottery barn kids down comforter",3
"pottery barn kids toddler alternative down comforter",1
"pottery barn kids toddler down comforter",1
"power fill oversized hungarian down comforter",2
"premium down comforter",6
"premium goose down comforter",3
"prestine down alternative comforter",1
"primaloft down alternative comforter",1
"primaloft down comforter",3
"print down comforter",7
"printed down comforter",3
"proper cleaning of down comforter",2
"puffy down comforter",2
"purple down comforter",10
"purple down comforter king size",1
"purple down comforter queen",1
"purple down comforter twin",1
"purple down microfiber comforter sets",2
"purple micro suede down comforter",4
"purple queen down comforter",4
"pyrenees down comforter",1
"pyrenees goose down comforter",5
"pyreneese down comforter",1
"qualities of a good down comforter",5
"qualities to lool for in selecting a down comforter",1
"quebec microfiber down filled comforter",2
"queen all down comforter",2
"queen colored down comforter",1
"queen comforter 32oz down",1
"queen comforter 34oz down",1
"queen comforter down",16
"queen comforter down 35 oz",1
"queen comforter down 500",1
"queen comforter down 525",1
"queen comforter feather down",1
"queen comforter set down",35
"queen down 550 comforter",2
"queen down alternative comforter",3
"queen down bed comforter",6
"queen down bed comforter and down alternative comforter",4
"queen down comforter",991
"queen down comforter 2499 frree shipping",5
"queen down comforter 3",1
"queen down comforter 300",10
"queen down comforter 300tc",2
"queen down comforter 380",2
"queen down comforter 400 count",3
"queen down comforter 400th",1
"queen down comforter 410 tc",1
"queen down comforter 650",2
"queen down comforter bed set",2
"queen down comforter bedding",71
"queen down comforter by tommy helfieger",1
"queen down comforter charter club",10
"queen down comforter chocolate",3
"queen down comforter green",4
"queen down comforter home garden",12
"queen down comforter hotel",3
"queen down comforter microfiber",3
"queen down comforter new",9
"queen down comforter orange",2
"queen down comforter pacific coast",2
"queen down comforter tc",2
"queen down comforter white",5
"queen down comforters and sonya luxury comforter set",4
"queen down feather comforter",2
"queen down fill comforter",2
"queen down lite comforter",1
"queen down microsuede comforter",2
"queen down plaid comforter",12
"queen estate goose down comforter",1
"queen european down comforter",5
"queen feather down comforter",2
"queen goose down comforter",230
"queen goose down comforter charter club",1
"queen goose down comforter vail",1
"queen goose feather down comforter",4
"queen goose hypoallergenic down comforter",3
"queen hypoallergenic down comforter",1
"queen microsuede down comforter",5
"queen microsuede down comforter home garden",3
"queen pillow down comforter",5
"queen pillows foam down feather comforter sham shams",5
"queen primaloft down comforter",2
"queen purple down comforter sets",1
"queen sage down comforter",1
"queen sage down comforter microfiber",1
"queen sage down comforter microsuede",1
"queen siberian down comforter",3
"queen size down comforter",60
"queen size down comforter bedding",8
"queen size down comforter blue",1
"queen size down comforter dimensions",2
"queen size goose down comforter",3
"queen size goose down comforter blue",2
"queen sized down comforter",20
"queen sized feather down comforter 40oz",4
"queen white down bed comforter 50 oz discount bedding",7
"queen white down comforter",1
"queen white feather down bed comforter",5
"queen white goose down comforter",2
"queen white goose down feather comforter",2
"queen year round down comforter",2
"quilt down comforter",2
"quilt or down comforter",1
"quilted down comforter covers",2
"quilting ideas down comforter",2
"quilting ideas patch down comforter",4
"ralph down comforter",2
"ralph down comforter king",2
"ralph down twin comforter",1
"ralph lauren chambray duvet shams king down comforter",1
"ralph lauren down alternative plaid twin comforter",1
"ralph lauren down alternative twin comforter",6
"ralph lauren down comforter",101
"ralph lauren down comforter and machine wash down comforter",1
"ralph lauren down comforter king",2
"ralph lauren down comforter queen",4
"ralph lauren down queen comforter",1
"ralph lauren down twin comforter",3
"ralph lauren estate down comforter",2
"ralph lauren feathered down comforter",3
"ralph lauren goose down comforter",2
"ralph lauren kensington down queen comforter",2
"ralph lauren king down comforter",10
"ralph lauren king size down comforter",2
"ralph lauren plaid down comforter",2
"ralph lauren plaid down comforter yarn dyed",5
"ralph lauren plaid kensington down comforter",7
"ralph lauren queen comforter down",3
"ralph lauren queen down comforter",4
"ralph lauren striped down comforter",1
"ralph lauren washable down comforter",3
"rating warmth on a goose down comforter",1
"raulph lauren down comforter",2
"raulph lauren king down comforter",1
"rayon cotton down comforter",3
"red color down comforter",2
"red colored down comforter",3
"red down alternative comforter",1
"red down comforter",162
"red down comforter full queen comforters",1
"red down comforter queen",4
"red down comforter sets",2
"red down fill comforter",1
"red king down comforter",1
"red microsuede down comforter",11
"red or black down comforter",4
"red reversible down comforter twin",1
"red twin down comforter",3
"refluff down comforter",3
"rerversible goose down comforter",1
"reversable dark brown and sage down comforter",1
"reversible 300 thread count down comforter",1
"reversible dark brown and sage down comforter",2
"reversible down alternative comforter",2
"reversible down comforter",37
"reversible feather and down comforter",2
"reversible goose down comforter",2
"reversible twin down comforter",3
"review of northern nights white goose down comforter",1
"rocky down comforter",3
"rocky mountain down comforter",5
"rose pink white queen goose down feather comforter",1
"roxy down comforter",1
"royal velvet reversible down comforter",2
"royale hotel collection goose down comforter",3
"ruining a down comforter by washing it",2
"rust down comforter set",2
"sage down comforter",7
"sage khaki microfiber down comforter",1
"sage king down comforter",2
"sale colored down comforter",1
"sale down comforter",3
"sandi down comforter",3
"sandi down comforter n.j. usa",2
"sateen down comforter",1
"sateen down red comforter",2
"satin down comforter",26
"satin down comforter full",2
"satin down comforter king size",1
"satin down comforter set",3
"sealy copenhagen down comforter",2
"sealy down alternative comforter",3
"sealy down comforter",4
"sears down comforter alternative sale",2
"seattle company polyester fill down comforter",1
"seattle polyester fill down comforter",1
"seattle polyester fill down comforter marriott",1
"seattle wa polyester fill down comforter",2
"seersucker down comforter",4
"serta down comforter",8
"serta down comforter specifications",2
"serta level 3 goose down comforter",3
"sewn through down comforter",1
"sheet above and below goose down comforter",1
"sheet sets and down comforter",2
"sheet sets and pacific coast down comforter",1
"shopica search for products down comforter",1
"should a down comforter shed",4
"siberian down comforter",22
"siberian down comforter king",12
"siberian down comforter queen",79
"siberian down comforter silk",1
"siberian down queen comforter",8
"siberian goose down comforter",4
"siberian goose down comforter queen",10
"sierra down comforter odor",2
"sierra home down comforter ranking",1
"sierra trading down comforter odor",7
"sierra trading down comforter odor odor",4
"signature down comforter",4
"silk and down comforter set",14
"silk california king goose down comforter 900 fill",1
"silk cotton down comforter",2
"silk down comforter",8
"silk down comforter set",1
"silk dupioni down comforter",2
"silk dupioni full queen down comforter",3
"silk hungarian white goose down comforter",18
"silver down comforter",1
"silver down comforter king",3
"silver queen down comforter",1
"simmons beauty rest feather down comforter",1
"simmons beautyrest down alternative comforter",2
"simmons beautyrest down comforter",1
"simmons beautyrest down comforter king size green",2
"simmons beautyrest feather down comforter",63
"simmons bueaty rest down alternative comforter",1
"simmons down comforter",12
"simmons feather down comforter",1
"simmons king down comforter",7
"simply smart down comforter",2
"single down comforter black",4
"single size down comforter",3
"size full down comforter",2
"size navy down comforter",2
"skin irritation down comforter",2
"sleeping with a down comforter",8
"solid black down comforter",5
"solid brown down comforter twin",2
"solid color down comforter",6
"solid down comforter",1
"solid red down comforter",2
"solid red, black, and white down comforter",3
"sonoma down comforter",2
"sonoma king down comforter",6
"southwest style down comforter sets",6
"special search search down comforter go go",1
"st cloud down comforter",1
"st moritz down comforter",4
"st. tropez down comforter",2
"st. tropez reversible down comforter",2
"st. tropezÃÂ® reversible down comforter",6
"stain down comforter",3
"stale down comforter",3
"star down alternative comforter",1
"star down comforter",3
"star goose down comforter",3
"sterling down alternative comforter",4
"stone green down comforter",1
"stop down comforter from loosing feathers",1
"stop down comforter from losing feathers",1
"striped goose down comforter",3
"studio down comforter",1
"studio reversdible microfiber down comforter",7
"suede down alternative comforter",2
"suede down comforter",20
"suede king down comforter",1
"suede microfiber down comforter",1
"summer down comforter",12
"summer weight down comforter",11
"summit down filled comforter king",2
"summit white down comforter",2
"summit white down filled comforter",3
"sun down comforter",3
"super fluff down comforter",3
"super king down alternative comforter",1
"super king down comforter",6
"super queen down comforter",1
"super size down comforter white",2
"supersize tcs glacier ultra warmth down comforter",2
"supersized king down comforter",13
"sweden down comforter",3
"swiss home down comforter",2
"swiss home down comforter duvet",4
"swiss home down comforter with duvet",1
"synthetic down comforter",22
"system of a down comforter",1
"tan down comforter sets",1
"tan suede down comforter sets",2
"tarragon down alternative comforter",1
"tc queen down comforter",39
"tcs down comforter",2
"teenage skin rash from down comforter",3
"the broken down comforter collection",3
"the company store down comforter",4
"the resort collection comforter white goose down",4
"thick down comforter",2
"think spring down alternative comforter",9
"thinkspring alternative down comforter",3
"thread down comforter",2
"three dogs down comforter store",1
"tips for a good down comforter",1
"toddler comforter down",1
"toddler down comforter",53
"toddler down comforter and crib size toddler down comforter",1
"toddler down comforter blanet",4
"toddler down feather comforter",6
"toddler goose down comforter",2
"tommy down comforter",84
"tommy down comforter bedding",1
"tommy down comforter twin",15
"tommy girl down comforter",2
"tommy halhinger down comforter qult",4
"tommy hilfiger classic white down comforter",1
"tommy hilfiger down comforter",32
"tommy hilfiger down comforter full",1
"tommy hilfiger down comforter king",8
"tommy hilfiger down comforter queen",9
"tommy hilfiger down comforter twin",2
"tommy hilfiger down full queen comforter orange yellow",2
"tommy hilfiger down lavedar king comforter",1
"tommy hilfiger down lavendar king comforter",1
"tommy hilfiger hibiscus down comforter",1
"tommy hilfiger pink down comforter",1
"tommy hilfiger zebra orange and pink f q down comforter",2
"tommy hilfigire down comforter",1
"tommy hillfiger down comforter",4
"tommy tartan down comforter",2
"too warm and down comforter",4
"toseeka search for products down comforter",1
"totally down comforter",1
"tourquois down comforter",2
"trundle bed and trundle bed and down comforter",1
"turquoise down comforter",2
"twin alternative down comforter",1
"twin and down comforter twin",4
"twin bed down comforter price",1
"twin bed with down comforter",2
"twin blue down comforter",1
"twin burgandy down comforter",10
"twin colored down comforter",1
"twin colored white down blanket comforter",1
"twin comforter down",3
"twin comforter down alternative",4
"twin down alternative comforter",10
"twin down alternative comforter set",2
"twin down comforter",769
"twin down comforter 2",2
"twin down comforter 230 tc",1
"twin down comforter 250 tc",1
"twin down comforter 250tc",1
"twin down comforter 300 tc",1
"twin down comforter 400 tc",1
"twin down comforter and clearance",10
"twin down comforter and down comforters",1
"twin down comforter and duvet sale",2
"twin down comforter and duvet set sale",3
"twin down comforter and twin",1
"twin down comforter bedding",12
"twin down comforter blue",2
"twin down comforter clearance",6
"twin down comforter clearance 20$-below",16
"twin down comforter extra long",1
"twin down comforter free shipping",2
"twin down comforter home garden",21
"twin down comforter in red color",4
"twin down comforter lavender",1
"twin down comforter new",1
"twin down comforter sale",4
"twin down comforter set",3
"twin down comforter tc",3
"twin down comforter under 40",2
"twin down comforters and comforter cover",1
"twin down comforters and pink comforter",1
"twin down comforters and summer down comforter",1
"twin down pink comforter",1
"twin european goose down comforter",2
"twin european white good down comforter",1
"twin extra long down comforter",4
"twin feather down comforter",4
"twin goose down comforter",79
"twin goose down comforter bedding",1
"twin microfiber reversible feather down comforter",1
"twin navy down comforter",1
"twin pacific coast down comforter",8
"twin queen comforter ralph lauren chambray down",1
"twin red down comforter",1
"twin siberian down comforter",2
"twin size down comforter",11
"twin size down comforter and goose down comforter",2
"twin sized down comforter",1
"twin white down comforter",10
"twin white goose down comforter",5
"twin winter white goose down comforter",1
"ty pennington''''s down comforter",2
"ultima down alternative comforter",1
"ultima down alternative comforter and bedskirt",2
"ultima down alternative comforter and bedskirt twin red",4
"ultimate luxury free down comforter",12
"ultimate luxury oversized allergy free down comforter",10
"ultra suede down comforter",2
"undefined and down comforter",1
"undefined and goose down comforter",1
"united feather and down comforter",4
"united feather and down luxury comforter",8
"united feather ans down luxury comforter",1
"urine on down comforter",2
"used down comforter",2
"vail down comforter",3
"very warm down comforter",2
"vintage down comforter",134
"vintage down comforter home garden",2
"vintage rose down comforter",2
"wamsutta down alternative comforter set",1
"wamsutta down comforter and pillow sets",3
"wamsutta optimum down comforter",28
"warm weather down comforter",1
"warmest down comforter",1
"wash a down filled comforter",1
"wash a down goose comforter",3
"wash a feather down comforter",1
"wash down comforter",11
"wash down comforter at home",2
"wash feather down comforter",2
"washable down comforter",14
"washable down comforter sets",2
"washable olympia comforter and washable down comforters",1
"washing a down comforter",42
"washing a king size down comforter",1
"washing down comforter",32
"washing down comforter in washing machine",6
"washing down comforter tips",1
"washing drying down comforter",2
"washing goose down comforter",8
"washing instruction for a down comforter",2
"washing instructions down comforter",2
"washing pee stains down comforter",1
"washing queen size down comforter",1
"west coast down comforter",2
"what are the best down comforter brands",1
"what detergent do you use to wash a down comforter",1
"what does down alternative color comforter mean",12
"what is a down comforter",2
"what is better down alternative or down comforter",3
"what is down alternative comforter",2
"what is good fill for down comforter",1
"what is the best down filled comforter",1
"what is the best way to clean a down comforter",6
"what oz. weight is equal to power fill in a down comforter",1
"what should i look for when buying a down comforter",2
"what should i look for when purchasing a down comforter",1
"what to look for when buying a down comforter",6
"where can i find a discount down comforter",1
"where can i find a down comforter slip cover",2
"where can i find a down comforter slipcover",2
"which is the best quality down comforter",1
"whit down comforter sets",1
"white 240 feather down comforter",3
"white 240 tc feather and down comforter",7
"white 240 tc feather and down comforter full queen",1
"white 240 thread count feather and down comforter",10
"white bay supersize down comforter",1
"white california king down alternative comforter",1
"white california king down comforter",2
"white california king down comforter washable",6
"white comforter goose down 25",2
"white down alternative comforter",7
"white down blanket comforter",14
"white down comforter",171
"white down comforter 6 piece set",2
"white down comforter and duvet",1
"white down comforter and duvet set",1
"white down comforter ashly",1
"white down comforter infromation",2
"white down comforter king hypoallergenic",4
"white down comforter luara",2
"white down comforter queen",14
"white down comforter set",3
"white down comforter sets",2
"white down comforter the company store",4
"white down comforter twin",4
"white down comforter used",3
"white down comforter washable",1
"white duck down comforter",6
"white european goose down comforter 650 fill power twin 30oz",5
"white feather and down comforter",14
"white feather down comforter",4
"white full queen down comforter",4
"white goose down 300 thread count comforter",8
"white goose down 300 thread count comforter lowest price",1
"white goose down 360 tc comforter full queen",1
"white goose down baby comforter",6
"white goose down comforter",83
"white goose down comforter 240 tc",1
"white goose down comforter 425tc 600 fill power",1
"white goose down comforter 800 fill power",12
"white goose down comforter and pillows",1
"white goose down comforter european",2
"white goose down comforter king",9
"white goose down comforter king and cover",1
"white goose down comforter king cover",2
"white goose down comforter with flannel",1
"white goose down damask 330 thread count comforter king",2
"white goose down feather comforter",2
"white goose down king comforter",2
"white jacquard queen comforter down",2
"white jacquard queen comforter down closeouts",3
"white king goose down comforter",3
"white oversized down comforter",7
"white queen down comforter",20
"white queen down comforter luxury",3
"white queen down microsuede comforter",1
"white striped goose down comforter",20
"white swiss home down comforter",2
"white twin down comforter",2
"who to clean blood off a down comforter",1
"wholesale hotel down comforter",1
"whoolrich down comforter",1
"why do i need a down comforter",1
"windsor white goose down king set comforter",1
"winter weight down alternative comforter, microsuede",1
"winterweight down alternative comforter, microsuede",1
"woolite and down comforter",2
"woolrich alternative down comforter - brown",1
"woolrich alternative down comforter - chocolate",1
"woolrich classic down free comforter",4
"woolrich down alternative comforter",6
"woolrich down alternative comforter - chocolate",2
"woolrich down alternative comforter black",1
"woolrich down comforter",5
"woolrich down comforter - brown",2
"woolrich down comforter and cleaning",4
"woolrich down free comforter",1
"woolrich faux suede down comforter",7
"woolrich goose down comforter",2
"woolrich goose down feather comforter",1
"woolrich home down comforter sale",2
"woolrich home goose down feather comforter",1
"woolrich king down comforter",1
"woolrich white down comforter",1
"woolrich white goose down comforter",1
"woolrichÃÂÃÂ® down alternative comforter - white",1
"woolrick down comforter and cleaning",2
"wow down comforter",3
"year round down comforter",7
"yellow alternative down comforter",6
"yellow down comforter",6
"yellow down comforter twin",1
"zebra down comforter",2
"zurich 1300 tc down comforter",1
