energy	Seed keyword
types of energy	Ask.com
kinetic energy	Ask.com
solar energy	Ask.com
nuclear energy	Ask.com
chemical energy	Ask.com
renewable energy	Ask.com
energy sources	Ask.com
heat energy	Ask.com
wind energy	Ask.com
potential energy	Ask.com
definition of energy	Ask.com
forms of energy	Ask.com
thermal energy	Ask.com
mechanical energy	Ask.com
electrical energy	Ask.com
energy pyramid	Ask.com
light energy	Ask.com
geothermal energy	Ask.com
facts about solar energy	Ask.com
sound energy	Ask.com
food energy	Ask.com
energy resources	Ask.com
different types of energy	Ask.com
law of conservation of energy	Ask.com
department of energy	Ask.com
kinds of energy	Ask.com
water energy	Ask.com
where does energy come from	Ask.com
body energy	Ask.com
six forms of energy	Ask.com
saving energy	Ask.com
alternative energy	Ask.com
solar energy information	Ask.com
electric energy	Ask.com
energy transfer	Ask.com
five forms of energy	Ask.com
electromagnetic energy	Ask.com
non renewable energy	Ask.com
solar energy advantages disadvantages	Ask.com
human energy	Ask.com
radiant energy	Ask.com
fossil fuels	Ask.com
monster energy	KeywordDiscovery Free
monster energy drink	KeywordDiscovery Free
energy drinks	KeywordDiscovery Free
duke energy	KeywordDiscovery Free
progress energy	KeywordDiscovery Free
reliant energy	KeywordDiscovery Free
energy 2000	KeywordDiscovery Free
energy drink	KeywordDiscovery Free
consumers energy	KeywordDiscovery Free
dte energy	KeywordDiscovery Free
free energy	KeywordDiscovery Free
rockstar energy drink	KeywordDiscovery Free
xcel energy	KeywordDiscovery Free
atmos energy	KeywordDiscovery Free
trance energy	KeywordDiscovery Free
monster energy drinks	KeywordDiscovery Free
direct energy	KeywordDiscovery Free
monster energy logo	KeywordDiscovery Free
energy star	KeywordDiscovery Free
centerpoint energy	KeywordDiscovery Free
txu energy	KeywordDiscovery Free
energy conservation	KeywordDiscovery Free
home solar energy	KeywordDiscovery Free
peoples energy	KeywordDiscovery Free
energy healing	KeywordDiscovery Free
energy saving	KeywordDiscovery Free
stream energy	KeywordDiscovery Free
excel energy	KeywordDiscovery Free
alliant energy	KeywordDiscovery Free
rockstar energy	KeywordDiscovery Free
chesapeake energy	KeywordDiscovery Free
energy suspension	KeywordDiscovery Free
energy power gas	KeywordDiscovery Free
alternative energy resources	KeywordDiscovery Free
cocaine energy drink	KeywordDiscovery Free
wind energy stocks	KeywordDiscovery Free
puget sound energy	KeywordDiscovery Free
vault energy drink	KeywordDiscovery Free
first energy	KeywordDiscovery Free
energy efficiency	KeywordDiscovery Free
alternative energy investments	KeywordDiscovery Free
amp energy drink	KeywordDiscovery Free
alternative energy sources	KeywordDiscovery Free
red bull energy drink	KeywordDiscovery Free
midamerican energy	KeywordDiscovery Free
tidal energy	KeywordDiscovery Free
ideas for a model of solar energy	KeywordDiscovery Free
ideas for a motel of solar energy	KeywordDiscovery Free
ambit energy	KeywordDiscovery Free
green energy	KeywordDiscovery Free
energy crisis	KeywordDiscovery Free
sources of energy	KeywordDiscovery Free
hour energy	KeywordDiscovery Free
energy pills	KeywordDiscovery Free
peco energy	KeywordDiscovery Free
devon energy	KeywordDiscovery Free
xcel energy center	KeywordDiscovery Free
conservation of energy	KeywordDiscovery Free
dark energy	KeywordDiscovery Free
biomass energy	KeywordDiscovery Free
duke energy cincinnati	KeywordDiscovery Free
scana energy	KeywordDiscovery Free
energy solutions arena	KeywordDiscovery Free
xs energy drink	KeywordDiscovery Free
consumer energy	KeywordDiscovery Free
cps energy	KeywordDiscovery Free
constellation energy	KeywordDiscovery Free
nos energy drink	KeywordDiscovery Free
save energy	KeywordDiscovery Free
renewable energy sources	KeywordDiscovery Free
keyspan energy	KeywordDiscovery Free
xto energy	KeywordDiscovery Free
buy nos energy drink	KeywordDiscovery Free
hydroelectric energy	KeywordDiscovery Free
energy assistance	KeywordDiscovery Free
wave energy	KeywordDiscovery Free
energy saving light bulbs	KeywordDiscovery Free
purple drank energy drink	WordTracker Free
progress energy florida	WordTracker Free
ziff energy	WordTracker Free
energy efficient homes	WordTracker Free
how does solar energy work	WordTracker Free
energy efficient windows	WordTracker Free
ways to save energy	WordTracker Free
dte energy michigan	WordTracker Free
we energies	WordTracker Free
zero point energy	WordTracker Free
advantages and disadvantages of nuclear energy	WordTracker Free
energy department	WordTracker Free
us department of energy	WordTracker Free
energy star rebates	WordTracker Free
5 hour energy	WordTracker Free
energy management systems wireless	WordTracker Free
amp energy	WordTracker Free
how does geothermal energy work	WordTracker Free
alternate energy	WordTracker Free
pros and cons of solar energy	WordTracker Free
energy saving tips	WordTracker Free
energy medicine	WordTracker Free
energy star windows	WordTracker Free
energy star logo	WordTracker Free
secretary of energy	WordTracker Free
energy star boilers	WordTracker Free
westar energy	WordTracker Free
solar energy history	WordTracker Free
energy job	7Search
energy fuels	7Search
cf energy	7Search
energy company	7Search
psychic energy	7Search
cf solar energy	7Search
energy management	7Search
cf energy efficiency	7Search
cf wind energy	7Search
cf trance energy	7Search
progressive energy	7Search
ohio energy	7Search
cf progressive energy	7Search
energy and utility	7Search
comm energy	7Search
energy industry	7Search
energy pill	7Search
cf energy club	7Search
energy supplement	7Search
energy consulting	7Search
energy greece	7Search
energy research	7Search
energy efficient	7Search
energy source	7Search
sustainable energy	7Search
energy service	7Search
solar energy system	7Search
home energy	7Search
bri energy stock	7Search
energy savings	7Search
buy duke energy stock	7Search
healing energy	7Search
monster energy drink apperal	7Search
alternative energy source	7Search
rock star energy drink	7Search
renewable energy system	7Search
energy and environment	7Search
energy consultant	7Search
wuerth free energy machine	7Search
energy bar	7Search
forum energy share price	7Search
energy policy	7Search
solar energy equipment	7Search
sobe energy	7Search
energy price	7Search
cf renewable energy	7Search
relient energy	7Search
duke energy com	7Search
energy efficient home	7Search
green mountain energy	7Search
act energy drink	7Search
progress energy com	7Search
solar energy house	7Search
solar energy system contractor	7Search
energy trading	7Search
haier window air conditioner with remote energy st	7Search
viagra energy drink	7Search
fact about solar energy	7Search
high energy	7Search
energy system	7Search
energy conservation product	7Search
rock star energy	7Search
refrigerator energy saver	7Search
cheap energy	Miva
heating energy	Miva
edf energy	Miva
energy watch	Miva
energy saving light bulb	Miva
energy conservation consultants	Miva
eon energy	Miva
energy management control systems	Miva
energy saving trust	Miva
controlled energy	Miva
energy stock research	Miva
energy supplier	Miva
yellow jacket energy pills	Miva
compare energy price	Miva
british energy	Miva
energy bills	Miva
solar energy uk	Miva
energy performance certificates	Miva
distributed energy	Miva
energy saving ballast	Miva
renewable energy source	Miva
new energies	Miva
amd athlon 64 x2 5000 energy efficient	Miva
energy utility	Miva
energy compare	Miva
energy comparison	Miva
energy cost	Miva
energy foods	Miva
scottish southern energy	Miva
energy saving bulb	Miva
good energy	Miva
energy efficient carbon footprint search engine saving black google power white blackseeker seeker	Miva
acoustic energy	Miva
sainsburys energy	Miva
energy price rises	Miva
emerald energy	Miva
sterling energy share price	Miva
energy meters	Miva
atlantic energy	Miva
keri hilson energy lyrics	Miva
building efficient energy home	Miva
nie energy	Miva
energies	Miva
energy price comparison	Miva
energy surveyors	Miva
energy reduction	Miva
energy solar power produce	Miva
energy future option	Miva
energy uk	Miva
energy intake diet quality among children	Miva
start energy business	Miva
cheapest energy	Miva
energy boost	Miva
solar wind energy	Miva
talisman energy	Miva
conservation energy	Miva
energy lyrics	Miva
clean energy brazil share price	Miva
dimmable gu10 low energy	Miva
energy assessor london colleges	Miva
energy consumption	Miva
department energy	Miva
energy institute	Miva
radio energy	Miva
energy solutions	Miva
washing machine energy link	Miva
cheapest energy supplier	Miva
energy saving kettle	Miva
different types energy	Ask.com
different types of energy sources	Ask.com
what are the two major types of energy	Ask.com
potential energy changing to kinetic energy	Ask.com
a list of different types of energy	Ask.com
main types of energy	Ask.com
high quality energy and low quality energy	Ask.com
types of energy kids	Ask.com
three types of energy transfer	Ask.com
energy transfer examples	Ask.com
energy transformation	Ask.com
light energy questions	Ask.com
seven forms of energy	Ask.com
gravitational energy	Ask.com
formula for kinetic energy	Ask.com
examples of kinetic energy	Ask.com
definition of kinetic energy	Ask.com
kinetic energy calculator	Ask.com
kinetic energy velocity	Ask.com
who discovered kinetic energy	Ask.com
difference between kinetic and potential energy	Ask.com
kinetic energy equation	Ask.com
kinetic energy for kids	Ask.com
rotational kinetic energy	Ask.com
how do you calculate kinetic energy	Ask.com
kinetic energy projects	Ask.com
who invented kinetic energy	Ask.com
kinetic energy and physics	Ask.com
kinetic potential energy experiments	Ask.com
average kinetic energy	Ask.com
kinetic energy information	Ask.com
history of kinetic energy	Ask.com
gravitational potential energy	Ask.com
elastic potential energy	Ask.com
what is the definition of solar energy	Ask.com
how is solar energy used	Ask.com
how much does solar energy cost	Ask.com
benefits of solar energy	Ask.com
who invented solar energy	Ask.com
who discovered solar energy	Ask.com
how is solar energy produced	Ask.com
where does solar energy come from	Ask.com
solar energy for kids	Ask.com
what are the approximate costs of solar energy	Ask.com
uses of solar energy	Ask.com
active solar energy	Ask.com
solar energy timeline	Ask.com
where is solar energy found	Ask.com
how is solar energy obtained	Ask.com
solar energy graphs	Ask.com
solar energy projects	Ask.com
is solar energy renewable or nonrenewable	Ask.com
who was the first person to discover solar energy	Ask.com
passive solar energy	Ask.com
how is solar energy used today	Ask.com
diagram of solar energy	Ask.com
future of solar energy	Ask.com
solar energy charts	Ask.com
solar energy fact sheet	Ask.com
cons and pros of nuclear energy	Ask.com
history of nuclear energy	Ask.com
nuclear energy use	Ask.com
how does nuclear energy work	Ask.com
nuclear energy cost	Ask.com
is nuclear energy renewable	Ask.com
who invented nuclear energy	Ask.com
who discovered nuclear energy	Ask.com
definition of nuclear energy	Ask.com
examples of nuclear energy	Ask.com
how is nuclear energy produced	Ask.com
where does nuclear energy come from	Ask.com
what is nuclear energy used for	Ask.com
energy nuclear fission	Ask.com
how is nuclear energy made	Ask.com
use of nuclear energy in the world	Ask.com
is nuclear energy renewable or nonrenewable	Ask.com
benefit of nuclear energy	Ask.com
how is nuclear energy used today	Ask.com
where is nuclear energy found	Ask.com
nuclear energy facts	Ask.com
good things about nuclear energy	Ask.com
nuclear energy information	Ask.com
problems with nuclear energy	Ask.com
nuclear energy for kids	Ask.com
medical uses for nuclear energy	Ask.com
how much money does nuclear energy cost	Ask.com
how is nuclear energy formed	Ask.com
bad things about nuclear energy	Ask.com
how is nuclear energy obtained	Ask.com
energy related job	7Search
progress energy job	7Search
chesapeake energy job	7Search
renewable energy job	7Search
alternative energy job	7Search
solar energy job	7Search
job in wnd energy	7Search
wind energy job	7Search
michigan job and energy	7Search
energy job natural gas trading	7Search
examples of chemical energy	Ask.com
define chemical energy	Ask.com
what is in chemical energy that works	Ask.com
chemical energy created	Ask.com
facts about chemical energy	Ask.com
where does chemical energy come from	Ask.com
how is chemical energy used	Ask.com
advantages of chemical energy	Ask.com
food chemical energy	Ask.com
who discovered chemical energy	Ask.com
sources of electrical energy	Ask.com
advantages and disadvantages of chemical energy	Ask.com
give an example of chemical energy	Ask.com
how is chemical energy made	Ask.com
chemical energy for kids	Ask.com
where is chemical energy found	Ask.com
a peanuts chemical energy	Ask.com
meaning of chemical energy	Ask.com
common sources of chemical energy	Ask.com
is chemical energy renewable or nonrenewable	Ask.com
renewable energy resources	Ask.com
advantage of renewable energy	Ask.com
definition of renewable energy	Ask.com
type of renewable energy	Ask.com
benefits of renewable energy resources	Ask.com
list renewable energy source	Ask.com
advantage and disadvantage of non renewable energy	Ask.com
name a renewable source of energy	Ask.com
pros and cons of renewable energy	Ask.com
why do we need renewable energy	Ask.com
renewable energy training	Ask.com
promotion of renewable energy	Ask.com
alternative forms of energy	Ask.com
12 energy sources	Ask.com
different energy sources	Ask.com
natural energy sources	Ask.com
alternate energy sources	Ask.com
non renewable energy sources	Ask.com
alternative energy sources hydrogen	Ask.com
examples of renewable energy sources	Ask.com
sun energy source	Ask.com
new energy sources	Ask.com
future energy sources	Ask.com
alternative energy sources for cars	Ask.com
what are the main energy sources	Ask.com
examples of heat energy	Ask.com
facts on heat energy	Ask.com
definition of heat energy	Ask.com
where does heat energy come from	Ask.com
heat energy diagrams	Ask.com
measure heat energy	Ask.com
three forms of heat energy	Ask.com
sources of heat energy	Ask.com
energy and specific heat	Ask.com
how does heat energy work	Ask.com
scientific heat energy	Ask.com
who discovered heat energy	Ask.com
how does heat energy move	Ask.com
how is heat energy transferred	Ask.com
who invented heat energy	Ask.com
heat energy experiments	Ask.com
fossil fuels gasoline environmental energy	7Search
advantages and disadvantages of wind energy	Ask.com
how does wind energy work	Ask.com
wind energy information	Ask.com
history of wind energy	Ask.com
where does wind energy come from	Ask.com
wind energy facts	Ask.com
cost of wind energy	Ask.com
how is wind energy produced	Ask.com
how is wind energy used	Ask.com
pros and cons of wind energy	Ask.com
who invented wind energy	Ask.com
uses of wind energy	Ask.com
where is wind energy found	Ask.com
interesting facts on wind energy	Ask.com
definition of wind energy	Ask.com
benefits of wind energy	Ask.com
how is wind energy made	Ask.com
wind energy source	Ask.com
how is wind energy stored	Ask.com
wind energy diagram	Ask.com
who discovered wind energy	Ask.com
wind energy resource information	Ask.com
hydro energy	Ask.com
potential energy examples	Ask.com
potential energy formula	Ask.com
definition of chemical potential energy	Ask.com
potential energy equation	Ask.com
potential energy diagram	Ask.com
electric potential energy	Ask.com
relationship between kinetic and potential energy	Ask.com
calculating gravitational potential energy	Ask.com
who discovered potential energy	Ask.com
explain elastic potential energy	Ask.com
similarities between kinetic and potential energy	Ask.com
compare kinetic and potential energy	Ask.com
stored energy	Ask.com
activation energy	Ask.com
what is solar energy	WordTracker Free
advantages of solar energy	WordTracker Free
disadvantages of solar energy	WordTracker Free
solar energy publication news	WordTracker Free
solar energy systems	WordTracker Free
residential solar energy	WordTracker Free
florida solar energy center	WordTracker Free
solar power energy	WordTracker Free
solar energy companies	WordTracker Free
interesting facts about solar energy	WordTracker Free
solar energy blog	WordTracker Free
solar energy panels	WordTracker Free
solar energy facts	WordTracker Free
solar energy for homes	WordTracker Free
solar energy grants	WordTracker Free
solar energy stocks	WordTracker Free
history of solar energy	WordTracker Free
solar energy association	WordTracker Free
cost of solar energy	WordTracker Free
solar energy international	WordTracker Free
global solar energy	WordTracker Free
solar energy calculator	WordTracker Free
solar thermal energy	WordTracker Free
incentives for solar energy systems in vermont	WordTracker Free
solar energy how does it work	WordTracker Free
solar energy news	WordTracker Free
solar energy science projects	WordTracker Free
solar energy funding in vermont	WordTracker Free
solar energy classes	WordTracker Free
solar energy products	WordTracker Free
how solar energy works	WordTracker Free
using solar energy to generate electricity	WordTracker Free
american solar energy society	WordTracker Free
information on solar energy	WordTracker Free
home solar energy systems	WordTracker Free
solar energy and military	WordTracker Free
solar energy education	WordTracker Free
solar energy pictures	WordTracker Free
solar energy research	WordTracker Free
solar energy supplies	WordTracker Free
who are key researchers for solar energy	WordTracker Free
small solar energy kit	WordTracker Free
solar energy for your home	WordTracker Free
solar energy pros and cons	WordTracker Free
solar energy rebates	WordTracker Free
solar energy system grants	WordTracker Free
where are people using solar energy	WordTracker Free
about solar energy systems	WordTracker Free
education renewable energy solar wind	WordTracker Free
renewable solar energy	WordTracker Free
solar energy - windows	WordTracker Free
solar energy advancements	WordTracker Free
solar energy for the home	WordTracker Free
solar energy heating system	WordTracker Free
solar energy map	WordTracker Free
solar energy new mexico	WordTracker Free
solar energy tax credits	WordTracker Free
wanted solar energy power test inspection	WordTracker Free
what countries use solar energy	WordTracker Free
about solar energy	WordTracker Free
free solar energy system	WordTracker Free
how is solar energy stored and released	WordTracker Free
origin of solar energy	WordTracker Free
solar and wind energy	WordTracker Free
solar energy cars	WordTracker Free
solar energy funding	WordTracker Free
solar energy incentives	WordTracker Free
solar energy institute	WordTracker Free
solar energy negatives	WordTracker Free
solar energy sales	WordTracker Free
solar energy training	WordTracker Free
where is solar energy used	WordTracker Free
animated pictures of solar energy	WordTracker Free
costs of solar energy	WordTracker Free
grants for solar energy systems in vermont	WordTracker Free
solar and energy	WordTracker Free
solar energy advantages	WordTracker Free
solar energy budget	WordTracker Free
solar energy cost	WordTracker Free
solar energy for cars	WordTracker Free
solar energy kits	WordTracker Free
solar energy panel	WordTracker Free
advantages and disadvantages of solar energy	WordTracker Free
what is the scientific definition of energy	Ask.com
energy transformations occur	Ask.com
biological definition of energy	Ask.com
different forms of energy	Ask.com
definition of sound energy	Ask.com
laws of energy conservation and transformation	Ask.com
energy glossary	Ask.com
meaning of energy	Ask.com
what is energy conservation	Ask.com
energy transformation examples	Ask.com
what is energy efficiency	Ask.com
what is energy conversion	Ask.com
energy flow	Ask.com
what are energy levels	Ask.com
energy chain	Ask.com
why is energy efficiency important	Ask.com
how is energy measured	Ask.com
energy cycle	Ask.com
energy conservation tips	Ask.com
what is meant by nonrenewable energy	Ask.com
energy expenditure	Ask.com
grants solar energy	Miva
solar energy forres	Miva
solar energy power the world	Miva
solar energy training north east	Miva
ibm makes solar energy childs play	Miva
solar energy equipment suppliers	Miva
solar energy reviews	Miva
solar energy france	Miva
facts solar energy	Miva
prices solar energy	Miva
world leading companies solar energy companies	Miva
solar energy advice	Miva
solar energy home	Miva
new delhi solar energy	Miva
solar energy factories	Miva
solar energy battery chargers uk	Miva
solar energy saving cordless fan	Miva
solar energy fans	Miva
solar energy storage	Miva
solar energy the home	Miva
brazilian solar energy companies	Miva
solar energy books	Miva
solar energy bools	Miva
vacuum tube solar energy device	Miva
fort lauderdale solar energy systems	Miva
types solar energy	Miva
world wide directory solar energy companies	Miva
directory solar energy companies	Miva
free solar energy uk	Miva
importance solar energy	Miva
american solar energy companies	Miva
solar energy companies brazil	Miva
solar energy research india	Miva
solar energy systme home india	Miva
kw solar energy provide	Miva
pictures solar energy	Miva
solar energy brokers	Miva
solar energy systems uk	Miva
solar energy trade publications	Miva
wikipedia solar energy thermosyphon vacuum tube	Miva
200 kw solar energy	Miva
ersol solar energy	Miva
new zealand solar energy courses	Miva
solar energy city	Miva
solar energy magazines	Miva
800kw solar energy power	Miva
images solar energy	Miva
solar energy installation course	Miva
solar energy panels sale	Miva
solar panel installer solar energy system uk	Miva
solar energy companies nigeria	Miva
pros cons solar energy	Miva
solar energy panes	Miva
solar energy trade magazine	Miva
solar energy system home india	Miva
solar energy village	Miva
solar energy village commercial	Miva
usa directory solar energy companies	Miva
ways harnessing solar energy	Miva
builditsolar solar energy projects it yourselfers save ...	Miva
solar energy electricity facts	Miva
solar energy system home	Miva
solar energy worksheets	Miva
solar energy lighting	Miva
solar energy trap	Miva
solar energy wikipedia the free encyclopedia	Miva
solar energy work	Miva
home solar energy devices	Miva
solar energy chemistry job uk	Miva
solar energy wikipedia	Miva
information solar energy	Miva
interesting facts solar energy	Miva
solar energy ec subsidy policy	Miva
solar energy jobs	Miva
solar energy school grant	Miva
solar panels solar energy hot water heating systems. thermal ...	Miva
solar energy power world	Miva
kitchen remodeling ideas solar energy floor radian	Miva
solar energy it works	Miva
household solar energy	Miva
wiki solar energy	Miva
climate action plan pushes solar energy	Miva
disadvantages solar energy	Miva
pumping water bore holes using solar energy	Miva
solar energy usage	Miva
clean energy	Google
energy bars	Google
bio energy	Google
natural energy	Google
missouri gas energy	Google
energy efficient light bulbs	Google
energy tax credit	Google
low energy light bulbs	Google
5 hour energy drink	Google
energy efficient lighting	Google
v energy drink	Google
american wind energy association	WordTracker Free
how wind energy works	WordTracker Free
wind energy companies	WordTracker Free
what is wind energy	WordTracker Free
home wind energy	WordTracker Free
horizon wind energy	WordTracker Free
wind energy systems	WordTracker Free
residential wind energy	WordTracker Free
wind and energy	WordTracker Free
wind powered energy	WordTracker Free
wind turbine energy	WordTracker Free
home wind energy photos	WordTracker Free
wind energy developer	WordTracker Free
wind energy generator	WordTracker Free
wind energy jobs	WordTracker Free
wind energy consultants	WordTracker Free
where is wind energy used	WordTracker Free
wind energy rotor design	WordTracker Free
wind energy news	WordTracker Free
wind energy turbines	WordTracker Free
facts about wind energy	WordTracker Free
wind energy conversion systems	WordTracker Free
disadvantages of wind energy	WordTracker Free
american wind energy	WordTracker Free
wind energy pictures	WordTracker Free
ge wind energy	WordTracker Free
most common uses of wind energy	WordTracker Free
problems with wind energy in california	WordTracker Free
wind energy systems + michigan	WordTracker Free
wind energy technology	WordTracker Free
advantages of wind energy	WordTracker Free
how to store wind energy	WordTracker Free
renewable energy sources wind california obispo	WordTracker Free
renewable wind energy	WordTracker Free
stem wind energy	WordTracker Free
where does wind energy work	WordTracker Free
wind energy corp	WordTracker Free
wind energy fact sheet	WordTracker Free
wind mill energy	WordTracker Free
wind power energy	WordTracker Free
cny wind energy	WordTracker Free
ct wind energy	WordTracker Free
effect of solar energy on wind	WordTracker Free
vertical wind energy	WordTracker Free
wind and energy information	WordTracker Free
wind energy science fair projects	WordTracker Free
efficiency of wind energy	WordTracker Free
how efficient is wind energy	WordTracker Free
how to make wind energy	WordTracker Free
how to write an ad for wind mills for energy	WordTracker Free
info on wind energy	WordTracker Free
school wind energy	WordTracker Free
south dakota wind energy legislation	WordTracker Free
tribal energy wind farm	WordTracker Free
wind energy generator systems in brunswick  ga..	WordTracker Free
wind energy generator+images	WordTracker Free
wind energy leasing private lands	WordTracker Free
wind energy sources	WordTracker Free
five facts on wind energy	WordTracker Free
interesting facts about wind energy	WordTracker Free
kids wind energy activities	WordTracker Free
midwest wind energy	WordTracker Free
physical advantages of wind energy	WordTracker Free
we energies wind farm	WordTracker Free
west texas wind energy	WordTracker Free
where is wind energy in ct	WordTracker Free
wind energy  plants  india pictures	WordTracker Free
wind energy baltimore	WordTracker Free
wind energy contracts	WordTracker Free
wind energy distributed	WordTracker Free
wind energy etf	WordTracker Free
wind energy europe regulations	WordTracker Free
wind energy for kids	WordTracker Free
wind energy for residential	WordTracker Free
wind energy land lease template	WordTracker Free
wind energy maps	WordTracker Free
wind energy power	WordTracker Free
wind energy sources california obispo	WordTracker Free
wind energy timeline	WordTracker Free
california wind energy companies	WordTracker Free
cons of wind energy	WordTracker Free
court cases with wind energy	WordTracker Free
glacier county wind energy + montana	WordTracker Free
grade 2 energy wind and water units	WordTracker Free
high energy wind products	WordTracker Free
how is wind energy captured or acquired	WordTracker Free
energy saving products	Miva
energy saving lamp	Miva
energy saving advice	Miva
energy saving homes	Miva
energy saving light	Miva
ge longlife plus soft white energy saving bulb	Miva
energy saving calculator	Miva
philips 2d 2 pin energy saving bulb instrctions	Miva
energy saving monitor	Miva
household energy saving	Miva
energy saving tip	Miva
energy saving within business	Miva
energy saving insulation	Miva
energy saving pc	Miva
energy saving gas	Miva
energy saving trust marketing contact	Miva
ge longlife plus energy saving bulb	Miva
dimmable energy saving bulbs	Miva
energy saving panels	Miva
elkay energy saving	Miva
energy saving council	Miva
gu10 energy saving 11w	Miva
nokia equips phones energy saving alerts	Miva
best energy saving kettle	Miva
energy saving trust marketing	Miva
gu10 energy saving	Miva
energy saving software	Miva
energy saving clinic	Miva
energy saving buildings	Miva
energy saving uk	Miva
free energy saving light bulbs	Miva
help energy saving 70 yrs	Miva
candle bulbs energy saving	Miva
energy saving tip mobile phone	Miva
energy saving devices	Miva
energy saving unit lights	Miva
cheap energy saving light bulbs	Miva
home energy saving	Miva
posters energy saving	Miva
energy saving meter	Miva
gu10 energy saving bulb	Miva
energy saving light bulbs eco friendly	Miva
flat energy saving lamps	Miva
energy saving water	Miva
energy saving lightfitting	Miva
silicon valley turns attention energy saving tech	Miva
energy saving spot light bulbs	Miva
good quality best energy saving ideas	Miva
manufacturers energy saving lightbulbs	Miva
energy saving lighbulbs	Miva
energy saving light bulbs eco friendly?	Miva
energy saving plug	Miva
free energy saving bulbs	Miva
standard watts energy saving	Miva
intelliplug energy saving ac adapter	Miva
energy saving .org	Miva
flat panel computer monitors energy saving	Miva
the sifference energy saving lightbulbs conventional lightbulbs?	Miva
energy saving fluorescent tubes	Miva
energy saving lighting	Miva
energy saving lights environmantlly friendly	Miva
energy saving mobile phone	Miva
energy saving efficiencies advice	Miva
energy saving efficiencies	Miva
energy saving downlighters	Miva
home energy savings	Miva
business energy saving	Miva
business energy saving help	Miva
disposal energy saving bulbs	Miva
distributor megaman energy saving light bults	Miva
energy saving flourescent tubes	Miva
energy saving home	Miva
energy savings trust	Miva
best energy saving toilet flush system	Miva
energy saving light bulbs mercury	Miva
energy saving pl tube bulb	Miva
energy savings calculator	Miva
bulb energy saving	Miva
energy saving product	Miva
the energy saving trust	Miva
energy saving advise	Miva
energy saving google	Miva
intellipanel energy saving 8 plug strip tv	Miva
advanced / search energy saving trust	Miva
energy saving helpline	Miva
energy saving technology	Miva
standby energy saving kits enviromently frednly	Miva
article energy savings trust	Miva
articles energy saving	Miva
check credit debt advice double glazing energy saving home improvement home insurance home loan insurance life mortgages persona	Miva
energy saving grants	Miva
energy saving tips office	Miva
energy star homes	WordTracker Free
what does the energy star indicated	WordTracker Free
energy star washing maschines	WordTracker Free
northern wisconsin energy star roofing contractors	WordTracker Free
energy star appliances	WordTracker Free
northern  wisconsin energy star roofing	WordTracker Free
northern  wisconsin energy star roofers	WordTracker Free
northern wisconsin energy star roofers	WordTracker Free
northern wisconsin energy star roofing	WordTracker Free
energy star compact refrigerators	WordTracker Free
energy star refrigerators	WordTracker Free
energy star air conditioner	WordTracker Free
energy star rating	WordTracker Free
energy star vs leed	WordTracker Free
energy star compliant	WordTracker Free
energy star rating system	WordTracker Free
star energy	WordTracker Free
consumer report on simonton energy star windows	WordTracker Free
energy star ceiling fan	WordTracker Free
energy star rebate	WordTracker Free
energy star label	WordTracker Free
energy star rated appliances	WordTracker Free
energy star consultant chicago	WordTracker Free
energy star ratings	WordTracker Free
energy star refrigerator	WordTracker Free
energy star tax credit	WordTracker Free
energy star air conditioning rebates	WordTracker Free
energy star chest freezers	WordTracker Free
energy star freezer	WordTracker Free
energy star portable air conditioner	WordTracker Free
energy star upright freezer	WordTracker Free
energy star air conditioners	WordTracker Free
energy star ceiling fans	WordTracker Free
energy star dehumidifier	WordTracker Free
energy star program	WordTracker Free
energy star dvd/vhs recorder	WordTracker Free
energy star freezerless refrigerator	WordTracker Free
energy star light bulbs	WordTracker Free
lighting children energy star	WordTracker Free
energy star canada	WordTracker Free
energy star celing	WordTracker Free
energy star freezers	WordTracker Free
energy star heating oil furnace	WordTracker Free
energy star light fixtures	WordTracker Free
energy star lighting	WordTracker Free
energy star ranges	WordTracker Free
refrigerator energy star	WordTracker Free
energy star dryer	WordTracker Free
energy star washing machine	WordTracker Free
federal energy star air conditioning rebates	WordTracker Free
west star energy	WordTracker Free
a 7000 btu energy star air conditioner	WordTracker Free
blue star celestial energy	WordTracker Free
energy sources of stars	WordTracker Free
energy star builder	WordTracker Free
energy star dehumidifiersresidential	WordTracker Free
energy star dryers	WordTracker Free
energy star natural gas boiler	WordTracker Free
energy star products	WordTracker Free
energy star range	WordTracker Free
energy star space heater	WordTracker Free
energy star space heaters	WordTracker Free
energy star tankless water heaters	WordTracker Free
lcd tv energy star compliant	WordTracker Free
rock star energy drinks	WordTracker Free
whirlpool 75 pint energy star dehumidifier	WordTracker Free
60 lcd television with energy star efficient	WordTracker Free
air conditioner energy star	WordTracker Free
big star energy and clint granger	WordTracker Free
energy star christmas lights	WordTracker Free
energy star chrome 3 light bath	WordTracker Free
energy star dehumididifer	WordTracker Free
energy star dehumidifiers	WordTracker Free
energy star dishwasher	WordTracker Free
energy star fan	WordTracker Free
energy star fans	WordTracker Free
energy star hot water heater	WordTracker Free
energy star indoor wood boilers	WordTracker Free
energy star modular home	WordTracker Free
energy star outdoor lighting	WordTracker Free
energy star president	WordTracker Free
energy star qualified	WordTracker Free
energy star rated ceiling fans	WordTracker Free
energy star rebate programs	WordTracker Free
energy star vacuum	WordTracker Free
energy star window air conditioner	WordTracker Free
energy star wood/coal furnace	WordTracker Free
what is energy star rating	WordTracker Free
american standard 2/4ycc3 gas/electric system energy star	WordTracker Free
best energy star entry door rating	WordTracker Free
big star energy texas	WordTracker Free
ceiling fan energy star	WordTracker Free
ceiling fans energy star	WordTracker Free
energy production in stars bethe	WordTracker Free
list wind energy companies	Miva
uk wind energy applications	Miva
advantages disadvantages wind energy	Miva
tube wind energy	Miva
uk wind energy planning applications	Miva
wind energy manufacturers	Miva
british wind energy	Miva
wind energy turbines history	Miva
wind energy tamil nadu	Miva
wind energy farms india 2008 graph india india	Miva
wind energy permanent production tax credit	Miva
wind energy auto alternator	Miva
wind energy converters history	Miva
wind energy work	Miva
wind energy help power our house	Miva
wind energy the home	Miva
case study wind energy tamil nadu	Miva
uk wind energy planning applications data	Miva
wind energy farms wikipedia	Miva
wind energy scandal 1992	Miva
wind energy scandal	Miva
cost wind energy	Miva
wind energy grant barcelona	Miva
alpha wind energy ltd	Miva
community wind energy	Miva
disadvantages wind energy	Miva
history wind energy	Miva
acciona wind energy	Miva
converting wind energy	Miva
pros cons wind energy	Miva
utilisation wind energy india thesis pdf	Miva
wind energy farms india 2008 graph	Miva
wind energy jobs copenhagen	Miva
wind energy works	Miva
alpha wind energy	Miva
availability wind energy	Miva
british wind energy association excel	Miva
green wind energy dansk	Miva
wind energy model	Miva
wind energy scholarships	Miva
wind energy t	Miva
windfarm knocknagappagh alpha wind energy	Miva
benefits wind energy	Miva
description wind energy	Miva
facts wind energy	Miva
government grants wind energy	Miva
indian wind energy association	Miva
list of wind energy companies	Miva
problems wind energy	Miva
share wind energy	Miva
sources wind energy	Miva
