"""magic tricks""",20
"""magic"" and ""tricks""",14
"+how +to do magic tricks",104
"100 free magic tricks the matrix",20
"101 magic tricks book",48
"102 easy magic tricks",14
"125 tricks tips with the wizard magic cards",36
"150 magic tricks",25
"abbott magic tricks",75
"adult magic tricks",23
"advance magic tricks",16
"advanced magic tricks",145
"advanced magic tricks free",220
"algebra magic tricks",15
"all magic tricks",27
"all magic tricks revealed for free",52
"all new magic tricks",13
"aluminum ball magic tricks",923
"amatueer magic tricks",18
"amazing free magic tricks",15
"amazing kids magic tricks",17
"amazing magic card tricks",14
"amazing magic tricks",870
"amazing magic tricks anyone can do vol 1 vhs",67
"amazing magic tricks revealed",28
"amazing magic tricks stripper deck",14
"and card magic tricks",876
"answers to magic tricks",20
"antigravity water magic tricks",15
"antique magic tricks",34
"at home magic tricks",608
"award winner close up magic tricks books",13
"awesome magic tricks",115
"awsome magic tricks",30
"ball magic tricks",13
"bar magic tricks",1615
"basic magic tricks",118
"basic magic tricks for kids",13
"begginer magic tricks",16
"beginer magic tricks",12
"beginner learn card magic tricks online free",26
"beginner learn how to do card magic tricks online",41
"beginner learn how to do card magic tricks online for",203
"beginner magic tricks",1714
"beginner magic tricks for free",23
"beginners magic tricks",37
"best card magic tricks revealed",14
"best magic tricks",94
"best street magic tricks in the world",16
"big magic tricks",20
"black magic tricks",35
"blaine david free magic tricks",1155
"blane david magic tricks",336
"blue prints for magic tricks",18
"body magic tricks",51
"bookends magic tricks movie",218
"bottle magic tricks",19
"buy magic tricks",217
"buy magic tricks in london",30
"can i learn how to do magic tricks online",15
"card floating magic tricks",2652
"card free learn magic tricks",1410
"card free online magic tricks",419
"card learn online magic tricks",202
"card magic tricks",7550
"card magic tricks cool card secrets",21
"card magic tricks download",16
"card magic tricks florida",37
"card magic tricks for free",19
"card magic tricks form msnh",17
"card magic tricks free",37
"card magic tricks free online",99
"card magic tricks how to",30
"card magic tricks reveled",20
"card revealed magic tricks",163
"card street how to magic tricks",204
"card tricks and magic tricks online",17
"card tricks magic",212
"card tricks magic trick",19
"cards for magic tricks",16
"cards magic tricks",81
"category magic tricks",569
"center of gravity magic tricks",14
"cheap magic tricks",2866
"chemical magic tricks",43
"chemistry magic tricks",69
"child magic tricks",268
"children magic tricks",53
"childrens magic tricks",102
"chip magic tricks",15
"chris angel illusionist magic tricks",16
"chris angel magic tricks",122
"chris angels magic tricks",22
"chris angels magic tricks revealed",18
"chris angle magic tricks",21
"chriss angel magic tricks",25
"christian magic tricks",48
"christian magic tricks for kids",12
"cigarette magic tricks",651
"classroom magic tricks",19
"clip on levitation card magic tricks",22
"clips of magic tricks",21
"close up magic tricks",139
"clown magic tricks",18
"cocktail stick magic tricks",24
"coin biting in half magic tricks",19
"coin disappearing magic tricks",19
"coin magic tricks",2075
"coin magic tricks for kids",14
"coin magic tricks free online",173
"coin magic tricks learn",15
"coin tricks card free magic",25
"coin tricks magic",29
"coin vanish magic tricks",20
"comedy magic tricks",113
"complicated magic tricks",25
"computer magic tricks",418
"cool and easy magic tricks",15
"cool and free magic tricks",12
"cool card magic tricks",28
"cool easy magic tricks",20
"cool free magic tricks",28
"cool home use magic tricks",16
"cool magic card tricks",52
"cool magic tricks",1457
"cool magic tricks for sale",15
"cool magic tricks online",31
"cool magic tricks online for free",14
"cool simple magic tricks",14
"coolest magic tricks",18
"crazy magic tricks",33
"create magic number tricks using algebra",38
"criss angel free magic tricks",21
"criss angel magic tricks",370
"criss angel magic tricks explained",13
"criss angel magic tricks revealed",67
"criss angel mindfreak magic tricks",13
"criss angels magic tricks",70
"cub scout magic tricks",15
"cups and balls magic tricks",18
"cyril takayama magic tricks japan illusions",117
"david blain magic tricks",1953
"david blain magic tricks free",29
"david blain steet magic tricks",14
"david blain street magic card tricks",16
"david blaine free magic tricks",75
"david blaine free online magic tricks",19
"david blaine learnable magic tricks",15
"david blaine magic card tricks",16
"david blaine magic tricks",2725
"david blaine magic tricks exposed",15
"david blaine magic tricks free",13
"david blaine magic tricks revealed",111
"david blaine street magic tricks",98
"david blaine street magic tricks reveled",77
"david blaine''''s magic tricks",17
"david blaines magic card tricks",23
"david blaines magic tricks",427
"david blaines magic tricks revealed",27
"david blaines street magic tricks reveled",27
"david blane magic tricks",97
"david blane magic tricks revealed",13
"david blane magic tricks revealed free",13
"david blanes magic tricks",29
"david copperfield famous magic tricks",17
"david copperfield magic tricks",324
"david copperfield magic tricks revealed",34
"demo magic tricks",153
"demo online magic tricks",99
"dice magic tricks",53
"dicount magic tricks",22
"different types of magic tricks",36
"dirty magic tricks",14
"disappearing magic tricks",50
"discount magic tricks",101
"disneys virtual magic kingdom cheats hints and tricks",31
"distributor of magic tricks",13
"do free magic tricks",22
"do it yourself magic tricks",21
"do magic tricks",50
"documents of magic tricks for free",14
"dollar bill magic tricks",95
"dove magic tricks",34
"download free magic tricks",1413
"download free magic tricks free",20
"download how to do magic tricks for free",21
"download magic card tricks videos",14
"download magic online tricks",26
"download magic tricks",963
"download magic tricks free",84
"download magic tricks paypal",22
"download online magic tricks",116
"downloadable magic tricks",25
"dvd magic tricks",160
"easiest magic tricks",20
"easy amazing magic tricks",23
"easy basic magic tricks",16
"easy but effective magic tricks",16
"easy card magic tricks",1329
"easy coin magic tricks",48
"easy cool magic tricks",22
"easy for kid magic tricks",148
"easy free card magic tricks",29
"easy free magic tricks",460
"easy free magic tricks with cards",32
"easy magic card tricks",248
"easy magic card tricks for free",14
"easy magic coin tricks",48
"easy magic tricks",5585
"easy magic tricks for beginners",23
"easy magic tricks for children",32
"easy magic tricks for free",23
"easy magic tricks for kids",144
"easy magic tricks free",207
"easy magic tricks free online",21
"easy magic tricks illusions",27
"easy magic tricks on the web",20
"easy magic tricks online",15
"easy magic tricks to learn",18
"easy magic tricks with everyday objects",36
"easy online magic tricks",13
"easy simple magic tricks",13
"easy to do card magic tricks",13
"easy to do magic card tricks",21
"easy to do magic tricks",202
"easy to do magic tricks magician",22
"easy to learn card magic tricks",17
"easy to learn magic tricks",351
"ebay powerful magic tricks video",63
"egg magic tricks",18
"eureka magic tricks",15
"examples on different types of magic tricks",15
"exclusive magic tricks",186
"expert magic tricks",23
"explain and show me magic tricks",18
"explained magic tricks",287
"explaining magic tricks",14
"explanation of playing card magic tricks",16
"exposed magic tricks",357
"exposing magic tricks",16
"extreme magic tricks",24
"famous magic tricks",34
"fantastic magic tricks",27
"fire magic tricks",942
"floating magic tricks",401
"florida magic tricks",13
"floting magic tricks",384
"flower magic tricks",161
"flying magic tricks",28
"for magic tricks",20
"free amazing coin magic tricks",31
"free amazing magic coin tricks",19
"free amazing magic tricks",41
"free and easy magic tricks",16
"free and easy too learn magic tricks",306
"free bar magic tricks",56
"free bar tricks magic",28
"free basic magic tricks",13
"free beginner magic tricks",25
"free best magic tricks",97
"free card and magic tricks",27
"free card magic tricks",879
"free card tricks magic",16
"free chris angel magic tricks",23
"free christian magic tricks",21
"free coin disappearing magic tricks",52
"free coin magic tricks",2173
"free cool magic tricks",22
"free criss angel magic tricks",55
"free cub scout magic tricks",14
"free david blain magic tricks",13
"free david blaine magic tricks",133
"free david blane magic tricks",15
"free disappearing magic tricks",21
"free download magic tricks",25
"free download magic tricks software",19
"free downloadable ebooks on magic tricks",34
"free downloadable magic tricks",18
"free downloads magic tricks software",26
"free easy magic card tricks",16
"free easy magic coin tricks",18
"free easy magic tricks",696
"free easy magic tricks for beginners",15
"free easy magic tricks for kids",41
"free easy powerful magic tricks for beginners",18
"free easy street magic tricks for beginners",18
"free easy to do magic tricks",22
"free easy to learn magic tricks",49
"free easy to learn online magic tricks",14
"free famous secret magic tricks",21
"free floating magic tricks",34
"free free magic tricks",34
"free how to do magic tricks",18
"free how to magic tricks",15
"free instructions on how to do magic card tricks",54
"free internet magic tricks",14
"free kid magic tricks",536
"free kids magic tricks",54
"free levitating magic tricks",21
"free levitation magic tricks",111
"free magic card tricks",2957
"free magic card tricks online",67
"free magic card tricks revealed",17
"free magic card tricks videos",14
"free magic cards online tricks",18
"free magic cards tricks",27
"free magic coin tricks",468
"free magic disappear tricks",12
"free magic floating tricks",13
"free magic mind tricks",20
"free magic online tricks",33
"free magic revealed tricks",50
"free magic rope tricks",28
"free magic tricks",71458
"free magic tricks and explanation on video",13
"free magic tricks and illusions",13
"free magic tricks cards",13
"free magic tricks clips",13
"free magic tricks crazy man ''''s handcuff",30
"free magic tricks downloads",69
"free magic tricks florida",35
"free magic tricks for beginners",17
"free magic tricks for kids",276
"free magic tricks for pros",26
"free magic tricks illusions",19
"free magic tricks learn online",18
"free magic tricks on the internet",25
"free magic tricks online",1488
"free magic tricks online david blaine street",89
"free magic tricks online for free",21
"free magic tricks revealed",170
"free magic tricks that kids can do",12
"free magic tricks to learn",151
"free magic tricks to learn online",267
"free magic tricks to show me",44
"free magic tricks unveiled",21
"free magic tricks videos",37
"free magic tricks with cards",47
"free magic tricks with quarters",24
"free magic tricks with water",14
"free mental magic tricks",45
"free mentalism magic tricks",23
"free mind magic tricks",30
"free money magic tricks",62
"free on line magic tricks",14
"free online magic card tricks",38
"free online magic cards tricks",13
"free online magic tricks",1007
"free online street magic tricks",180
"free pro magic tricks",13
"free professional magic tricks",43
"free rubber band magic tricks",86
"free rubberband magic tricks",22
"free science magic tricks",43
"free self levitation magic tricks",16
"free shaman magic tricks",18
"free simple magic tricks",80
"free step by step instructions how to do magic tricks",45
"free street magic card tricks",14
"free street magic tricks",1090
"free street magic tricks online",55
"free to learn magic tricks",16
"free unbelievable magic tricks",16
"free vanishing magic tricks",132
"free video download of magic tricks",12
"free video magic tricks",28
"free websites teaching closeup magic tricks",24
"freeware magic card tricks",14
"fun and easy magic tricks",13
"fun kid magic tricks",22
"fun magic tricks",110
"funny magic tricks",61
"good easy to learn magic card tricks",23
"good magic tricks",151
"google com/search q magic tricks",42
"gospel magic tricks",98
"great english magic tricks",295
"great magic tricks",209
"greatest magic tricks",18
"halloween magic tricks",51
"hand coin disappearing magic tricks",13
"handkerchief magic tricks",28
"hard magic tricks",31
"harry houdini magic tricks",17
"history of magic tricks",49
"hoe to do magic tricks",13
"home made magic tricks",57
"home magic tricks",149
"homemade magic tricks",46
"hottrix magic tricks and gimmicks",38
"houdini magic tricks",83
"houdinis magic tricks",20
"household magic tricks",24
"how 2 do magic tricks",25
"how do i do magic tricks",15
"how do i perform magic tricks",22
"how do u do magic card tricks",15
"how do you do card magic tricks",14
"how do you do magic tricks",14
"how does david blaine do his magic tricks",19
"how magic tricks",41
"how magic tricks are done",29
"how magic tricks work",31
"how to build stage magic tricks",24
"how to buy free magic tricks",18
"how to do a magic tricks",24
"how to do amazing magic tricks",43
"how to do anti gravity magic tricks",29
"how to do basic magic tricks with water",33
"how to do card magic tricks",206
"how to do cards magic tricks",24
"how to do chris angels magic tricks",21
"how to do coin magic tricks",84
"how to do cool magic tricks",38
"how to do criss angel magic tricks",24
"how to do criss angels magic tricks",48
"how to do david blaine magic tricks",35
"how to do david blaines magic tricks",59
"how to do easy magic tricks",105
"how to do free magic tricks",122
"how to do free magic tricks in video",15
"how to do good magic tricks",15
"how to do magic card tricks",673
"how to do magic card tricks with video",35
"how to do magic coin tricks",21
"how to do magic free tricks",15
"how to do magic tricks",5753
"how to do magic tricks for free",151
"how to do magic tricks free",38
"how to do magic tricks online",43
"how to do magic tricks with 3 penny",20
"how to do magic tricks with cards",147
"how to do magic tricks with cards for free",16
"how to do magic tricks with coins",38
"how to do mind reading magic tricks",16
"how to do money magic tricks",16
"how to do real magic tricks",17
"how to do scary magic tricks for halloween",14
"how to do simple magic tricks",80
"how to do some of david blanes magic tricks",16
"how to do street magic tricks",25
"how to do very complicated magic tricks",94
"how to learn easy magic tricks",34
"how to learn free fast magic tricks",14
"how to learn free magic tricks",13
"how to learn magic card tricks",16
"how to learn magic tricks",204
"how to learn magic tricks ""detroit""",19
"how to learn magic tricks by david blaine",17
"how to learn street magic tricks",35
"how to magic tricks",851
"how to make magic tricks",81
"how to make magic tricks like criss angle",14
"how to make things disappear magic tricks",29
"how to make things dissapear magic tricks",20
"how to perform magic tricks",142
"how to perform magic tricks with cards",22
"how to perform magic tricks with cards instructions on line",50
"illusion magic tricks",262
"illusions and magic tricks",45
"illusions,magic tricks",29
"impromptu magic tricks",19
"incredible magic tricks revealed",19
"inexpensive magic tricks",27
"instructions for magic tricks",50
"instructions on magic card tricks",22
"interactive magic tricks",84
"internet magic tricks",1601
"japan magic tricks",41
"jerry sadowitz card tricks and magic",20
"kid magic tricks",183
"kid magic tricks kit",26
"kids magic card tricks",44
"kids magic coin tricks",36
"kids magic tricks",775
"kids magic tricks online",13
"kool easy to learn magic tricks",30
"kool eay to learn magic tricks",18
"leard magic card tricks",18
"learn all magic card tricks",17
"learn and show magic tricks",102
"learn and show magic tricks for free online",77
"learn card magic tricks",688
"learn card magic tricks for free",20
"learn card trick helicopter magic tricks",14
"learn coin magic tricks",29
"learn coin magic tricks free",16
"learn cool magic tricks",21
"learn cool magic tricks online",43
"learn david blaine magic tricks",14
"learn easy magic tricks",266
"learn easy magic tricks fast videos",13
"learn easy magic tricks fast videos free",12
"learn easy magic tricks for free",14
"learn for free magic tricks",138
"learn free card magic tricks",50
"learn free coin magic tricks",16
"learn free magic card tricks",272
"learn free magic coin tricks",67
"learn free magic tricks",2475
"learn free magic tricks for free",41
"learn free magic tricks online",113
"learn free online magic tricks",190
"learn free paperclip magic tricks",12
"learn free powerful magic tricks",26
"learn free street magic tricks",42
"learn how to do card magic tricks",12
"learn how to do card magic tricks for free",12
"learn how to do magic card tricks",28
"learn how to do magic tricks",161
"learn how to do magic tricks for free",48
"learn how to do magic tricks free online",222
"learn how to do magic tricks on the web",12
"learn how to do magic tricks online",28
"learn lot of pro magic tricks free online",47
"learn magic card tricks",582
"learn magic card tricks online",45
"learn magic tips and tricks",18
"learn magic tricks",8702
"learn magic tricks 4 free",18
"learn magic tricks for free",242
"learn magic tricks for kids",21
"learn magic tricks free",632
"learn magic tricks free coin tricks demos",14
"learn magic tricks free online",20
"learn magic tricks free pick a card any card",13
"learn magic tricks on the internet",39
"learn magic tricks online",697
"learn magic tricks online for free",45
"learn magic tricks online free",57
"learn magic tricks online with sponge balls",30
"learn online magic tricks",40
"learn simple magic tricks",38
"learn sleight of hand magic tricks",16
"learn some of harry houdini ''''s magic tricks",22
"learn street magic tricks",13
"learn to do free magic tricks",20
"learn to do magic tricks",61
"learn to do magic tricks and illusions for free",21
"learning free magic tricks by criss angel",12
"learning how to do magic tricks with cards",14
"learning magic tricks",457
"learning magic tricks free",12
"learning magic tricks learn to levitate",17
"led zeppelin magic franky de robertis card tricks",15
"leran free paperclip magic tricks",14
"levation magic tricks",12
"levitating magic tricks",29
"levitation magic tricks",556
"levitation magic tricks icr",27
"list of magic tricks",1318
"list of magic tricks close up card magic",62
"list of magic tricks levitations",83
"little giant encyclopaedia of card and magic tricks",13
"magic and card tricks",64
"magic and tricks",21
"magic ball tricks free",16
"magic card program tricks game gifts",12
"magic card tricks",15746
"magic card tricks and how to do them",13
"magic card tricks for beginners",14
"magic card tricks for children",21
"magic card tricks for free",41
"magic card tricks for kids",86
"magic card tricks free",38
"magic card tricks online",44
"magic card tricks revealed",77
"magic card tricks to learn",90
"magic card tricks videos",14
"magic cards tricks",204
"magic coin tricks",2354
"magic coin tricks and coin roll",25
"magic coin tricks revealed",30
"magic coins tricks",16
"magic eye tricks",15
"magic fire tricks",1476
"magic floating tricks",47
"magic free tricks",18
"magic hand tricks",35
"magic illusion tricks",100
"magic levitation tricks",70
"magic light tricks",16
"magic math tricks",38
"magic mind reading tricks",13
"magic mind tricks",105
"magic mirror tricks",13
"magic number tricks",111
"magic on line tricks",16
"magic playing card tricks",21
"magic quarter tricks to learn",13
"magic rope tricks",110
"magic science tricks",35
"magic shows tricks",21
"magic stage tricks",51
"magic string tricks revealed",13
"magic the gathering tips and tricks",13
"magic tricks",447909
"magic tricks 2c card tricks",19
"magic tricks and how to",19
"magic tricks and how to do them",21
"magic tricks and illusions",92
"magic tricks and math",12
"magic tricks and methods",20
"magic tricks and mirrors",17
"magic tricks and no card tricks for kids online",14
"magic tricks and optical illusions",18
"magic tricks and shop",15
"magic tricks and supplies",21
"magic tricks at home",424
"magic tricks beginners",31
"magic tricks blaine",13
"magic tricks book",18
"magic tricks books",38
"magic tricks by packs",33
"magic tricks by packs for kids",22
"magic tricks called the professors night meare",35
"magic tricks card",155
"magic tricks card tricks",61
"magic tricks cards",2021
"magic tricks cards coins",15
"magic tricks cards fantasy mythical magic",20
"magic tricks cigarettes",27
"magic tricks clips",16
"magic tricks coin",65
"magic tricks coins",38
"magic tricks collectibles",199
"magic tricks com",105
"magic tricks criss angel",22
"magic tricks d lite",16
"magic tricks dallas texas",73
"magic tricks david blaine",24
"magic tricks directions",12
"magic tricks download",14
"magic tricks dvd",120
"magic tricks easy",30
"magic tricks easy to do card",13
"magic tricks easy to do card instructions free",13
"magic tricks escape",18
"magic tricks explained",495
"magic tricks explanation",17
"magic tricks explanations",15
"magic tricks exposed",267
"magic tricks fire",59
"magic tricks flash burst",1344
"magic tricks floating",45
"magic tricks floating in air",58
"magic tricks florida",71
"magic tricks for beginners",432
"magic tricks for cards",30
"magic tricks for children",92
"magic tricks for free",547
"magic tricks for kids",1013
"magic tricks for sale",128
"magic tricks for special education",12
"magic tricks for table hoppers",16
"magic tricks free",719
"magic tricks free online",21
"magic tricks games",40
"magic tricks guillotine",21
"magic tricks hands",13
"magic tricks hat and wand",14
"magic tricks hidden sun",23
"magic tricks hippity",40
"magic tricks how to",262
"magic tricks how to make things levitate for free",16
"magic tricks how to make things levitate for free online",18
"magic tricks illusions",57
"magic tricks instant downloads",16
"magic tricks instructions",98
"magic tricks kids",83
"magic tricks kids can play at birthday party",17
"magic tricks kids free",54
"magic tricks kit",13
"magic tricks kits",15
"magic tricks learn",118
"magic tricks levitation",124
"magic tricks levitation free",15
"magic tricks lot",89
"magic tricks lots",63
"magic tricks magic works",39
"magic tricks make something vanish from your hand",17
"magic tricks matchbox",12
"magic tricks mismade",15
"magic tricks on dvd",21
"magic tricks on video",19
"magic tricks online",3718
"magic tricks online free",22
"magic tricks orlando florida",236
"magic tricks paper",21
"magic tricks party favors",15
"magic tricks pen through glass",12
"magic tricks preschool",29
"magic tricks rabbit",15
"magic tricks reel",15
"magic tricks reveald",16
"magic tricks revealed",2678
"magic tricks revealed date written on card",13
"magic tricks revealed free",20
"magic tricks revealed online",55
"magic tricks revealed/levitation",376
"magic tricks reveals",1290
"magic tricks reveled",43
"magic tricks revieled",16
"magic tricks rising card",16
"magic tricks rubber band",230
"magic tricks saw a person in half",57
"magic tricks science",15
"magic tricks secret",32
"magic tricks secrets",89
"magic tricks secrets revealed",84
"magic tricks set",17
"magic tricks sets",17
"magic tricks shop",43
"magic tricks shops uk",16
"magic tricks shows",15
"magic tricks stage",19
"magic tricks step by step",89
"magic tricks stores",19
"magic tricks strat-o-sphere",22
"magic tricks supplier",33
"magic tricks suppliers",13
"magic tricks supplies",54
"magic tricks taught online",13
"magic tricks tell me free",18
"magic tricks that are free",29
"magic tricks that you can get taught online for free",20
"magic tricks through glass",12
"magic tricks tips",28
"magic tricks to buy",25
"magic tricks to do at home",74
"magic tricks to impress girls",137
"magic tricks to learn",575
"magic tricks to learn off computer",18
"magic tricks to learn online",19
"magic tricks to watch on the computer",18
"magic tricks torrent",12
"magic tricks toys hobbies",30
"magic tricks trick showoff with cds new",12
"magic tricks tutorials",17
"magic tricks uk",347
"magic tricks uncovered",16
"magic tricks unveiled",15
"magic tricks using card",17
"magic tricks using cards",32
"magic tricks using coins",39
"magic tricks using household items",14
"magic tricks video",94
"magic tricks videos",243
"magic tricks videos demos",28
"magic tricks videos for free",18
"magic tricks wand",12
"magic tricks wanted",30
"magic tricks watches fantasy mythical magic",18
"magic tricks water to wine",20
"magic tricks websites",18
"magic tricks wholesale",59
"magic tricks with a cigarette",28
"magic tricks with a coin",22
"magic tricks with a deck of cards",14
"magic tricks with a quarter",13
"magic tricks with cards",1041
"magic tricks with cigarettes",19
"magic tricks with coins",216
"magic tricks with coins for children to do at home",18
"magic tricks with dollar bill",15
"magic tricks with dollar bills",14
"magic tricks with dollars",12
"magic tricks with doves",16
"magic tricks with fire",113
"magic tricks with food",13
"magic tricks with household items",19
"magic tricks with match sticks",21
"magic tricks with matches",16
"magic tricks with math",22
"magic tricks with money",25
"magic tricks with money for free",13
"magic tricks with numbers",72
"magic tricks with paper",27
"magic tricks with playing cards",111
"magic tricks with quarters",21
"magic tricks with ropes",18
"magic tricks with rubber bands",29
"magic tricks with rubber bands for free",13
"magic tricks with water",25
"magic tricks with your hands",16
"magic tricks you can do",20
"magic tricks you can do 2",33
"magic tricks you can do at home",42
"magic tricks you can learn online",27
"magic tricks you can make",21
"magic tricks you can try at home",27
"magic wallets tricks",20
"magic+card+tricks",15
"magic+tricks",42
"magicians reveal their magic tricks",35
"magnet magic tricks",23
"making magic tricks",19
"making money from inventing magic tricks",13
"manuals to learn how to do magic tricks",37
"marvins magic tricks",24
"math magic tricks",2020
"mathematical magic tricks",43
"mental magic tricks",87
"mentalism magic tricks",44
"methods for magic tricks",12
"mind blowing magic astonishing tricks stunts",28
"mind blowing magic cool amazing card tricks",26
"mind blowing magic incredible tricks with money",25
"mind blowing magic miraculous mind reading tricks",58
"mind freak magic tricks",19
"mind magic tricks",456
"mind reading magic tricks",689
"mindfreak magic tricks",18
"mondo magic tricks",13
"money magic tricks",243
"more amazing magic tricks anyone can do vol 2 dvd",49
"more amazing magic tricks anyone can do vol 2 vhs",29
"morris magic tricks",12
"movies learn how to do magic tricks free",22
"need easy magic tricks",13
"new magic tricks",61
"ninja magic tricks",15
"number magic tricks",384
"number magic tricks a quadratics",15
"old magic tricks",236
"older magic tricks",48
"on line magic tricks",230
"online card magic tricks",122
"online free magic tricks",394
"online instructions for easy to do magic tricks",16
"online magic card tricks",99
"online magic tricks",3243
"online magic tricks with no charge",51
"online magic tricks with their secrets",14
"optical illusions ad disappearig magic tricks",15
"optical illusions and disappearing magic tricks",18
"optical illusions and magic tricks",15
"optical illusions magic eye tricks",27
"over 150 magic tricks",16
"over 150 magic tricks torrent",16
"paper magic tricks",357
"paper magic tricks revealed",14
"party magic tricks",14
"pen magic tricks",26
"penetration magic tricks",14
"penguin magic tricks",27
"penny magic tricks",25
"physics magic tricks",24
"pick a card magic card tricks",36
"picture magic tricks",48
"play magic tricks",22
"playing card magic tricks",160
"playing card magic tricks explained",26
"poker card magic tricks",12
"powerful magic tricks",30
"printable magic tricks",18
"pro magic tricks",26
"professional magic tricks",1859
"quarter magic tricks",62
"quick and easy magic tricks",14
"quick easy magic tricks",18
"quick easy to learn magic tricks",39
"quick magic tricks",95
"rare magic tricks",23
"real magic card tricks",16
"real magic optical illusions online magic tricks amazing",15
"real magic tricks",468
"real magic tricks but easy for kids",30
"really good magic tricks",15
"religious magic tricks",12
"religious magic tricks ticket heaven",15
"religious magic tricks ticket to heaven",196
"restaurant magic tricks",14
"reveal magic tricks",33
"revealed for free magic tricks",99
"revealed magic tricks",292
"revealing illusion magic tricks",18
"revealing magic tricks",72
"revealing magic tricks how to put things through tables",12
"romantic magic tricks",23
"rope how magic tricks",72
"rope magic tricks",47
"royal magic tricks",15
"rubber band magic tricks",1989
"rubberband magic tricks",49
"scary magic tricks",42
"science magic tricks",685
"search magic tricks",43
"secret free magic tricks",164
"secret magic tricks",114
"secret magic tricks hard",1314
"secrets magic tricks",23
"secrets of magic card tricks",13
"secrets of magic tricks",67
"secrets to magic card tricks",16
"secrets to magic tricks",80
"self working magic tricks",25
"self working mental magic 67 foolproof mind reading tricks",26
"sell magic tricks",16
"shot magic tricks",50
"show how to do magic tricks",24
"show me magic tricks",58
"show me videos of childrens magic tricks",12
"showing how to do magic card tricks",16
"silk magic tricks",93
"silly magic tricks",21
"simpel magic tricks",19
"simple and easy magic tricks",20
"simple card magic tricks",27
"simple free magic tricks",32
"simple magic card tricks",42
"simple magic tricks",3362
"simple magic tricks for children",26
"simple magic tricks for kids",68
"simple magic tricks learn for free",28
"simple magic tricks to learn",14
"sleight of hand magic tricks",80
"slight of hand magic tricks",25
"slight of hand tricks magic",13
"small magic tricks",63
"smelly magic tricks",15
"some magic tricks",57
"some of harry houdini ''''s magic tricks",14
"some realy good magic tricks",60
"special search search magic tricks",49
"special search search magic tricks fulltext search",17
"special search search magic tricks go go",14
"sponge ball magic tricks",1313
"spooky magic tricks",15
"stage magic tricks",130
"starter magic tricks free",14
"step by step magic tricks",73
"step by step magic tricks secrets revealed",74
"street magic card tricks",123
"street magic tricks",1482
"street magic tricks online",24
"street magic tricks revealed",41
"string magic tricks",59
"string tricks magic",55
"stupid magic tricks",15
"t.h.e.m magic tricks",18
"teach how to do magic tricks",23
"teach magic card tricks",26
"teach magic tricks",326
"teach me how to do magic tricks",22
"teach me magic tricks",53
"teach me magic tricks free",18
"teaching magic tricks",25
"tell me ellusionist small magic tricks free",36
"tell me free magic tricks",54
"tell me how to do magic tricks",18
"tell me small magic tricks",14
"tell me small magic tricks please",18
"the best ever magic card tricks free",192
"the best magic tricks",124
"the great houdini magic tricks",44
"the greatest magic tricks",64
"the most popular magic tricks",18
"the ninja magic tricks",55
"the raven magic tricks",641
"the secret of magic tricks",26
"the secrets of magic tricks",15
"to do magic tricks",24
"toothpick magic tricks",34
"torn restore paper magic tricks",15
"tricks and magic",40
"tricks behind magic",16
"tricks magic",169
"unusual magic tricks",28
"used magic tricks",38
"used magic tricks for sale",357
"used magic tricks forsale",86
"used magic tricks wanted",26
"vanishing magic tricks",30
"very easy magic tricks",20
"very good magic tricks",13
"video demos on magic tricks",18
"video magic tricks",78
"video of revealing magic tricks",15
"videos of magic tricks",61
"videos that show how to do magic tricks",53
"vintage magic tricks",553
"virtual magic tricks",18
"want to know how to do free magic tricks",27
"watch david blaine magic tricks",67
"watch magic tricks",67
"water magic tricks",23
"where can i find free magic tricks",16
"where can i find magic tricks",28
"where can i learn free magic tricks",55
"where can i learn magic tricks for free",20
"where to buy magic tricks",74
"where to buy magic tricks performed by criss angel",15
"wholesale magic tricks",1932
"wholesale magic tricks online",32
"wholesale on magic tricks .com",69
"with playing card magic tricks",53
"wizard magic tricks",15
"www magic tricks com",88
"yobi''''s magic spelling tricks",15
