"13 ophthalmoplegic migraine",730
"4 migraine",86
"4 migraine pain relief",948
"4 migraine protection",705
"4 prevention migraine",718
"a list of pain killers used to treat migraine headaches",84
"abdominal child in migraine",140
"abdominal migraine",10127
"abdominal migraine in child",121
"abdominal migraine symptom",173
"abdominal migraine treatment",247
"abnormal eeg migraine headaches",67
"about migraine",110
"about migraine headache",310
"about migraine headaches",330
"acephalgic migraine",1479
"acephalic migraine",745
"acupressure for migraine headache",75
"acupressure migraine",62
"acupressure migraine headaches",260
"acupuncture and migraine",274
"acupuncture headache migraine",140
"acupuncture migraine",1118
"acupuncture migraine headache",438
"acute confusional migraine",82
"adult add and migraine",2500
"adverse reactions to topiramate for migraine",666
"advil migraine",748
"allegra migraine",485
"allergy food migraine",113
"allergy migraine headaches",257
"alterative remedy for migraine headaches",214
"alternative medicin migraine headache",215
"alternative medicine and migraine",109
"alternative migraine treatment",527
"alternative treatment for migraine headache",245
"alternative treatments for migraine headaches",332
"amazing migraine relief migraine headaches can be eliminated",101
"amazing migraine solution for fast migraine headache relief",95
"amerge imitrex menstrual migraine",83
"american migraine center",829
"amitriptyline and migraine",259
"amitriptyline migraine",1290
"aroma therapy for migraine headaches",283
"articles migraine headache",219
"articles migraine headaches",238
"as disease hormonal migraine",104
"ask the clinician ocular migraine symptoms",214
"atenolol and migraine umaxppc",86
"atenolol migraine prophylaxis",66
"atypical migraine",2204
"atypical migraine headache",345
"atypical migraine headaches",291
"atypical migraine symptom",186
"atypical migraine symptoms",446
"atypical migraine symptoms and treatment",320
"auditory aura migraine",118
"aura cause migraine",93
"aura eye ocular migraine",349
"aura headache migraine without",72
"aura migraine",148
"avoid food headache migraine",109
"avoid food migraine",100
"barometric pressure migraine headaches",122
"barrow migraine doctor",292
"basal arterial migraine",1086
"basilar arterial migraine",110
"basilar artery migraine",2466
"basilar artery migraine symptoms",328
"basilar artery migraine treatment",450
"basilar hemiplegic migraine",141
"basilar migraine",2453
"basilar migraine headache",60
"basilar migraine symptoms",278
"bayer extra strength aspirin for migraine pain",61
"baytown migraine",675
"beating migraine support group",776
"biochemistry of migraine",59
"bipolar migraine epilepsy",4112
"birth control pills and migraine headaches",640
"bolt lightning migraine pain",109
"boston migraine headache",361
"botox and migraine",449
"botox cosmetic headache migraine",150
"botox for migraine",807
"botox for migraine headache",114
"botox for migraine headaches",372
"botox headache migraine",218
"botox injection migraine",120
"botox injections for migraine headaches",66
"botox injections migraine",322
"botox migraine",886
"botox migraine headache",204
"botox migraine headaches",123
"botox migraine injection sites",178
"botox migraine research articles",656
"botox migraine treatment",165
"bowel irritable migraine syndrome",419
"braintree migraine headache",333
"bright light migraine no pain",78
"butterbur migraine",238
"buy fioricet fioricet migraine now pain relief",136
"buy fioricet now fioricet migraine pain relief",138
"buy karuna migraine formula",736
"buy online headaches and migraine affordable fiori",78
"buy online headaches and migraine affordable fioricet",3479
"buy online headaches migraine affordable fioricet",181
"by caused food migraine",86
"caffeine and migraine headaches",72
"caffeine migraine",106
"caffeine migraine headache",89
"caffeine migraine headaches",153
"caisson disease migraine symptoms",231
"california headache migraine physician specialist",145
"canada help in migraine",90
"canada in migraine name specialist",92
"canadian migraine drug guidelines",291
"candida and migraine",2515
"candida migraine",418
"cary migraine headaches",336
"cause and effect of migraine headaches",241
"cause aura migraine",107
"cause food migraine",102
"cause food migraine that",111
"cause for migraine headaches",436
"cause headache migraine",138
"cause in menopause migraine",99
"cause migraine",251
"cause migraine ocular",119
"cause migraine ophthalmic",137
"cause of migraine",239
"cause of migraine headache",1141
"cause of migraine headaches",297
"cause of ocular migraine",334
"causes for migraine headaches",222
"causes migraine",1338
"causes migraine headaches",734
"causes of migraine",101
"causes of migraine headache",226
"causes of migraine headaches",661
"causes of ocular migraine",764
"causing food migraine",93
"celexa migraine",201
"cervical epidural nerve block migraine headaches",222
"chapel hill migraine headaches",356
"child cure migraine",64
"child headache migraine",102
"child migraine",342
"children get migraine headaches",224
"children migraine",272
"children migraine headache",230
"chinese cure for migraine headache",218
"chinese headache medicine migraine traditional",81
"chiropractor atlas migraine",1201
"christian body migraine defense",70
"chronic daily headache migraine treatment",63
"chronic headache migraine valproate",296
"chronic migraine",1121
"chronic migraine headache",317
"classic migraine",478
"clinic diamond headache migraine",79
"clinic headache migraine",93
"clomid migraine",412
"cluster migraine",454
"cluster migraine headache",1209
"cluster migraine headaches",361
"cluster migraine symptoms",239
"cluster migraine treatment clinics",182
"co q10 usage for migraine sufferers",223
"coenzyme q 10 and migraine headaches",61
"complex migraine",1950
"complex migraine headache",330
"complex migraine symptoms",333
"complicated migraine",2340
"coq10 as a migraine preventive2b cephalagia",2095
"coq10 migraine headaches",3161
"coreg migraine",151
"counter medication migraine over",222
"cure for migraine",106
"cure for migraine headache",1084
"cure headache migraine natural",427
"cure london migraine",72
"cures for a migraine headache",321
"daily migraine",140
"daily migraine medication",99
"daniel jackson sick fever migraine bathroom",287
"daniel jackson sick migraine toilet",284
"define migraine",62
"define migraine headaches",240
"dentist develops new ice treatment for migraine headaches",213
"denver migraine headache clinic",431
"depakote and migraine",95
"depakote for migraine headache",86
"depakote migraine",522
"depakote migraine headaches",103
"depression serotonin migraine",475
"device headache migraine mouth",88
"dexamethason migraine",658
"diagnosis migraine headaches",237
"diary headache migraine",110
"diet headache migraine",255
"dietary supplements vitamins for migraine",7150
"difference between migraine and cluster headaches",211
"dilatid pain medication for migraine",301
"drug for migraine headaches",63
"drug information rex and migraine and headache",685
"drug migraine",75
"drug migraine new",64
"drug migraine pain",74
"drug migraine prescription",81
"drug treatment chronic headache migraine valproate",226
"drugs for migraine headaches",591
"drugs migraine gel pharmacy",222
"durham migraine",840
"durham migraine headaches",408
"ect migraine headaches",235
"effexor and migraine",305
"effexor for migraine",158
"effexor migraine",1558
"eft migraine",403
"elavil for migraine",101
"elavil for migraine headaches",150
"elavil migraine",296
"elavil prevent migraine sleep nerve pain",497
"electronic migraine",295
"evidence based guidelines for migraine headaches matchar",259
"excederine migraine",847
"excedrin migraine",7436
"excedrin migraine caplets",93
"excedrin migraine geltabs",83
"excedrin migraine side effects",77
"excedrin migraine tablet",107
"excedrin migraine tablets",66
"excedrine migraine relief rebound headaches",288
"eye migraine",1512
"familial hemiplegic migraine",124
"familial hemiplegic migraine symptoms",231
"famvir migraine",233
"fast migraine headaches elimination recommended by",103
"fast ocular migraine headache relief with amazing occular",194
"feverfew migraine",100
"fioricet and migraine treatment",278
"fioricet fioicet migraine",62
"fioricet fiorciet migraine",62
"fioricet fiorecet migraine",74
"fioricet migraine",4226
"flexeril migraine",967
"flexeril migraine help",738
"flexeril migraine treatment",300
"food allergies migraine",240
"food headache migraine",151
"food headache migraine trigger",72
"food migraine",90
"food migraine headaches",244
"food migraine headaches 4 top foods",207
"food migraine prevent",91
"food migraine trigger",70
"food triggers for migraine headache",206
"foods that causes migraine headaches",220
"foods that trigger migraine headaches",222
"foods that triggers migraine attack",266
"for herbal migraine remedy",87
"free migraine medicine",73
"gaba glutamate and migraine",111
"gatorade migraine headache",222
"gel stat migraine",1299
"gelstat migraine",2063
"get migraine solution",75
"ginger 2b migraine headaches",262
"ginkgo biloba2c feverfew migraine remedy",279
"glaucoma migraine symptoms hot pressure",225
"glossary of migraine headaches",204
"head headaches migraine chiari malformation",243
"head injury resulting in migraine headaches",1547
"headache and migraine",870
"headache and migraine beta blockers",193
"headache and migraine etodolac",232
"headache and migraine magnetic resonance",280
"headache and migraine migrain magnetic",209
"headache and migraine migrane",298
"headache and migraine relafen",297
"headache free migraine",331
"headache headache headache migraine prevent",68
"headache help migraine",366
"headache herb migraine",147
"headache herbal migraine remedy",134
"headache home migraine remedy",155
"headache hylands migraine relief tablet",94
"headache in migraine pregnancy",249
"headache magnesium migraine",426
"headache medicine migraine",61
"headache melatonin migraine",852
"headache menstrual migraine",105
"headache migraine",7813
"headache migraine doctor houston",708
"headache migraine headache prevent headache",36565
"headache migraine ocular",106
"headache migraine piedmont",65
"headache migraine pregnancy",183
"headache migraine sinus",93
"headache migraine st louis missouri",341
"headache migraine topamax",186
"headache migraine trigger",174
"headache migraine type",125
"headache migraine vitamin",109
"headache muscular migraine",225
"headache relief migraine headaches",242
"headache vs migraine",305
"headache,migraine headache,prevent headache",11490
"headaches and migraine affordable fioricet",8764
"headaches and migraine buy fiorinal",504
"headaches and migraine depacon",207
"headaches and migraine family medical leave act",274
"headaches and migraine fiorinal online",446
"headaches and migraine frovacom",216
"headaches and migraine meds pain killers",682
"headaches and migraine protonix side effects",271
"headaches and migraine tramadol",611
"headaches and migraine ultracet",72
"headaches beating migraine support group",230
"headaches botox migraine cigna connecticut",255
"headaches migraine",1780
"headaches migraine affordable fioricet",349
"headaches migraine chiari malformation",302
"headaches migraine cyclobenzaprine",3684
"headaches migraine imitrex cost",656
"headaches migraine migrine",262
"headaches migraine what is a neurologist doctor",206
"headon migraine headache relief",124
"health imitrex migraine",374
"help for migraine headache",77
"hemiplegic and migraine",674
"hemiplegic migraine",1912
"hemiplegic migraine headache",182
"hemiplegic migraine headaches",1370
"hemiplegic or basilar migraine",167
"herb migraine",101
"herbal cure migraine headache",66
"herbal migraine relief",65
"herbal supplements for migraine",8163
"herniated disc migraine",9929
"high blood pressure 2b migraine headaches",837
"histamine and migraine",6243
"history of migraine headache",206
"home migraine remedy",184
"home remedies for migraine headaches",318
"home remedies for migraine relief",295
"home remedy for migraine headache",428
"homeopathic migraine relief",59
"hormonal migraine",180
"hormonal migraine headaches",234
"hormonal migraine symptoms",234
"hormone migraine",92
"hot flashes and migraine headaches",252
"how did i get migraine headaches",216
"how does a headache or migraine affect your body",213
"how to get rid of a migraine",296
"how to prevent migraine headaches",242
"hypnosis migraine",67
"if a child is dyslexia do they get migraine headaches",219
"illnesses that can cause migraine headaches",272
"imitrex and migraine and method of action and pharmacology",118
"imitrex migraine",3386
"imitrex migraine nasal spray",82
"inderal 2b migraine",264
"inderal migraine",1279
"inderal migraine prevention propranolol",82
"info on migraine headaches",69
"information of migraine",1114
"information on migraine headache",394
"information on migraine headaches",156
"intestinal migraine",71
"intractable migraine",766
"intractable migraine tinnitus",268
"irritable bowel and migraine",233
"irritable bowel syndrome migraine",3538
"is zoloft used to treat migraine headaches",174
"keyword neurontin migraine boards",715
"lamictal and migraine",686
"lamictal migraine",91
"las vegas migraine headache chiropractor",2577
"lightning bolt migraine",233
"lingering migraine",689
"list foods that cause migraine headaches",69
"list migraine medicines",428
"local weather forecast migraine",356
"local weather forecast migraine uv index",275
"loestrin migraine headache",274
"logo migraine",60
"lorazepam migraine",61
"magnesium and migraine",63
"magnesium and vitamin b6 for migraine",2442
"magnesium for migraine",70
"magnesium for migraine headaches",266
"magnesium iv for migraine headaches",277
"magnesium migraine",201
"magnesium migraine relief",83
"magnesium use with migraine headache",242
"magnetic migraine sleep masks",234
"maxalt and migraine",64
"maxalt migraine medication",160
"medical information on migraine headaches",196
"medical migraine headache",238
"medicaments contre migraine",134
"medication for migraine",68
"medication for migraine headaches",68
"medication for my migraine headaches",229
"medication migraine prescription",96
"medication migraine prevention",129
"medications for migraine headaches",301
"medications used to treat migraine headache",471
"medicine for migraine headaches",258
"medicine migraine",59
"medicine migraine headache",240
"meds migraine",127
"melatonin 2b migraine",1436
"melatonin and migraine headaches",9364
"melatonin migraine",872
"menopause and migraine headache",112
"menopause migraine",211
"menstrual migraine",1520
"menstrual migraine treatment",158
"midrin migraine medicine",193
"migraine",291198
"migraine 27vasovagal response27",676
"migraine 2b pregnancy 2b blood in nose",257
"migraine 2bsupport",138
"migraine acupoint",898
"migraine alternative treatment",80
"migraine and aura",61
"migraine and cluster headaches",314
"migraine and cluster headaches combined",226
"migraine and fluid pressure behind eyeballs",1099
"migraine and fluorescent lighting",4438
"migraine and hormones",236
"migraine and perfume",950
"migraine and pregnancy",91
"migraine and severe headache foundation western australia",304
"migraine and sport drinks",552
"migraine and sports drinks",4065
"migraine and symptoms",215
"migraine and treatment and natural and not imitrex",68
"migraine and treatment and natural andnot imitrex",7270
"migraine and vision",88
"migraine associated vertigo",111
"migraine attack",96
"migraine attacks",162
"migraine aura",3208
"migraine aura without headache",684
"migraine auras",763
"migraine bad breath",245
"migraine blurred vision",149
"migraine botox",246
"migraine boy",934
"migraine canada",69
"migraine care and treatment",112
"migraine cause",1408
"migraine causes",2296
"migraine celebrex",206
"migraine clinic",348
"migraine clinic in texas",151
"migraine cluster headache medication",247
"migraine cluster headache symptoms",237
"migraine cure",1528
"migraine cure dzugan",62
"migraine cures",554
"migraine daily journal",234
"migraine darvocet",326
"migraine depakote",62
"migraine diagnosis",73
"migraine diary",607
"migraine diet",1705
"migraine disease",9970
"migraine dizziness",97
"migraine doctor",82
"migraine doctors",73
"migraine drug",342
"migraine drugs",511
"migraine during pregnancy",178
"migraine eft",403
"migraine equivalent",106
"migraine eye pain",134
"migraine eye problems",803
"migraine fioricet",603
"migraine food",263
"migraine food restrictions",163
"migraine food trigger",163
"migraine food triggers",1978
"migraine foods",173
"migraine forum",63
"migraine gel",1214
"migraine ha",680
"migraine hay fever",78
"migraine head aches",362
"migraine headache",39757
"migraine headache 26 seizure medicine",236
"migraine headache 2b research",229
"migraine headache 2b symptoms",239
"migraine headache and disability",207
"migraine headache and food",144
"migraine headache and herpes i on buttock",391
"migraine headache and neck pain",287
"migraine headache and new york city",211
"migraine headache aora",223
"migraine headache aura",91
"migraine headache blindness",232
"migraine headache blogs",223
"migraine headache boise",231
"migraine headache book",269
"migraine headache breathing pure oxygen",224
"migraine headache canada",142
"migraine headache cause",166
"migraine headache causes",414
"migraine headache causes brain spasm",261
"migraine headache clinic",642
"migraine headache clinic arizona",291
"migraine headache clinic north carolina",587
"migraine headache clinics",280
"migraine headache cure",557
"migraine headache cure treatment",152
"migraine headache cures",72
"migraine headache diagnosis",77
"migraine headache diaries",231
"migraine headache diet",256
"migraine headache doctors",235
"migraine headache drug",114
"migraine headache drugs",239
"migraine headache during pregnancy",349
"migraine headache felt a pop",242
"migraine headache food to avoid",62
"migraine headache foundation",238
"migraine headache homeopathic treatment",233
"migraine headache in child",754
"migraine headache in eyes",206
"migraine headache information",75
"migraine headache management",278
"migraine headache masturbation",227
"migraine headache mechanisms",226
"migraine headache medication",1842
"migraine headache medications",536
"migraine headache medicine",1705
"migraine headache medicine approved fda 2004",233
"migraine headache medicine valium",235
"migraine headache medicines",529
"migraine headache natural medication",230
"migraine headache natural remedy",325
"migraine headache over the counter medication",224
"migraine headache pain",433
"migraine headache pain relief",682
"migraine headache picture",63
"migraine headache pictures",281
"migraine headache pill for weight loss",838
"migraine headache pregnancy",315
"migraine headache prescription",61
"migraine headache preventative",230
"migraine headache prevention",513
"migraine headache recipes",315
"migraine headache relief",2423
"migraine headache relievers",308
"migraine headache remedies",363
"migraine headache remedy",760
"migraine headache research",292
"migraine headache self history evaluation",228
"migraine headache south nj",224
"migraine headache specialist doctors st louis",254
"migraine headache support edmonton",229
"migraine headache support group",234
"migraine headache support group tampa",231
"migraine headache symptom",2614
"migraine headache symptom tracker",224
"migraine headache symptoms",5331
"migraine headache symtoms",238
"migraine headache topamax",331
"migraine headache treatment",13693
"migraine headache treatment relief",289
"migraine headache treatments",486
"migraine headache trigger",121
"migraine headache triggers",417
"migraine headache with aura",429
"migraine headache2c treatment2c chinese medicine",306
"migraine headaches",28483
"migraine headaches 26 uneven pupils",297
"migraine headaches 2b imitrex",557
"migraine headaches and allergys",221
"migraine headaches and birth control pills",819
"migraine headaches and dizzyness",219
"migraine headaches and female infertility",435
"migraine headaches and hormones",227
"migraine headaches and lightheadedness",281
"migraine headaches and oxycontin withdrawal",1028
"migraine headaches and oxycontin withdrawl",2241
"migraine headaches and petadolex",214
"migraine headaches and topomax",213
"migraine headaches and vicodin withdrawal",206
"migraine headaches and vitamins",950
"migraine headaches botox",362
"migraine headaches cause and cure",224
"migraine headaches caused by allergys",210
"migraine headaches causes",106
"migraine headaches chromosomal abnormality",226
"migraine headaches cure",324
"migraine headaches diet",92
"migraine headaches during orgasm",283
"migraine headaches during pregnancy",338
"migraine headaches in children",406
"migraine headaches in men",246
"migraine headaches in teens",98
"migraine headaches las vegas",372
"migraine headaches medication",260
"migraine headaches medication for them",224
"migraine headaches melatonin",6185
"migraine headaches migraines",300
"migraine headaches possible triggers",225
"migraine headaches spinal fluid",239
"migraine headaches symptoms",113
"migraine headaches treatments",60
"migraine headaches with siezures",221
"migraine headaches without the pain",228
"migraine help",1621
"migraine hemiplegia ocular",422
"migraine herb",86
"migraine herbal medicine",194
"migraine herbal remedies",58
"migraine herbal supplements",291
"migraine herbs",556
"migraine home remedies",381
"migraine home remedy",289
"migraine homeopathy",71
"migraine hormones",62
"migraine hypnosis",5247
"migraine ice",320
"migraine ice temple cooling headache pads",228
"migraine iceae cooling headache pads",224
"migraine images",217
"migraine imigran maxalt",913
"migraine imitrex",1776
"migraine in children",124
"migraine information",1401
"migraine injections",171
"migraine magnesium",126
"migraine mailto",71
"migraine management",75
"migraine mangagement",710
"migraine medication",16207
"migraine medication natural",111
"migraine medication new",180
"migraine medication prescription",222
"migraine medication weight loss",263
"migraine medications",15241
"migraine medications available in mexico",287
"migraine medicine",9191
"migraine medicine prescription",87
"migraine medicine while pregnant",256
"migraine medicines",1769
"migraine medicines and elavil",73
"migraine meds",481
"migraine menopause",412
"migraine more condition symptoms",91
"migraine mri",63
"migraine naproxen",7963
"migraine nasal spray",93
"migraine natural relief",1276
"migraine natural remedy",104
"migraine nausea",127
"migraine neck pain",71
"migraine neurontin",136
"migraine nighttime",790
"migraine norvasc",346
"migraine nose spray",88
"migraine occular",80
"migraine ocular symptom",232
"migraine ocular treatment",256
"migraine ophtalmique",444
"migraine opthalmic",66
"migraine optic",86
"migraine optical",82
"migraine optical symptoms",354
"migraine pain",784
"migraine pain medication",850
"migraine pain migraine headache symptoms",254
"migraine pain relief",3483
"migraine phenomenom",81
"migraine phenomenon",74
"migraine pills topamax",251
"migraine pregnancy",445
"migraine prescription",360
"migraine prescription medication",1003
"migraine prescription medicine",1168
"migraine prescriptions",399
"migraine pressure point",141
"migraine pressure points",94
"migraine prevention",6813
"migraine prevention kit",647
"migraine prevention medication",431
"migraine prevention medications",185
"migraine prevention medicine",145
"migraine prevention topamax",360
"migraine prophylaxis",995
"migraine relief",25044
"migraine remedies",682
"migraine remedy",920
"migraine research",1591
"migraine research articles",247
"migraine resulting in droopy eye",687
"migraine riddim",65
"migraine scoliosis",350
"migraine scotoma",143
"migraine seizure",143
"migraine seizures",754
"migraine serotonin",77
"migraine silent",139
"migraine sinus",195
"migraine sinus headache",58
"migraine sleep",726
"migraine sleep masks",228
"migraine specialist",311
"migraine specialist in south carolina",1175
"migraine specialists",85
"migraine statistics",72
"migraine stomach",109
"migraine stroke",1488
"migraine sufferer",805
"migraine sufferers",58
"migraine sunnyvale",700
"migraine support",2979
"migraine support group",753
"migraine support groups",771
"migraine surgery",272
"migraine symptom",632
"migraine symptoms",5057
"migraine symptoms but no headache",215
"migraine symptoms without headache",217
"migraine symptons",716
"migraine symtoms",191
"migraine syndrome",110
"migraine tablets",62
"migraine therapy",396
"migraine topamax",988
"migraine traitement",811
"migraine treatment",4611
"migraine treatment guidelines children",1180
"migraine treatment natural andnot imitrex",173
"migraine treatment new",86
"migraine treatments",3214
"migraine trigger",1335
"migraine triggers",3145
"migraine trust",75
"migraine type",159
"migraine types",71
"migraine variant",242
"migraine variant symptoms",223
"migraine vertigo",779
"migraine vioxx",904
"migraine vision",83
"migraine visual",66
"migraine visual aura",81
"migraine with aura",597
"migraine with out headache",209
"migraine without a headache",304
"migraine without headache",444
"migraine yoga positions",219
"migraine zomig",69
"migraine+support",470
"migrastick migraine pain reliever",247
"mild migraine symptoms",238
"motrin migraine",185
"motrin migraine pain caplets",707
"mri for migraine headaches",285
"mueller loretta headache migraine",237
"national headache migraine support",227
"national migraine and headache guidelines",225
"natural cure for migraine",162
"natural cure for migraine headache",62
"natural migraine headache cures",283
"natural migraine medicine",332
"natural migraine relief",1838
"natural migraine remedy",139
"natural relief of migraine headaches",326
"natural remedies for migraine headaches",274
"natural remedies migraine headaches",87
"natural remedy for migraine headaches",227
"natural sleep aid migraine",354
"nausea vomiting signs of migraine headaches",4211
"nc migraine headaches",329
"neck pain causing migraine headache",246
"neurontin and migraine",70
"neurontin for migraine",61
"neurontin migraine",1390
"new ice treatment for migraine headaches",210
"new migraine headache treatments",185
"new migraine medication",981
"new migraine medicine",554
"new migraine or tension headache medication",346
"new migraine treatment",170
"new migraine treatments",251
"new preventative drugs for migraine",396
"new preventative drugs migraine",75
"new research for migraine headaches",212
"newest migraine headache medication",258
"north carolina migraine",1110
"north carolina migraine headaches",647
"nortriptyline migraine",101
"nursing care of migraine headaches",196
"occipital neuralgia headaches and migraine",68
"occular migraine",3272
"occular migraine headache",129
"occular migraine headaches",70
"occular migraine symptoms",296
"occular migraine with reoccuring symptoms",216
"ocular and migraine",977
"ocular migraine",7144
"ocular migraine cause",1012
"ocular migraine cause ocular migraine",1100
"ocular migraine headache",411
"ocular migraine headaches",491
"ocular migraine images",746
"ocular migraine information",81
"ocular migraine neck pain",64
"ocular migraine other symptoms",201
"ocular migraine picture",836
"ocular migraine resources find amazing occular migraine",133
"ocular migraine scotoma",80
"ocular migraine stroke",180
"ocular migraine symptoms",471
"ocular migraine syndrome",345
"ocular migraine topamax migraines topamax",423
"ocular migraine treatment",377
"ocular migraine with reoccurring symptoms",227
"ocular migraine without headache",380
"ocular ophthalmic migraine",331
"oils migraine headache",227
"online migraine books",278
"oopherectomy and migraine headaches",237
"ophthalmic migraine",2612
"ophthalmic migraine headache",216
"ophthalmic migraine headaches",73
"ophthalmologic migraine",71
"ophthalmoplegic migraine",510
"opthalmic migraine",2348
"opthalmoplegic migraine",777
"optic migraine",1907
"optic migraine symptoms",259
"optical migraine",2664
"optical migraine headache",299
"oral contraceptives for migraine sufferers",636
"over the counter migraine headache remedy",246
"over the counter migraine medication",79
"over the counter migraine medicine",64
"oxygen and migraine",111
"pain articles migraine headaches",267
"pain killers used to treat migraine headaches",115
"pain medication for migraine headach",69
"pain relief buy fioricet migraine now",76
"pain relief for severe sinus migraine",808
"pain relief migraine",155
"pain relief severe sinus migraine",181
"painless migraine",130
"paint fumes and migraine headaches",73
"pathophysiology of migraine headaches",214
"piedmont migraine",700
"piedmont migraine headaches",287
"post traumatic migraine",1097
"posterior migraine",86
"pregnancy and migraine",88
"pregnancy migraine",93
"pregnancy migraine headaches",173
"premenstrual migraine",776
"prescription drugs for migraine headaches",213
"prescription migraine medications",564
"prescription migraine medicine",2168
"preston migraine headaches",311
"price of migraine medication",374
"progesterone for migraine headaches",1683
"progesterone migraine headaches",2004
"progestins migraine headaches",229
"propranolol migraine",161
"raleigh migraine headaches",2097
"related research migraine c reactive protein headache",252
"relief for migraine",63
"relief for migraine suffers",85
"relief from migraine",71
"relief from migraine headache",77
"relief from migraine headaches",574
"relief migraine headache",329
"relief migraine headaches",369
"relief of migraine headaches",310
"relief treatment prescription migraine medications",629
"renal nerve migraine headaches",404
"renal nerve rectal adjustment migraine headaches",414
"research articles migraine headaches",85
"resources articles migraine headaches",225
"retinal migraine",1609
"retinal migraine causes",71
"riboflavin and migraine headaches",229
"rofecoxib migraine",85
"rosacea migraine headaches",68
"seattle sylvia migraine headaches",223
"sergey dzugan migraine",78
"sergey dzugan migraine cure",119
"severe migraine headache",89
"severe migraine headaches",314
"signs of migraine headaches",215
"silent migraine",707
"silent migraine symptoms",369
"sinus headache migraine",169
"sinus headache or migraine",214
"sinus migraine",1111
"sinus migraine headache",71
"sinusitis migraine headaches",70
"south shore migraine headache",337
"status migraine",96
"stomach migraine",711
"stories migraine sufferers",653
"stress migraine",64
"stress related migraine headaches",359
"stroke due to migraine",738
"study coq10 migraine",109
"surgery for migraine headaches",335
"symptom of migraine headache",269
"symptoms migraine",60
"symptoms migraine headaches pregnancy",234
"symptoms ocular migraine",228
"symptoms of a migraine",424
"symptoms of abdominal migraine",296
"symptoms of basilar artery migraine",225
"symptoms of migraine",558
"symptoms of migraine headache",364
"symptoms of migraine headaches",583
"symptoms of onset of migraine",206
"symptoms optical migraine",357
"symptoms optical migraine optical migraine",238
"tens unit migraine",475
"tens unit neck migraine",463
"texas migraine",797
"tinnitus and migraine",274
"tmj migraine headache",79
"topamax 26 migraine",312
"topamax and migraine",599
"topamax and migraine headaches",312
"topamax for migraine",476
"topamax for migraine how to take",270
"topamax in migraine headaches",83
"topamax medicine for migraine headaches",405
"topamax migraine",1627
"topamax migraine headache",135
"topamax migraine headaches",440
"topamax migraine medication research",445
"topamax migraine treatment",61
"topomax migraine",1201
"topomax migraine headaches",235
"traitement migraine",160
"tramadol for migraine",376
"transformed migraine",288
"transformed migraine headaches",229
"treat migraine",80
"treat migraine headache",305
"treat migraine headaches",272
"treatment for migraine",79
"treatment for migraine headaches",130
"treatment of migraine",129
"treatment of migraine headaches",364
"triggers for migraine headaches",220
"triggers migraine headaches",321
"triptan migraine",732
"tryptophan 5 htp serotonin migraine alcohol",115
"tylenol migraine",1083
"tylenol with codeine for 14 year old migraine sufferer",107
"types of migraine",69
"types of migraine headaches",375
"use of acupuncture for migraine headaches",245
"using peppermint oil to treat migraine headaches",509
"variations of migraine symptoms",214
"vascular migraine",128
"verapamil and migraine",829
"verapamil migraine",1037
"vertige rotatoire et migraine ophtalmique",120
"vertiginous migraine",107
"vestibular migraine",1308
"vioxx migraine",93
"vision migraine",908
"visual migraine",1276
"watery red eyes and migraine headaches",80
"what are migraine headaches",273
"what are the different kind of migraine headaches",197
"what are the symptoms of a silent migraine",195
"what causes migraine headaches",474
"what foods cause migraine headaches",238
"what foods causes migraine headaches",216
"what is a compression migraine",75
"what is a migraine",3223
"what is a migraine headache",294
"what is migraine",5646
"what is migraine headache",264
"what is ocular migraine",560
"what is ophthalmic migraine",192
"where can i buy migraine medications",171
"www migraine",59
"xango mangosteen migraine",5119
"zoloft and migraine headaches",101
"zoloft migraine",87
