"10 natural remedies that can save your life",26
"1001 natural remedies",35
"acid reflux natural remedies",591
"acne 26 natural remedies",298
"acne and and natural remedies",286
"acne and natural remedies",45
"acne cheeks natural remedies",228
"acne natural remedies",901
"add natural remedies",122
"adhd natural remedies",684
"adult acne natural remedies",372
"adult attention deficit disorder natural remedies",26
"all natural diuretic remedies that are the most effective",22
"all natural hair loss remedies women",69
"all natural herbal remedies for fibromyalgia",26
"all natural homeopathic remedies for vaginal rashes",24
"all natural pet remedies",54
"all natural remedies",108
"all natural remedies dry eye",20
"all natural remedies for acne",32
"all natural remedies toe nail fungus",124
"allergies natural remedies",63
"anxiety natural remedies",562
"any natural remedies for an abscessed tooth",36
"arthritis natural remedies",170
"asthma and natural remedies",29
"asthma natural remedies",94
"attention deficit disorder natural remedies",77
"avian flu or bird flu and natural remedies",56
"bad breath natural remedies",274
"bad dog breath natural remedies",39
"bipolar disorder natural remedies",42
"bipolar natural remedies",53
"bird flu natural remedies",72
"blackheads natural remedies",515
"bladder infection natural remedies",38
"bladder spasms natural remedies",28
"blood cholesterol natural remedies lowering",32
"blood pressure natural remedies",57
"books on natural remedies",27
"bromhydrosis natural remedies",53
"bronchitis and natural remedies",35
"bronchitis natural remedies",55
"canadian natural herbal remedies",25
"canadian natural herbal remedies for sciatica",29
"canine natural remedies laxatives",21
"canker sore natural remedies",20
"cat allergies natural remedies",217
"cat dander allergy natural remedies",235
"cat lice natural remedies",20
"cat natural home remedies",20
"cataracts and natural remedies",21
"cats health and natural remedies for fleas",256
"cats natural remedies",27
"celiac remedies natural",146
"cellulite natural home remedies",27
"cellulite natural remedies",44
"cholesterol natural organic remedies",20
"cholesterol natural remedies",56
"chronic sinusitis natural remedies",67
"cleaning cat urine from carpets natural remedies",54
"cold sore natural remedies",36
"cold sores natural remedies",20
"colic natural remedies",22
"colitis natural remedies",24
"constipation natural remedies",188
"cradle cap natural remedies",306
"cures natural remedies to stomach aches",182
"degenerative disc disease natural remedies",208
"depression natural remedies",3153
"depression self help natural remedies",55
"depression+natural+remedies",464
"detox off marijuana using natural remedies",56
"detoxification endometriosis natural remedies",318
"diabetes natural remedies",105
"dizziness natural health remedies",227
"dog health natural remedies",60
"dog natural remedies",20
"dog scratching natural remedies",34
"dogs lipoma natural remedies",42
"ear infection natural remedies",37
"earache natural remedies",20
"eczema natural remedies",719
"ed natural remedies",25
"endometriosis natural remedies",33
"english bull dog skin remedies natural",71
"erectile disfunction natural remedies",203
"erectile dysfunction natural remedies",36
"erection erectile disfunction natural remedies",654
"erectyle dysfunction natural remedies",22
"excema natural remedies",58
"excess stomach acid natural remedies",41
"facial eczema natural remedies",327
"fatty liver natural remedies",28
"fertility remedies natural",21
"fibroids natural remedies",38
"fibromyalgia natural remedies",22
"find natural remedies",23
"find natural remedies for medication",21
"flea remedies natural",26
"fleas natural remedies",106
"flu natural remedies",35
"free natural head lice remedies",20
"free natural remedies",66
"free natural remedies constipation",22
"free natural remedies dogs",25
"free natural remedies for dogs",205
"free natural remedies that work",21
"gall bladder natural remedies",61
"gas relief natural remedies",19
"genital herpes natural remedies",42
"gerd herbal natural remedies treatments",40
"gerd natural remedies",49
"gout natural remedies",239
"gray hair natural remedies",41
"great value natural remedies",83
"grey hair natural remedies",20
"hair growth natural home remedies",26
"hair loss natural remedies",70
"head lice natural remedies",25
"headache natural remedies",25
"healing natural home remedies for rashes",210
"healing natural home remedies rashes",20
"health acne natural remedies",103
"health natural remedies",228
"heartburn natural remedies",526
"hemorrhoids natural remedies",29
"herbal and natural remedies",47
"herbal and natural remedies for arthritis",55
"herbal cold remedies natural source website",25
"herbal natural home remedies yeast infection",383
"herbal natural remedies",57
"herbal remedies vitamins and supplements natural medicine",115
"herbs supplements natural remedies for gout",24
"herpes natural remedies",100
"high blood pressure natural remedies",529
"high blood-pressure natural remedies",33
"high bloodpressure natural remedies",37
"high natural remedies triglycerides",107
"holistic natural estrogen remedies",75
"home business selling herbs and natural remedies",30
"home natural remedies for dogs",43
"home remedies natural ingredients",28
"homeopathic natural health remedies",220
"homeopathic natural remedies veterinary medicine",21
"horse encyclopedia of natural remedies",21
"hot flashes natural remedies",32
"how to get rid of weed with natural liquid remedies",38
"hpv natural remedies",22
"hypertension and natural remedies",20
"hypertension natural remedies",89
"hyperthyroid natural remedies",34
"hypothyroid natural remedies",42
"hypothyroidism natural remedies",45
"ibs natural remedies",35
"impotence cure2c diabetes impotence natural remedies",222
"impotence natural remedies",23
"impotence natural remedies for blood flow",43
"insomnia natural remedies",238
"insomnia remedies natural",162
"interstitial lung disease and natural remedies",28
"intestinal parasites natural remedies",68
"irritable bowel syndrome natural remedies",23
"ischemic colitis natural remedies",402
"itchy ear natural remedies",34
"itchy scalp natural remedies",43
"judy mcfarland natural remedies",30
"kevin trudeau natural remedies",119
"kidney health humans natural remedies",24
"kidney health in humans natural remedies",210
"kidney stones holistic natural remedies",52
"kidney stones natural remedies",108
"kidney stoney natural remedies",29
"laryngitis natural remedies",90
"lawn care natural remedies",19
"libido natural remedies for",42
"male menopause natural remedies",271
"mange natural remedies",23
"medicine natural cholesterol remedies",302
"medicine natural remedies",246
"menopause and natural remedies",418
"menopause dryness natural remedies",25
"menopause natural remedies",1400
"menopause remedies natural herbal alternative medicine",46
"migraine natural remedies",28
"mitral valve prolapse natural remedies",32
"molluscum natural remedies",19
"mono virus natural remedies",26
"nail fungus natural remedies",320
"nail puncture wounds natural remedies",22
"natural acne fighting remedies",22
"natural acne home remedies",285
"natural acne remedies",5533
"natural add remedies",33
"natural allergy remedies",1237
"natural alternative remedies",36
"natural and herbal remedies",41
"natural and nutritional remedies fro depression mood swings",23
"natural ant remedies",39
"natural anti clotting remedies",24
"natural antiaging remedies",31
"natural antibiotic remedies",27
"natural anxiety remedies",571
"natural arthritis remedies",152
"natural asthma remedies",274
"natural bad breath remedies",85
"natural beauty remedies",150
"natural bladder infection remedies",43
"natural blood pressure remedies",401
"natural cancer remedies",342
"natural candida remedies",95
"natural cat remedies",30
"natural cholesterol remedies",47
"natural cholestrol remedies",22
"natural cleaning remedies",63
"natural cold and flu remedies during pregnancy",20
"natural cold flu remedies",242
"natural cold remedies",790
"natural cold sore remedies",67
"natural common cold remedies",69
"natural constipation remedies",366
"natural cough remedies",502
"natural cures and remedies",85
"natural dandruff remedies",491
"natural depression remedies",123
"natural detox remedies",134
"natural diabetes remedies",27
"natural diabetic remedies",21
"natural diet remedies",21
"natural diuretics food remedies",497
"natural dog illness remedies",240
"natural dog remedies",368
"natural earache remedies",51
"natural eczema remedies",117
"natural erectile dysfunction remedies",35
"natural esophageal stricture remedies",23
"natural essential oil remedies for skin",375
"natural face remedies",27
"natural facial remedies",32
"natural flea and tick remedies",233
"natural flea herbal remedies for fleas",41
"natural flea home remedies",22
"natural flea remedies",1065
"natural flea remedies for cats",23
"natural flea remedies for dogs",21
"natural flea tick remedies",22
"natural flu remedies",275
"natural food remedies",24
"natural foods and remedies",21
"natural gallbladder remedies",51
"natural garden remedies",25
"natural gout remedies",134
"natural hair care remedies",20
"natural hair growth remedies",186
"natural hair loss remedies",557
"natural hair regrowth remedies",25
"natural hair remedies",494
"natural head lice remedies",30
"natural headache remedies",376
"natural headache remedy or remedies",26
"natural healing remedies",230
"natural healing remedies acne",78
"natural healing remedies for acne",60
"natural healing remedies for acne at home for free",90
"natural healing remedies for nail fungus",31
"natural health herbal remedies",290
"natural health remedies",5399
"natural health remedies by dr. janet maccaro",37
"natural health remedies ears",25
"natural health remedies for ears",217
"natural health remedies for menopause",112
"natural health remedies for osteoporosis",60
"natural heartburn remedies",721
"natural herb remedies",59
"natural herbal insomnia remedies",834
"natural herbal medicine remedies",28
"natural herbal remedies",2089
"natural herbal remedies for common",38
"natural herbal remedies for diseases",20
"natural herbal remedies for dogs",45
"natural herbal remedies for menopause and loss of sleep",29
"natural herbal remedies georgetown",20
"natural herbal sleep remedies",181
"natural herbal stress herbal remedies",28
"natural herbs and remedies",30
"natural herpes remedies",83
"natural high blood pressure remedies",100
"natural hiv remedies",19
"natural home beauty remedies",32
"natural home pimple remedies",342
"natural home remedies",5630
"natural home remedies acne",270
"natural home remedies cats",20
"natural home remedies cleaning cat27s ears",23
"natural home remedies clogged sink",22
"natural home remedies ear infection",22
"natural home remedies for acne",33
"natural home remedies for cats",229
"natural home remedies for cleaning cat27s ears",211
"natural home remedies for colds",322
"natural home remedies for dry hair",27
"natural home remedies for earaches",31
"natural home remedies for hair loss",84
"natural home remedies for itchy scalp",24
"natural home remedies for skin care",209
"natural home remedies for tattoo removal",33
"natural home remedies for treating cysts",324
"natural home remedies for weightloss",30
"natural home remedies for yeast infections",724
"natural home remedies hair",27
"natural home remedies headache",30
"natural home remedies of acne",241
"natural home remedies to lighten hair color",35
"natural home remedies to start labour",36
"natural home remedies yeast infections",20
"natural homeopathic remedies",32
"natural homeopathic remedies for high blood pressure",24
"natural honey made remedies",20
"natural impotence remedies",73
"natural incontinence remedies",54
"natural indian home beauty remedies",21
"natural indian products and remedies",40
"natural insect remedies",21
"natural kennel cough remedies",27
"natural kidney remedies",29
"natural kidney stone remedies",54
"natural lice remedies",62
"natural medical remedies",119
"natural medicine remedies for headaches",767
"natural medicine remedies herpes",20
"natural medicines and remedies",201
"natural menopause remedies",1059
"natural menopausse remedies",27
"natural migraine remedies",49
"natural nail fungus remedies",29
"natural ocd remedies",44
"natural pain remedies",109
"natural pest control remedies",21
"natural pest remedies",44
"natural pet remedies",337
"natural pimple remedies",296
"natural pms treatment herbal remedies",226
"natural pregnancy remedies",26
"natural premature ejaculation remedies",19
"natural psoriasis remedies",219
"natural rash remedies",21
"natural relaxation remedies",25
"natural remedies",41947
"natural remedies 2b panic attacks",242
"natural remedies acid reflux",405
"natural remedies acid reflux pregnancy",24
"natural remedies acne",1579
"natural remedies add",1966
"natural remedies add adhd",1951
"natural remedies adhd",3173
"natural remedies adult acne",28
"natural remedies allergies",23
"natural remedies alternatives dilantin anti convulsant",178
"natural remedies alternatives to dilantin as anti convulsant",1045
"natural remedies and acid reflux and pregnancy",332
"natural remedies and acne",292
"natural remedies and herpes",28
"natural remedies anxiety",111
"natural remedies anxiety panic attacks",145
"natural remedies arthritis",45
"natural remedies bacterial vaginitis",58
"natural remedies bi polar",26
"natural remedies boils",33
"natural remedies book",64
"natural remedies book as seen on tv",158
"natural remedies breaking blood clots",27
"natural remedies breast cancer",193
"natural remedies cancer sores mouth",28
"natural remedies cancer sores of the mouth",217
"natural remedies candida",28
"natural remedies cat fleas",19
"natural remedies cat health",224
"natural remedies cats",28
"natural remedies children poison oak",137
"natural remedies chooks",27
"natural remedies cold legs",44
"natural remedies cold sores",42
"natural remedies colitis",24
"natural remedies constipation",197
"natural remedies cream of tartar",22
"natural remedies crohns disease",75
"natural remedies depression",73
"natural remedies diabetes",67
"natural remedies dogs",20
"natural remedies dogs health",247
"natural remedies dry skin",25
"natural remedies during pregnancy",28
"natural remedies eczema",499
"natural remedies encyclopedia",77
"natural remedies erectile dysfunction",291
"natural remedies f or hair loss",35
"natural remedies fever blister cold sore",26
"natural remedies fibro myalgia",28
"natural remedies fifth disease",26
"natural remedies flea control",26
"natural remedies fleas",35
"natural remedies for a cold",40
"natural remedies for a head cold",47
"natural remedies for a sore throat",34
"natural remedies for abortions",26
"natural remedies for acid reflux",808
"natural remedies for acne",1625
"natural remedies for acne + oily skin",105
"natural remedies for acne oily skin",201
"natural remedies for acne pitted scars",20
"natural remedies for acne scars",99
"natural remedies for add",221
"natural remedies for add adhd",218
"natural remedies for adha",37
"natural remedies for adhd",846
"natural remedies for adhesions",39
"natural remedies for adrenal and thyroid deficientcies and",440
"natural remedies for adult acne",314
"natural remedies for adult add",238
"natural remedies for age spots",33
"natural remedies for alcohol detox",22
"natural remedies for alcoholism",30
"natural remedies for allergies",553
"natural remedies for als",20
"natural remedies for an ear infection",127
"natural remedies for ants",27
"natural remedies for anxiety",1425
"natural remedies for anxiety and depression",26
"natural remedies for anxiety and panic attacks",314
"natural remedies for arthritis",1368
"natural remedies for ascites",21
"natural remedies for asthma",501
"natural remedies for athletes foot",22
"natural remedies for attention deficit disorder",1995
"natural remedies for babies",203
"natural remedies for babies reflux",24
"natural remedies for bacterial vaginosis",29
"natural remedies for bad breath",40
"natural remedies for bedwetting",25
"natural remedies for bells palsy",19
"natural remedies for bipolar",62
"natural remedies for bipolar disorder",105
"natural remedies for blackheads",105
"natural remedies for bladder infection",44
"natural remedies for bladder infections",84
"natural remedies for bladder spasms",464
"natural remedies for blood clots",21
"natural remedies for blood pressure",28
"natural remedies for breaking up blood clots",215
"natural remedies for broken bones",25
"natural remedies for bronchitis",183
"natural remedies for bugs",19
"natural remedies for burns",41
"natural remedies for bursitis",31
"natural remedies for bursitis in the hip",45
"natural remedies for cancer",61
"natural remedies for cancer sores of the mouth",214
"natural remedies for candida",22
"natural remedies for candidiasis",25
"natural remedies for canker sores",33
"natural remedies for carpal tunnel syndrome",64
"natural remedies for cat fleas",214
"natural remedies for cat hairballs",35
"natural remedies for cats",102
"natural remedies for celiac disease",90
"natural remedies for cellulite",31
"natural remedies for chest acne",27
"natural remedies for chest congestion",53
"natural remedies for children flu",25
"natural remedies for cholesteral",32
"natural remedies for cholesterol",24
"natural remedies for chronic bv",26
"natural remedies for chronic pain",20
"natural remedies for cleaning",22
"natural remedies for cluster headaches",31
"natural remedies for cockroaches",79
"natural remedies for cold sores",145
"natural remedies for colds",59
"natural remedies for colic",44
"natural remedies for colitis",55
"natural remedies for constipated infants",53
"natural remedies for constipation",702
"natural remedies for costochronditis",21
"natural remedies for cough",30
"natural remedies for coughs",115
"natural remedies for coughs and colds",30
"natural remedies for crack cocaine abuse",26
"natural remedies for cramp",86
"natural remedies for cystic acne",20
"natural remedies for dandruff",150
"natural remedies for dark circles",392
"natural remedies for dementia",26
"natural remedies for depression",2687
"natural remedies for depression and anxiety",309
"natural remedies for dermatitis",27
"natural remedies for deterring mice",33
"natural remedies for diabetes",300
"natural remedies for diaper rash",21
"natural remedies for diarrhea",136
"natural remedies for dog allergies",24
"natural remedies for dog fleas and ticks",234
"natural remedies for dog health",40
"natural remedies for dog incontinence",45
"natural remedies for dog odor",20
"natural remedies for dogs",200
"natural remedies for dogs with arthritis",20
"natural remedies for dry eyes",27
"natural remedies for dry hair",34
"natural remedies for dry mouth",35
"natural remedies for dry skin",327
"natural remedies for dry skin on arms",22
"natural remedies for ear ache",24
"natural remedies for ear aches",20
"natural remedies for ear drainage",34
"natural remedies for ear infection",77
"natural remedies for ear infections",165
"natural remedies for earaches",24
"natural remedies for eczema",960
"natural remedies for ed",31
"natural remedies for edema",34
"natural remedies for effexor withdrawals",21
"natural remedies for endometriosis",52
"natural remedies for epilepsy",40
"natural remedies for erectile disfunction",32
"natural remedies for erectile dysfunction",59
"natural remedies for eustachian tube dysfunction",109
"natural remedies for excema",21
"natural remedies for excessive sweating",35
"natural remedies for exema",263
"natural remedies for eye floaters",22
"natural remedies for facial wrinkles",120
"natural remedies for fading away blemishes",46
"natural remedies for fatigue",33
"natural remedies for fatty liver disease",22
"natural remedies for fibroids",68
"natural remedies for fibromyalgia",30
"natural remedies for flatulence",44
"natural remedies for flea control",309
"natural remedies for flea control on dogs",319
"natural remedies for fleas",340
"natural remedies for fleas and ticks",19
"natural remedies for fleas on dogs",21
"natural remedies for flu",30
"natural remedies for frizzy hair",52
"natural remedies for gallstones",34
"natural remedies for gas",57
"natural remedies for gastritis",61
"natural remedies for genital warts",116
"natural remedies for gerd",115
"natural remedies for giardia",28
"natural remedies for golden retreiver skin conditions",211
"natural remedies for gout",155
"natural remedies for gray hair",44
"natural remedies for grey hair",26
"natural remedies for growing hair",78
"natural remedies for gum disease",76
"natural remedies for hair growth",151
"natural remedies for hair loss",1104
"natural remedies for hair loss due to menopause",35
"natural remedies for hair loss in children",20
"natural remedies for halitosis",22
"natural remedies for hallucinations",22
"natural remedies for hay fever",113
"natural remedies for head lice",230
"natural remedies for headaches",126
"natural remedies for headlice",37
"natural remedies for health",27
"natural remedies for health problems",164
"natural remedies for healthy liver",21
"natural remedies for heart burn",27
"natural remedies for heart disease",20
"natural remedies for heart palpitations",22
"natural remedies for heartburn",775
"natural remedies for heavy periods",42
"natural remedies for helicobacter pylori",20
"natural remedies for helping acid reflux in infants",38
"natural remedies for hemorrhoids immediate relief",42
"natural remedies for hepatitis",71
"natural remedies for herpes",76
"natural remedies for hgh blood pressure",38
"natural remedies for high blood pressure",1216
"natural remedies for high blood pressure during pregnancy",19
"natural remedies for high cholesterol",474
"natural remedies for hip bursitis",65
"natural remedies for hives",172
"natural remedies for hot flashes",198
"natural remedies for household pests",30
"natural remedies for hydrating your face",109
"natural remedies for hyperhidrosis",20
"natural remedies for hypertension",432
"natural remedies for hypertention",61
"natural remedies for hyperthyroidism",25
"natural remedies for hypothyroid",56
"natural remedies for hypothyroidism",148
"natural remedies for ibs",353
"natural remedies for impotence",75
"natural remedies for increased female sex drive",31
"natural remedies for inducing labor",50
"natural remedies for infants",21
"natural remedies for infected flea bites dogs",224
"natural remedies for infertility",42
"natural remedies for insomnia",564
"natural remedies for intestine cleaning",26
"natural remedies for irregular menstruation",30
"natural remedies for irritable bowel syndrome",108
"natural remedies for itchy dog skin",49
"natural remedies for itchy watery allergy eyes",21
"natural remedies for joint pain",291
"natural remedies for kidney infection",29
"natural remedies for kidney stones",178
"natural remedies for killing fleas",35
"natural remedies for kittens with feline herpes",21
"natural remedies for knee pain",392
"natural remedies for laryngitis",204
"natural remedies for leg cramps",31
"natural remedies for lice",36
"natural remedies for loosing weight",31
"natural remedies for low ph in ponds",22
"natural remedies for low testosterone levels",30
"natural remedies for low thyroid function",2441
"natural remedies for lower back pain",271
"natural remedies for lowering cholesterol",248
"natural remedies for lupus",42
"natural remedies for male impotence",23
"natural remedies for men",21
"natural remedies for menopause",1273
"natural remedies for menopause symptoms",31
"natural remedies for menstrual cramps",43
"natural remedies for migraine headaches",274
"natural remedies for migraines",281
"natural remedies for moderate dysplasia",19
"natural remedies for moisturizing skin",20
"natural remedies for mood swings",234
"natural remedies for morning sickness",82
"natural remedies for mosquito bites",61
"natural remedies for multiple sclerosis",38
"natural remedies for muscle joint pain",289
"natural remedies for nail fungus",166
"natural remedies for nasal congestion",31
"natural remedies for nausea",37
"natural remedies for neck pain",24
"natural remedies for ocd",29
"natural remedies for oily skin",49
"natural remedies for osteoarthritis",315
"natural remedies for osteoporosis",43
"natural remedies for ostorarthritis",30
"natural remedies for ovarian cysts",31
"natural remedies for overcoming social anxiety",74
"natural remedies for pain",42
"natural remedies for panic attacks",720
"natural remedies for parasites",28
"natural remedies for parkinsons disease",90
"natural remedies for passing a drug test",31
"natural remedies for pcos",37
"natural remedies for perimenopause",28
"natural remedies for periodontal disease",27
"natural remedies for persons with dog allergies",492
"natural remedies for pet odors",231
"natural remedies for pets",82
"natural remedies for piles",62
"natural remedies for pimples",133
"natural remedies for pink eye",55
"natural remedies for pinworms",21
"natural remedies for plantar warts",63
"natural remedies for pms",397
"natural remedies for pms and perimenopause",21
"natural remedies for pneumonia",29
"natural remedies for pnuemonia",32
"natural remedies for poison oak",19
"natural remedies for pollen allergies",19
"natural remedies for polymyalgia rheumatica",26
"natural remedies for postpartum depression",279
"natural remedies for premenapause",29
"natural remedies for prevention of hair growth on legs",20
"natural remedies for prostate",25
"natural remedies for prostate cancer",219
"natural remedies for prostate problems",234
"natural remedies for psoriasis",628
"natural remedies for pulmonary fibrosis",23
"natural remedies for rashes",40
"natural remedies for removing skin tags or moles",24
"natural remedies for restless leg syndrome",40
"natural remedies for retinopathy",22
"natural remedies for rheumatoid arthritis",371
"natural remedies for rhumatoid arthritis",22
"natural remedies for ring worms on thigh folds",182
"natural remedies for ringworm",140
"natural remedies for rosacea",143
"natural remedies for scabies",71
"natural remedies for scar removal",22
"natural remedies for scars",66
"natural remedies for seasonal allergies",31
"natural remedies for seborrhea",48
"natural remedies for seborrhoeic keratoses",26
"natural remedies for seizures",20
"natural remedies for sexually transmitted disease",21
"natural remedies for shingles",106
"natural remedies for shortness of breath",22
"natural remedies for sinus",47
"natural remedies for sinus congestion",30
"natural remedies for sinus infection",480
"natural remedies for sinus infections",279
"natural remedies for sinusitis",52
"natural remedies for skin",362
"natural remedies for skin cancer",33
"natural remedies for skin care",46
"natural remedies for skin problems in dogs",19
"natural remedies for sleep apnea",41
"natural remedies for sleep apnea in children",27
"natural remedies for snoring",39
"natural remedies for sore throat",135
"natural remedies for spider bites",22
"natural remedies for sport injury",37
"natural remedies for sports injuries",186
"natural remedies for sports injury",193
"natural remedies for staph infections",28
"natural remedies for stomach flu",54
"natural remedies for stomach ulcers",36
"natural remedies for strep throat",121
"natural remedies for strept",19
"natural remedies for stress",20
"natural remedies for stretch marks",279
"natural remedies for stretch marks australia only",26
"natural remedies for sunburn",33
"natural remedies for swimmers ears",129
"natural remedies for swollen leg poor circulation",26
"natural remedies for tapeworms",34
"natural remedies for tendonitis",53
"natural remedies for tendonitis in knees",209
"natural remedies for termites",41
"natural remedies for the flu",25
"natural remedies for the menopause",132
"natural remedies for thin hair",27
"natural remedies for thinning hair",43
"natural remedies for thread veins",33
"natural remedies for thrush",144
"natural remedies for thyroid",71
"natural remedies for thyroid problems",39
"natural remedies for toenail fungus",67
"natural remedies for tonsilitis",53
"natural remedies for tooth decalcification",31
"natural remedies for toothache",80
"natural remedies for tourettes in children",26
"natural remedies for toxiplasma",26
"natural remedies for treating psoriasis",51
"natural remedies for tuberculosis",22
"natural remedies for type 2 diabetes",267
"natural remedies for typical problems",20
"natural remedies for ulcerative colitis",321
"natural remedies for ulcers",27
"natural remedies for upper respiratory infection in kittens",55
"natural remedies for urethral stricture",20
"natural remedies for urinary tract infection",38
"natural remedies for urinary tract infections",115
"natural remedies for uti",78
"natural remedies for vaginal odors",87
"natural remedies for vaginal yeast infections",54
"natural remedies for vaginosis",65
"natural remedies for varicose veins",47
"natural remedies for vertigo",22
"natural remedies for vomiting",19
"natural remedies for wart removal",216
"natural remedies for warts",274
"natural remedies for water retention",23
"natural remedies for weight loss",332
"natural remedies for womans hair thinning",28
"natural remedies for women",30
"natural remedies for worms in dogs",218
"natural remedies for wrinkles",161
"natural remedies for wrist injury",78
"natural remedies for yeast infection",248
"natural remedies for yeast infections",322
"natural remedies from plants",429
"natural remedies gall bladder",37
"natural remedies ganglion cyst",20
"natural remedies genital warts",22
"natural remedies gout",59
"natural remedies gripe water recipe",24
"natural remedies group",20
"natural remedies hair loss",367
"natural remedies head lice",26
"natural remedies heal joint pain",21
"natural remedies health resource",25
"natural remedies heartburn",80
"natural remedies help",20
"natural remedies hemorrhoids",23
"natural remedies herpes",43
"natural remedies high blood pressure",358
"natural remedies high cholesterol",252
"natural remedies hot flashes",36
"natural remedies hypertension",24
"natural remedies ibs",32
"natural remedies impotence",68
"natural remedies insomnia",70
"natural remedies irritable bowel syndrome",27
"natural remedies itching",34
"natural remedies itchy skin",54
"natural remedies joint pain",33
"natural remedies kidney stones",33
"natural remedies knee pain",23
"natural remedies ligaments",26
"natural remedies lower back pain",21
"natural remedies lower blood pressure",19
"natural remedies lower cholesterol",23
"natural remedies major depressive disorder",20
"natural remedies melasma",27
"natural remedies menopausal insomnia",48
"natural remedies menopause",98
"natural remedies menstrual cramps",44
"natural remedies migraine headaches",87
"natural remedies muscle joint pain",23
"natural remedies nail fungus",392
"natural remedies osteoarthritis",30
"natural remedies panic attacks",19
"natural remedies period pain uk",24
"natural remedies persons dog allergies",19
"natural remedies pet odors",19
"natural remedies pms",19
"natural remedies polyps",23
"natural remedies postpartum depression",21
"natural remedies psoriasis",26
"natural remedies recipes for fleas",23
"natural remedies rheumatoid arthritis",332
"natural remedies ring worm in hair kids treatment",24
"natural remedies rosacea",57
"natural remedies scalp ringworm",20
"natural remedies severe post partum depression",29
"natural remedies shingles",21
"natural remedies side effects chemotherapy",20
"natural remedies sinus",38
"natural remedies sinus infection",254
"natural remedies sinus infections",22
"natural remedies sinusitis",29
"natural remedies skin yeast infections",30
"natural remedies sleep",26
"natural remedies smelly feet",37
"natural remedies sore neck muscles",34
"natural remedies sports injuries",26
"natural remedies sports injury",23
"natural remedies stretch marks",219
"natural remedies stye",28
"natural remedies thatwork.com",21
"natural remedies they dont want you to know about",28
"natural remedies thicker hair",28
"natural remedies thrush",49
"natural remedies thyroid",30
"natural remedies to avoid stretch marks",204
"natural remedies to burn fat",26
"natural remedies to cure halitosis",259
"natural remedies to cure hives",23
"natural remedies to fight autoimmune disease",28
"natural remedies to get pregnant",24
"natural remedies to get rid of blackheads",30
"natural remedies to get rid of cysts on ovaries",24
"natural remedies to get rid of spots on my back",132
"natural remedies to heal joint pain",249
"natural remedies to healing fibroids",40
"natural remedies to help you conceive",36
"natural remedies to hormone replacements",31
"natural remedies to hypertrophied adenoids",22
"natural remedies to improve eyesight",28
"natural remedies to increase bust size",21
"natural remedies to induce labor",49
"natural remedies to induce labor yourself",53
"natural remedies to inflammation",215
"natural remedies to keep fleas off of dogs",202
"natural remedies to lose stomach fat",222
"natural remedies to lose weight",19
"natural remedies to lower blood pressure",19
"natural remedies to lower cholesterol",257
"natural remedies to lower high blood pressure",258
"natural remedies to make hair grow faster",213
"natural remedies to oral thrush",24
"natural remedies to plantars warts",89
"natural remedies to premature ejaculation",22
"natural remedies to quit smoking",47
"natural remedies to reduce dark circles under eyes",38
"natural remedies to reverse hiv",23
"natural remedies to reverse prednisone damage",20
"natural remedies to reverse vasectomy",20
"natural remedies to soften face-wrinkles",52
"natural remedies to stop snoring",32
"natural remedies to thicken hair",21
"natural remedies to treat ibs",19
"natural remedies to treat parasites",24
"natural remedies tobacco addiction",19
"natural remedies toenail fungus",264
"natural remedies type diabetes",21
"natural remedies uk",30
"natural remedies urinary tract infection",34
"natural remedies uti",132
"natural remedies vaginal pain",31
"natural remedies vs modern medicine",22
"natural remedies weight loss",52
"natural remedies worms dogs",20
"natural remedies yeast infection",505
"natural remedies yeast infections",33
"natural rosacea remedies",89
"natural scaring get rid homemade remedies for acne",213
"natural seizure remedies",21
"natural sinus remedies",345
"natural sinusitis remedies",19
"natural skin care remedies",405
"natural skin remedies",176
"natural skincare remedies",28
"natural sleep remedies",895
"natural sleeping remedies",29
"natural snoring remedies",64
"natural sore throat remedies",63
"natural strep throat remedies",22
"natural stretch marks remedies",20
"natural sunburn remedies",101
"natural teething remedies",20
"natural thrush remedies",25
"natural thyroid remedies",94
"natural tmj remedies",35
"natural tooth abscess remedies",28
"natural ulcer remedies",47
"natural uti remedies",35
"natural wart remedies",26
"natural wart removal remedies",21
"natural weight loss remedies",567
"natural wild plant medicine remedies",21
"natural wood home remedies",19
"natural wrinkle remedies",65
"natural yeast infection remedies",507
"natural+remedies",43
"ocd natural remedies",36
"oppositional behavior natural remedies",57
"osgood schluter natural remedies",21
"osteoarthritis natural remedies",39
"owner bbcmg natural remedies",33
"panic attacks and natural remedies",34
"paper on natural remedies",66
"peptic ulcers natural remedies",32
"perimenopause natural remedies",33
"periodontal disease natural remedies",22
"pet products natural animal remedies",385
"pms natural remedies",20
"postpartum depression and natural remedies",42
"prostate natural remedies",23
"psoriasis natural remedies",128
"remedies natural",43
"remedies natural acne treatments",237
"removal free info on natural remedies for stretch marks",30
"removal natural home remedies for head lice",22
"restless leg syndrome natural remedies",20
"rheumatoid arthritis natural remedies",423
"ringworm natural remedies",43
"rodales encyclopedia of natural home remedies",21
"rosacea natural remedies",180
"rosacea remedies natural",30
"rosacea treatment and natural remedies",22
"save on herbal and natural remedies",34
"scabies natural remedies",31
"scar healing natural remedies",50
"severe acne natural remedies",226
"shingles natural remedies",43
"sinus headache natural remedies",31
"sinus infection natural remedies",28
"sinusitis natural remedies",23
"skin cancer natural remedies",58
"sleep apnea natural remedies",69
"sore throat natural remedies",19
"spinal stenosis natural remedies",45
"staphylococcus aureus natural remedies",22
"strep throat natural remedies",24
"symptoms of shingles in elderly natural remedies and cures.",24
"ten natural remedies that can save your life",36
"testimonies of natural remedies for shrinking tumors on the",28
"thinning skin treatment natural remedies",30
"thrush pregnancy natural remedies",23
"thyroid natural remedies",64
"tinnitus natural remedies",42
"toenail fungus natural remedies",345
"tooth cavity natural healing remedies",34
"tooth disease natural remedies",23
"toothache natural remedies",23
"treasures natural health remedies",20
"treating ulcerative colitis with natural remedies",217
"trudeau natural remedies",19
"ulcerative colitis natural remedies",43
"united states health care and natural remedies year 2004",295
"urinary track infection natural remedies",104
"urinary tract infection natural remedies",53
"urinary tract infections natural remedies",24
"uti natural remedies",31
"vaginal atrophy natural remedies",23
"vaginal dryness natural remedies",33
"vaginal yeast infection 2b natural remedies",293
"vaginitis natural remedies",51
"vinegar natural remedies",23
"vitamins or natural remedies to improve memory",227
"warts natural remedies",34
"what are some natural remedies to acne",24
"where can i find natural remedies for alcohol addiction",20
"womens natural health center herbal remedies",21
"yeast infection natural home remedies",124
"yeast infection natural remedies",314
"yeast infections natural remedies",63
