"10 year wedding anniversary party favors",66
"16th birthday party favors",24
"18th birthday party favors",59
"1940s party favors",33
"195027s party favors",144
"1980s theme party favors",24
"1st birthday party favors",351
"2005 new years party favors",144
"2006 graduation party favors",25
"21st birthday party favors",90
"25th anniversary party favors",476
"25th wedding anniversary party favors",305
"30th birthday party favors",244
"40th anniversary party favors",319
"40th birthday party favors",393
"40th party favors",43
"50s party favors",46
"50th and 30th birthday party favors",33
"50th anniversary party favors",984
"50th birthday party favors",2505
"50th party favors",177
"50th wedding anniversary party favors",2257
"60th birthday party favors",412
"7027s party favors",156
"70s party favors",59
"70th birthday party favors",96
"75th birthday party favors",40
"80th birthday party favors",138
"80th party favors",25
"90th birthday party favors",60
"adult birthday party favors",615
"adult graduation party favors",161
"adult party favors",1033
"adult party favors cigar",314
"affordable reception party favors",45
"african american bachelorette party favors",50
"african american party favors",84
"african party favors",28
"alice in wonderland party favors",63
"alien party favors",222
"all that jazz party favors",29
"american girl party favors",38
"amscan party favors",25
"an affair to remember party favors",54
"angel party favors",93
"animal party favors",47
"anniversary party favors",2696
"anniversary party favors 50th golden",309
"arabian party favors",151
"ariel party favors",33
"army party favors",54
"asian party favors",284
"auburn university party favors",230
"aviation party favors",470
"baby baptism party favors",188
"baby bottle party favors",169
"baby bottle party favors and message in a bottle",145
"baby bottles for party favors",51
"baby einstein party favors",119
"baby party favors",1417
"baby shower baskets for party favors",212
"baby shower bookmark party favors",259
"baby shower candy party favors",42
"baby shower contemporary party favors",26
"baby shower ideas and party favors",205
"baby shower ideas party favors",258
"baby shower party favors",12123
"baby shower party favors and games",221
"baby shower party favors baby beads mardi gras",27
"baby shower party favors for twins",34
"baby shower party favors ideas",265
"baby shower party favors michael27s",249
"baby shower party favors personalized",52
"baby shower party favors sources",34
"baby shower party favors to make",630
"baby shower recipes and party favors",227
"baby showers party favors",268
"babyshower party favors",130
"bachelerette party favors",41
"bachelor party favors",1436
"bachelorette discounted bachlorette party favors",154
"bachelorette party favors",3050
"bachelorette party favors and gifts",254
"bachelorette party favors cheap",48
"bachelorette party favors games",511
"bachelorette party favors gifts",49
"bachlerette party favors",99
"bachlor party party favors",32
"bachlorette party favors",857
"bachorlette party favors",25
"backyardigans party favors",69
"bags for wedding party favors",35
"ballerina party favors",42
"ballet party favors",53
"ballet skirt party favors",41
"baptisim party favors",90
"baptism party favors",2291
"baptismal party favors",85
"bar mitzvah party favors",788
"barbie of swan lake party favors",56
"barbie party favors",150
"barmitzvah party favors",29
"barney birthday party favors",31
"barney party favors",306
"barnyard party favors",28
"baseball party favors",607
"basketball party favors",216
"basketball party favors and wedding",24
"bat mitzvah party favors",2341
"batchlorette party favors",84
"batman party favors",144
"beach party favors",540
"beach theme party favors",55
"beach wedding party favors",31
"bear in the big blue house party favors",179
"bear in the blue house party favors",158
"bear party favors",28
"best prices on glow party favors",148
"betty boop party favors",87
"bicycle party favors",31
"bionicle party favors",35
"birthday party favors",25051
"birthday party favors for adult",36
"birthday party favors for kids",31
"birthday party favors ideas",256
"birthday party favors lot",57
"birthday party favors pictures",32
"birthday party favors sippy cups",28
"birthday+party+favors",35
"black and white party favors",147
"blue27s clues party favors",148
"blues clues party favors",605
"blues clues party kit and favors",377
"bob the builder party favors",202
"bowling party favors",905
"bratz party favors",197
"bridal party favors",2037
"bridal shower party favors",2371
"bruder party favors",117
"bubbles party favors",35
"bud vase party favors",38
"bug party favors",26
"bulk party favors",707
"bulk party favors wholesale",36
"business party favors",151
"businessname party favors",35
"bustier party favors",143
"butterflies party favors",53
"butterfly candles party favors",29
"butterfly party favors",153
"buttermints and party favors",36
"buy personalized gifts  personalized party favors",31
"buy personalized gifts 26 personalized party favors",254
"buy personalized gifts personalized party favors",47
"buying party favors",39
"buzz lightyear party favors",102
"buzzlight year party favors",64
"cadillac party favors",239
"caillou party favors",164
"camouflage party favors",39
"candle party favors",1113
"candy bar party favors",127
"candy bar wrappers for baby shower party favors",291
"candy binocular party favors",35
"candy binoculars party favors",290
"candy party favors",611
"candy wrapper party favors",259
"car party favors",29
"care bear party favors",73
"care bears party favors",69
"caribbean party favors",42
"carousel party favors",1740
"cars party favors",190
"casino party favors",388
"castle party favors",24
"cat in the hat party favors",40
"cats meow party supplies and favors",30
"cd party favors",55
"cement mixer party favors",242
"ceramic party favors",72
"cheap baby shower party favors",50
"cheap bachelorette party favors",188
"cheap batchelorette party favors",30
"cheap birthday party favors",45
"cheap party favors",3469
"cheap personalized party favors",28
"cheap reception party favors",37
"cheap wedding party favors",885
"cheerleader party favors",61
"cheerleading party favors",31
"chicken little party favors",32
"child party favors",1467
"children ''''s birthday party favors",143
"children ''''s party favors",526
"children birthday party favors",44
"children party favors",625
"children s birthday party favors",24
"children s party favors",88
"children''''s birthday party favors",213
"children''''s party favors",663
"children27s party favors",159
"childrens birthday party favors",269
"childrens party favors",1194
"childrens party favors hats",28
"childrens party favors wholesale",33
"childrens27 party favors",139
"chinese kids party favors",31
"chinese new year party favors",173
"chinese party favors",679
"chocolate baby shower party favors",237
"chocolate party favors",2726
"christening party favors",2014
"christening party religious favors",26
"christening sayings for party favors",35
"christian party favors",367
"christmas dinner party favors",253
"christmas party decorations favors",245
"christmas party favors",1053
"christmas party favors and tug boat",659
"christmas party favors ideas",203
"christmas party favors to make",282
"christmas party favors treats",49
"christmas party take home favors",314
"christmas table party favors or placecard holders",218
"christmas tree ornaments for party favors",203
"cinco de mayo party favors",59
"cinderella party favors",294
"cinderella wedding party favors",31
"circus party favors",225
"citizenship party favors",30
"class reunions party favors",38
"classy party favors",24
"clearance party favors",26
"clifford party favors",38
"clock party favors",26
"clown party favors",39
"cocktail party favors",55
"cocktail toothpick party favors",240
"coffin party favors",55
"college graduation party favors",78
"college pennant party favors",226
"communion party favors",1047
"confirmation party favors",154
"construction party favors",118
"cookie cutter party favors",279
"cookie monster party favors",43
"cookie party favors",316
"cool party favors",69
"corkscrew party favors",234
"corporate party favors",97
"corset party favors",147
"cotton candy party favors",236
"cow party favors",27
"cowboy hats party favors",157
"cowboy party favors",130
"cowgirl party favors",180
"craft party favors",29
"creative party favors",38
"crown party favors",174
"crystal and or glass slippers wedding or party favors",32
"crystal party favors",52
"curious george party favors",267
"custom chocolates chocolate birthday party favors",242
"custom party favors",160
"customized party favors",269
"daisy party favors",51
"daisy wedding favors party",29
"debutant party favors",24
"desi party favors",30
"dia de los muertos party favors",144
"dia de los muetos party favors",142
"diamond ring party favors",310
"different reception party favors",52
"dinner party favors",188
"dinosaur party favors",232
"directions to make party favors baby shower",236
"disc jockey party favors",148
"disco party favors",376
"discontinued party favors",143
"discontinued rescue heros party favors",151
"discount baby shower party favors",32
"discount bachlorette party favors",237
"discount birthday party favors",169
"discount graduation party favors",41
"discount party favors",1204
"discounted bachlorette party favors",141
"discounted party favors",218
"disney cars party favors",120
"disney party favors",104
"disney pixar cars party favors",26
"disney princess party favors",629
"divorce party favors",37
"do it yourself party favors",127
"do it yourself wedding party favors",29
"dog birthday party favors",1117
"dog party favors",49
"dogs party favors",42
"dolphin party favors",337
"dora party favors",474
"dora the explorer party favors",305
"dragon party favors",185
"dragon tales party favors",51
"duck party favors",57
"ducky party favors",159
"dukes of hazzard party favors",45
"easter party favors",109
"easy baby shower party favors and games to make",30
"easy halloween party favors",37
"edible party favors",432
"egyptian party favors",43
"eiffel tower paris party favors",35
"elegant butterfly party favors",77
"elegant dinner party favors",28
"elegant party favors",750
"elmo party favors",2137
"elvis party favors",189
"engagement party favors",1494
"engraved party favors",25
"fairly odd parents party favors",138
"fairy party favors",114
"fall party craft favors",157
"fall party favors",217
"family reunion party favors",43
"farm animal party favors",339
"farm animals party favors",34
"farm party favors",55
"favors bachelorette party",154
"favors cat wedding party",248
"favors decorations bob builder party supplies",25
"favors decorations bob the builder party supplies",206
"favors for 80th birthday party",108
"favors party",1131
"festivale party favors",243
"fiesta party favors",865
"fifties party favors",829
"find me sweetsixteen party favors",81
"finding nemo party favors",562
"fire truck party favors",85
"firefighter party favors",221
"fireman party favors",69
"first birthday party favors",704
"first communion party favors",1058
"first holy communion party favors",65
"fish party favors",76
"flamingo party favors",33
"flower party favors",281
"folding paper napkins into party favors",37
"food party favors",233
"football party favors",433
"formal party favors",143
"fourth of july party favors",31
"free baby shower party favors ideas",36
"free birthday party favors",238
"free christmas party favors to make",222
"free party favors",48
"free party favors and party games for baby shower",218
"free patterns for baby shower party favors",30
"frog party favors",43
"fun party favors",48
"garbage truck party favors",607
"garden party favors",124
"garfield party favors",32
"gavel party favors",24
"general party favors",118
"german party favors",25
"gifts as favors for adult firefighters xmas party",202
"giraffe party favors",151
"girl birthday party favors",26
"girl party favors",96
"girls birthday party favors",27
"girls party favors",49
"glass slipper party favors",25
"glow in the dark party favors",32
"golden anniversary party favors",361
"golf party favors",502
"gondola party favors",158
"graduation party favors",2083
"graduation party supplies and favors",25
"graduation party supplies favors",70
"greek baptism party favors",24
"greek party favors",71
"guitar party favors",45
"gumball machine party favors",171
"gymnastic party favors",269
"gymnastics party favors",441
"halloween birthday party favors",90
"halloween party favors",1542
"halloween party favors for kids",183
"halloween party favors to make",149
"halloween wedding party favors",264
"hand baby shower party favors",24
"hand made baby shower party favors",267
"hand made party favors",25
"handcrafted party favors",68
"handmade party favors",363
"harley davidson party favors",71
"harry potter party favors",100
"harry potter theme party favors",43
"hawaiian luau party favors",35
"hawaiian party favors",2050
"hawaiian theme party favors",34
"hawaiin party favors",91
"hawian party favors",43
"hawiian party favors",115
"hello kitty birthday party favors",33
"hello kitty party favors",400
"herbie party favors",32
"hershey anniversary party favors",357
"hershey party favors",167
"hershey''''s mini reception party favors",56
"hersheys mini reception party favors",35
"higglytown heroes party favors",106
"high school cross country runners gifts and party favors",184
"high school musical party favors",42
"historical party favors",151
"hockey party favors",146
"holiday party favors",833
"hollywood party favors",218
"home decor and party favors",684
"home made party favors",55
"homemade baby shower party favors",144
"homemade birthday party favors",78
"homemade christian party favors for christmas",31
"homemade christmas party favors",498
"homemade graduation party favors",30
"homemade halloween party favors",25
"homemade holiday party favors",28
"homemade party and wedding favors",218
"homemade party favors",1078
"homemade party wedding favors",30
"horse party favors",387
"horseshoe party favors",27
"hot wheels party favors",78
"housewarming party favors",94
"how do you make snap cracker party favors",125
"how to make party favors",164
"how to make wedding party favors",201
"hulk party favors",31
"i love lucy party favors",222
"ice cream party favors",293
"ice skating party favors",68
"ideas for baby party favors",53
"ideas for ducky party favors",125
"ideas for halloween party favors",123
"ideas for party favors",238
"imprinted holiday party favors",380
"imprinted party favors",50
"incredible hulk party favors",28
"incredibles party favors",32
"india engagement party favors",69
"inexpensive party favors",75
"insect party favors",82
"irish party favors",35
"italian party favors",456
"items seasonal oriental trading tropical party favors",45
"jack jill party favors",45
"japanese party favors",100
"jasmine party favors",40
"jewish party favors",83
"john deere party favors",422
"jungle party favors",39
"justice league party favors",85
"karate party favors",152
"kewpie party favors",145
"kid party favors",1004
"kid''''s party favors",40
"kids birthday party favors",247
"kids christmas party favors",28
"kids party favors",3762
"kids party favors shop",238
"kids personalized party favors",61
"kids spy party favors",829
"kids wrestling party theme favors",28
"kim possible lipstick eraser party favors 4",43
"kim possible party favors",58
"knight party favors",217
"knights party favors",28
"koala brothers party favors",47
"lady bug party favors",26
"ladybug party favors",2122
"large selection party favors",152
"las vegas party favors",52
"lego party favors",49
"lilo and stitch party favors",28
"lip balm party favors",50
"lip gloss party favors",37
"little einstein party favors",25
"little mermaid party favors",170
"little people party favors",39
"lizzie mcguire party favors",39
"lollipop party favors",25
"looney tunes party favors",29
"lord of the rings party favors",33
"love lucy party favors",35
"low cost reception party favors",141
"luau party favors",399
"lullaby and good night party favors",39
"luncheon party favors",32
"madagascar party favors",74
"magic party favors",664
"magician party favors",37
"make party favors",1388
"make your own birthday party favors",223
"make your own party favors",71
"making christmas party favors",253
"making graduation party favors",52
"making party favors",568
"male party favors",161
"mardi gras party favors",100
"marines party favors",467
"martial arts party favors",39
"martini party favors",43
"masquerade party favors",25
"matchbook party favors",34
"medical party favors",24
"medieval party favors",68
"memorable party favors",29
"memorable reception party favors",70
"mermaid party favors",48
"mexican fiesta party favors",69
"mexican party favors",793
"mexican themed party favors",97
"miami party favors supplies and services",97
"mickey mouse party favors",340
"military party favors",74
"minature top hat party favors",26
"mini flashlights for party favors",431
"mini reception party favors",29
"mini sombrero party favors",33
"miniature party favors",30
"minnie mouse party favors",68
"mitzvah party favors",29
"monkey party favors",279
"monster truck party favors",31
"mothers day party favors",38
"motocross party favors",45
"motorcycle birthday party favors",38
"motorcycle party favors",87
"motorcycles and party favors",225
"motorcycles party favors",32
"movie party favors",366
"musical party favors",37
"my little pony party favors",61
"mystery party favors",179
"nascar party favors",349
"naughty party favors",27
"nautical party favors",112
"nba party favors",27
"need ideas for baby shower party favors",227
"nemo party favors",586
"neon party favors",27
"new year party favors",103
"new year''''s eve party favors",35
"new year27s eve party favors",139
"new year27s party favors",138
"new years eve party favors",716
"new years party favors",747
"new years single party favors",30
"new york party favors",30
"new york yankees party favors",53
"nfl party favors",266
"noahs ark party favors",24
"novelity party favors",61
"novelties halloween party favors",141
"novelty party favors",3718
"nutcracker party favors",159
"nyc party favors",238
"office holiday party favors",372
"office party favors",209
"olympic party favors",649
"open house party favors",158
"oriental party favors",239
"oriental trading tea party favors",36
"ornamental wedding party favors",36
"oscar party favors",644
"oscar party favors nyc",27
"other party supplies favors",101
"outer space party favors",28
"over the hill party favors",166
"palm tree party favors",60
"panda party favors",148
"paper fan party favors",33
"paris party favors",24
"parrot party favors",24
"party anniversary favors",109
"party chocolate favors",58
"party favors",493430
"party favors 40th birthday",24
"party favors 50th birthdays",248
"party favors 80th birthday",31
"party favors alice in wonderland",26
"party favors and birthday",35
"party favors and crystal balls",173
"party favors and decorations",345
"party favors and gifts",44
"party favors and golf",229
"party favors and golf and frames",37
"party favors and novelties",89
"party favors and supplies",283
"party favors and thomas the train",407
"party favors baby shower",108
"party favors baby showers",26
"party favors bags",33
"party favors baptism",26
"party favors bat mitzvah",466
"party favors bbq",1819
"party favors blacklight",141
"party favors boxes",42
"party favors boxes san antonio",189
"party favors bratz",32
"party favors brookline",51
"party favors brookline ma",76
"party favors brooklyn",35
"party favors canada",203
"party favors candles",236
"party favors casino parties",27
"party favors cheap",60
"party favors children",393
"party favors children rings",24
"party favors childrens music instruments",221
"party favors christmas",243
"party favors class reunion",32
"party favors com",29
"party favors cookie",26
"party favors cookies",216
"party favors corporate events",38
"party favors crafts",39
"party favors designed",49
"party favors discount",1601
"party favors disney 102 dalmations",139
"party favors elephant figurines",27
"party favors fishing",233
"party favors for 21st birthday",106
"party favors for 30th birthday party",59
"party favors for 40th birthday",227
"party favors for 50th birthday party",34
"party favors for 50th wedding anniversary",274
"party favors for a baby shower",273
"party favors for a baptism",29
"party favors for a sweet 16",25
"party favors for a sweet sixteen",25
"party favors for a wedding anniversary",217
"party favors for adults",38
"party favors for all occasions",172
"party favors for baby shower",416
"party favors for baby showers",375
"party favors for baptism",34
"party favors for casino parties",202
"party favors for children",96
"party favors for christening",68
"party favors for christmas wedding",206
"party favors for every occasion",41
"party favors for girls",27
"party favors for girls birthday",212
"party favors for graduation",30
"party favors for kid",33
"party favors for kids",513
"party favors for males",24
"party favors for men",32
"party favors for quinceaneras",24
"party favors for retirement",33
"party favors for sweet sixteen",62
"party favors for sweet sixteen party",37
"party favors for teen girls",44
"party favors for toddlers",53
"party favors for wedding",52
"party favors for weddings",89
"party favors for young children27s birthday parties",200
"party favors for young children27s birthday party",30
"party favors fortune cookie",162
"party favors from paris",24
"party favors games",227
"party favors give-aways",178
"party favors giveaways gifts accessories",125
"party favors golf",33
"party favors gumball machines",186
"party favors horse",30
"party favors idea",36
"party favors ideas",758
"party favors in birmingham al",29
"party favors in bulk",30
"party favors kids",221
"party favors law enforcement themes",234
"party favors los angeles",26
"party favors lot",40
"party favors made out of snacks or candy",26
"party favors minature topiaries",32
"party favors new year27s",144
"party favors new york",38
"party favors novelties pens wholesale",238
"party favors online",302
"party favors paper for candy wrappers",37
"party favors personalized condoms",25
"party favors philippines",28
"party favors plans 196027s adult",157
"party favors racing",202
"party favors retail",193
"party favors retirement",61
"party favors scrubs",1275
"party favors sesame street",24
"party favors sex",37
"party favors soap",249
"party favors supplies",26
"party favors supplies services",29
"party favors sweet sixteen",40
"party favors to make",64
"party favors toy lot",26
"party favors toy traffic signs",249
"party favors tv",245
"party favors using votive candles",30
"party favors wedding",92
"party favors wedding party favors birthday events",3765
"party favors wholesale",178
"party favors with chocolate for weddings",42
"party favors young adults",155
"party photo favors",28
"party supplies 80th birthday favors",218
"party supplies and favors",120
"party supplies and party favors",551
"party supplies favors",1258
"party supplies wedding favors invitations",85
"party supply 80th birthday favors",24
"party supply supplies decorations gifts party favors party",91
"party wedding favors",384
"party wedding favors romance",249
"party+favors",95
"patriotic party favors",51
"penguin party favors",50
"personalize party favors",151
"personalized birthday party favors",143
"personalized children ''''s party favors",639
"personalized children party favors",336
"personalized children s party favors",35
"personalized children''''s party favors",1036
"personalized childrens party favors",84
"personalized gifts party favors mini license plates",30
"personalized gifts personalized party favors newar",66
"personalized kids party favors",67
"personalized party favors",7057
"personalized party favors catalogues",770
"personalized play doh party favors",91
"personalized wedding party favors",49
"personlized party favors",142
"pet party favors",33
"pez party favors",27
"phantom or the opera party favors",46
"photo party favors",69
"picnic party favors",46
"pig2c party favors",145
"pilot wings party favors",139
"pin bowling party favors",260
"pinata party favors",40
"pink cadillac party favors",234
"pink panther party favors",38
"pink party favors",25
"pink poodle party favors",27
"pirate party favors",550
"pirate treasure party favors",34
"pirates of the caribbean party favors",33
"pixar cars party favors",24
"play doh party favors",69
"playbill party favors",140
"pokemon party favors",339
"poker party favors",352
"police party favors",60
"poodle party favors",35
"pooh party favors",175
"pool party favors",129
"popcorn party favors",78
"power ranger birthday party favors",40
"power ranger party favors",471
"power rangers party favors",95
"pre made party favors",51
"precious moments party favors",66
"princess birthday party favors",24
"princess party favors",2040
"printable party favors",200
"printed party favors",30
"prom party favors",86
"promotional party favors",50
"pumpkin party favors",141
"puppy party favors",238
"purchase wholesale trolls party favors",27
"quinceanera party favors",1804
"quincenera party favors",127
"race car party favors",278
"racing party favors",61
"raggedy ann party favors",31
"rainbow party favors",31
"rave party favors",496
"rebelde party favors",25
"reception party favors",515
"red sox party favors",43
"redneck party favors",44
"religious charms party favors",239
"religious party favors",301
"retirement party favors",1017
"retro candy party favors",74
"retro party favors",159
"reunion party favors",48
"rings party favors",49
"roaring 2027s party favors",138
"rock 27n roll party favors",143
"rock climbing party favors",30
"roller skating party favors",40
"rooster party favors",281
"rubber duck party favors",52
"rubber ducky party favors",269
"sail boat party favors",39
"save on party supplies and favors",161
"scented candle baby shower party favors",35
"scepter party favors",32
"science party favors",27
"scooby doo party favors",333
"sea shell party favors",100
"sea themed wedding party favors",25
"seashell party decorations and favors",197
"seasonal party favors",123
"sesame street party favors",474
"shamrock party favors",60
"shark party favors",24
"sherman party favors",31
"shoe party favors",26
"shower party favors",78
"shrek party favors",55
"silly party favors",31
"simpsons party favors",34
"skating party favors",24
"skeleton hand party favors",144
"slipper party favors",33
"slumber party favors",25
"small flashlights for party favors",267
"small pails party favors",26
"small party favors scuba divers",225
"small plastic tea cup and saucers party favors",41
"snoopy party favors",75
"snowflake party favors",201
"soccer birthday party favors",32
"soccer party favors",199
"soldier party favors",295
"sombrero party favors",69
"sonic the hedgehog party favors",39
"sorority party favors",182
"spa party favors",56
"space party favors",228
"special occasions party favors",142
"special party favors",154
"spider girl party favors",234
"spider man party favors",56
"spiderman party favors",903
"sponge bob party favors",136
"spongebob party favors",468
"spongebob party favors to make",24
"spongebob squarepants party favors",47
"sport party favors",47
"sports party favors",100
"spy kids party favors",32
"squirrel party favors",150
"st patrick day party favors",27
"st patricks day party favors",25
"star party favors",49
"star trek party favors",394
"star wars party favors",498
"strawberry shortcake party favors",553
"sunglass party favors",53
"sunglasses party favors",46
"sunken ship party favors",149
"super bowl party favors",62
"superbowl party favors",69
"supergirl party favors",77
"superman party favors",246
"sweet 15 party favors",34
"sweet 16 birthday party favors",30
"sweet 16 party favors",6536
"sweet 16 party favors to make",151
"sweet sixteen party favors",2729
"sweet16 party favors",1337
"sweetsixteen party favors",75
"tattoo party favors",531
"tea cup party favors",55
"tea party favors",2166
"tea party favors for children",220
"teen party favors",58
"teenage mutant ninja turtle party favors",26
"teenage party favors",54
"teletubbies party favors",150
"tennis party favors",316
"thank you party favors",29
"thanksgiving party favors",255
"the dog party favors",33
"the greatest baby shower ideas and party favors",228
"the little mermaid party favors",26
"the nightmare before christmad party favors",28
"the nightmare before christmas party favors",30
"theme party favors",83
"theme party supplies, favors, giveaways, decorations",89
"themed party favors",28
"thomas party favors",115
"thomas tank engine birthday party favors",32
"thomas tank engine party favors",43
"thomas tank party favors",25
"thomas the tank engine and party favors",27
"thomas the tank engine birthday party favors",219
"thomas the tank engine party favors",261
"thomas the tank party favors",83
"thomas the train party favors",77
"three stooges party favors",157
"tinker bell party favors",57
"tinkerbell party favors",339
"toddler party favors",397
"tonka party favors",68
"toy story party favors",94
"tractor party favors",32
"train party favors",1988
"transformers party favors",257
"tropical party favors",254
"tropical wedding party favors",286
"truck party favors",41
"tshirt party favors",27
"unicorn party favors",151
"unique bachelorette party favors",171
"unique birthday party favors",54
"unique childrens party favors",28
"unique cocktail party favors",239
"unique kids party favors",27
"unique party favors",2390
"unique party favors toddlers",154
"unique reception party favors",66
"unique wedding party favors",953
"unusual party favors",38
"valentine day party favors",51
"valentine party favors",920
"valentine party favors to make",39
"valentines day party favors",168
"valentines party favors",197
"vegas party favors",26
"victorian party favors",31
"vintage party favors",29
"volleyball party favors",41
"votive candle party favors",248
"w4m party favors",70
"wedding and party favors",88
"wedding anniversary party favors",1035
"wedding bicycles and party favors",213
"wedding cake party favors",82
"wedding craft party favors",231
"wedding favors party",333
"wedding glass party favors",256
"wedding glasses party favors napkins",101
"wedding party bar favors",38
"wedding party favors",21158
"wedding party favors and seeds",211
"wedding party favors etc",210
"wedding party favors ideas",33
"wedding party favors scrolls",25
"wedding party favors to stamp",211
"wedding party favors vancouver",284
"wedding poker party favors",244
"wedding reception party favors",581
"wedding shower party favors",695
"wedding western party favors",229
"were can i buy naughty party favors",46
"western party favors",686
"where can i buy party favors at wholesale prices",29
"where to find bachlorette party favors",29
"whole sale party favors",30
"wholesale adult party favors",38
"wholesale anniversary party favors",313
"wholesale babyshower party favors",28
"wholesale birthday party favors",32
"wholesale communion party favors",28
"wholesale lots party favors drink charms",230
"wholesale mix party favors",28
"wholesale new years party favors",54
"wholesale party favors",3546
"wholesale party favors and candy and chocolate",35
"wholesale party favors boxes",34
"wholesale party favors for kids",231
"wholesale party favors for weddings",146
"wholesale party favors picture frames",36
"wholesale party favors supplies",37
"wholesale party favors toys liquidations",355
"wholesale porcelain party favors",177
"wholesale red hat party favors",31
"wholesale toddler party favors",25
"wholesale wedding party favors",31
"wiggles party favors",302
"wild party favors",29
"wine gift party favors",49
"wine glasses party favors",63
"wine party favors",118
"winnie the pooh party favors",4055
"winter party favors",27
"wizard of oz party favors",88
"wonder woman party favors",26
"wrestling party favors",62
"wwe party favors",42
"wwwtropical party favors",139
"yu gi oh party favors",34
"zoo party favors",31
