"""prom dresses""",215
"100 prom dresses",106
"1001 nights prom dresses",236
"1950''''s prom dresses",967
"1950s prom dresses",391
"1970s prom dresses",84
"1980''''s prom dresses",424
"2 piece prom dresses",1530
"2-piece prom dresses",148
"2002 prom dresses ball gowns",125
"2002 tiffany prom dresses",110
"2003 pictures of prom dresses",140
"2003 prom dresses",43731
"2004 prom dresses",8440
"2004 scala prom dresses",263
"2005 2006 prom dresses",83
"2005 cheap prom dresses",198
"2005 designer prom dresses",137
"2005 new prom dresses",136
"2005 plus size prom dresses",132
"2005 prom dresses",4092
"2005 prom dresses and gowns",454
"2005 riva prom dresses",1316
"2006 designer prom dresses",167
"2006 hot prom dresses",348
"2006 plus size prom dresses",145
"2006 prom dresses",7714
"2006 tiffany prom dresses",77
"2007 cheap prom dresses",449
"2007 designer prom dresses",323
"2007 partytime prom dresses",641
"2007 plus size prom dresses",94
"2007 prom dresses",6489
"2007 prom dresses by party time",160
"2007 prom dresses catalogs",265
"2008 prom dresses",77
"50''''s prom dresses",75
"50s prom dresses",775
"50s style prom dresses",105
"50s vintage style prom dresses",82
"70 ''''s style prom dresses",219
"80 ''''s prom dresses",122
"80''''s prom dresses",763
"80s prom dresses",675
"8th grade prom dresses",201
"abs prom dresses",209
"affordable prom dresses",3864
"affordable prom dresses between $40-$100",180
"afordable prom dresses between $40-$100",362
"african american prom dresses",536
"after six prom dresses",82
"alfred angelo prom dresses",983
"alice prom dresses",113
"all prom dresses",87
"all the rage prom dresses",106
"alyce 2006 prom dresses",148
"alyce design prom dresses",557
"alyce designs prom dresses",1091
"alyce prom dresses",7316
"amazing prom dresses",153
"amber nicole prom dresses",237
"american prom dresses",172
"angel prom dresses",75
"anna scott prom dresses",177
"apropos prom dresses",133
"aqua prom dresses",150
"aquarius prom dresses",1051
"asian prom dresses",230
"aspeed prom dresses",75
"attitudes prom dresses",114
"awesome prom dresses",281
"b ''''dazzle collection of prom dresses",195
"b darlin prom dresses",256
"baby blue prom dresses",424
"baby phat prom dresses",268
"backless prom dresses",914
"ball gown prom dresses",366
"ball gowns prom dresses",742
"ball prom dresses",342
"ballgowns prom dresses",117
"ballroom prom dresses",94
"bargain prom dresses",1147
"bargin prom dresses",256
"bari jay prom dresses",144
"bcbg prom dresses",365
"beaded prom dresses",1779
"beaded prom dresses plus size",121
"beautiful plus size prom dresses",198
"beautiful prom dresses",2970
"beautiful prom gowns and dresses",134
"belk prom dresses",122
"belks prom dresses",73
"bella prom dresses",85
"best prom dresses",112733
"best prom dresses ever in tyne",1098
"best prom dresses ever in tyne weae",3472
"best prom dresses ever in tyne wear",3327
"best prom homecoming dresses",151
"best prom looking dresses",299
"best+prom+dresses",144
"betsey johnson prom dresses",86
"beyonce prom dresses",217
"big prom dresses",110
"black and pink prom dresses",292
"black and white prom dresses",1222
"black girl prom dresses",291
"black prom dresses",8694
"black prom dresses 2007",82
"black white prom dresses",186
"blondie nites prom dresses",129
"bloomingdales prom dresses",170
"blue prom dresses",2604
"boston store prom dresses",86
"bridal and prom dresses",73
"bridal gowns prom dresses in katy texas",104
"bridal prom dresses",241
"bridesmaid and prom dresses",665
"bridesmaid prom dresses",76
"brown prom dresses",479
"bryans prom dresses",223
"burgundy prom dresses",130
"burnley prom dresses",332
"butterfly prom dresses",95
"buy cheap prom dresses 2006",144
"buy prom dresses",109
"buy prom dresses online",124
"cache prom dresses",497
"california prom dresses",92
"camille prom dresses",82
"camouflage prom dresses",87
"can find prom or formal dresses",109
"can you help me find prom dresses",93
"canadian prom dresses",130
"cassandra stone prom dresses",341
"casual prom dresses",75
"celebrity inspired prom dresses",375
"celebrity prom dresses",2621
"celebrity prom dresses ashanti",119
"celebrity prom dresses ashanti inspired",544
"celebrity style prom dresses",119
"celtic prom dresses",167
"cgi prom dresses",85
"champagne colored prom dresses",100
"champagne prom dresses",86
"cheap and conservative prom dresses",157
"cheap designer prom dresses",299
"cheap green prom dresses",371
"cheap homecoming and prom dresses",112
"cheap homecoming and prom dresses and gowns",376
"cheap modest prom dresses",194
"cheap plus size halter prom dresses",224
"cheap plus size prom dresses",1548
"cheap pretty prom dresses",538
"cheap priced prom dresses",407
"cheap prom dresses",74471
"cheap prom dresses 2005",298
"cheap prom dresses for 2002",156
"cheap prom dresses sacramento",636
"cheap prom dresses sizes 15/16",159
"cheap prom dresses under 100",76
"cheap prom formal dresses",111
"cheap sexy prom dresses",92
"cheap white prom dresses",75
"cheap+prom+dresses",178
"checkers prom dresses",143
"cheep prom dresses",232
"chicago prom dresses",91
"chiffon prom dresses",174
"chinese prom dresses",2058
"cinderella prom dresses",1078
"cinderella style prom dresses",153
"city triangles prom dresses",108
"classic prom dresses",312
"classy prom dresses",317
"clearance prom dresses",1371
"close out prom dresses",151
"closeout prom dresses",72
"cocktail dresses evening prom gowns",346
"cocktail prom dresses",181
"cocktail prom short formal dresses",379
"collection prom dresses",110
"colorful prom dresses",76
"consignment prom dresses",200
"cool prom dresses",334
"coral prom dresses",323
"corset prom dresses",2428
"corset style prom dresses",256
"corsette prom dresses",76
"courtesan prom dresses",134
"couture prom dresses",201
"crazy prom dresses",291
"creative prom dresses",72
"custom made prom dresses",534
"custom prom dresses",607
"custum made prom dresses",2787
"cute prom dresses",862
"dalia prom dresses",113
"dark blue prom dresses",76
"dave and johnny prom dresses",84
"david bridal prom dresses",153
"david''''s bridal prom dresses",146
"davids bridal prom dresses",1565
"davids prom dresses",118
"de laru prom dresses",73
"deb prom dresses",1362
"debs prom dresses",714
"debshops.com prom dresses",256
"deidre ''''s prom dresses",382
"delaru prom dresses",76
"design prom dresses",152
"design your own prom dresses",137
"designer collection prom dresses",90
"designer prom dresses",27286
"designer prom gowns formal prom dresses",97
"designing prom dresses",135
"designs for prom dresses",78
"desiner prom dresses",215
"dicount evening gowns and prom dresses for tall women",321
"different prom dresses",110
"dillard black prom dresses",1191
"dillard''''s prom dresses",127
"dillards black prom dresses",925
"dillards prom dresses",5373
"discontinued precious formals prom dresses",164
"discount designer prom dresses",143
"discount plus size prom dresses",1057
"discount prices prom dresses",97
"discount prom dresses",43431
"discount prom dresses online",165
"discount prom homecoming dresses",186
"discount+prom+dresses",110
"discounted prom dresses",605
"disney prom dresses",277
"donate prom dresses",621
"donate prom dresses and ny",309
"donate prom dresses in maryland",153
"donated used prom dresses florida",89
"donating prom dresses",287
"donation of prom dresses georgia",135
"dress maternity formal prom bridemaid bridesmaids dresses",123
"dress maternity prom bridesmaids bridesmaid dresses",82
"dresses and hairstyles for prom",544
"dresses for plus size teens for prom",95
"dresses for prom",4372
"dresses for prom that''''s plus sizes",75
"dresses formal prom dress",84
"dresses prom",5403
"dresses prom homecoming",1483
"duck tape prom dresses",792
"duct tape prom dresses",1267
"ebay prom dresses",119
"elegant prom dresses",3635
"elegant prom dresses gowns hairstyles shoes",8553
"emerald green prom dresses",174
"emerald prom dresses",82
"emo prom dresses",159
"empire prom dresses",158
"english prom dresses",131
"entice prom dresses",99
"evening dresses prom gowns",99
"evening gowns prom dresses",475
"evening gowns wedding prom dresses",326
"evening prom dresses",368
"excite prom dresses",1021
"exciteprom com prom dresses",169
"exciteprom.com prom dresses",281
"exclusive prom dresses",394
"exotic prom dresses",2569
"exotic prom dresses clubwear dresses",78
"expensive prom dresses",738
"exquisite prom dresses",100
"extreme prom dresses",141
"fabric for prom dresses",79
"fabulous prom dresses",77
"fairy prom dresses",164
"fairytale prom dresses",97
"fancy prom dresses",719
"fashion bug prom dresses",153
"fashion prom dresses",268
"fashionable prom dresses",112
"faviana prom dresses",394
"femme prom dresses cincinnati",364
"fiesta prom dresses",409
"filenes prom dresses",92
"find prom dresses",2287
"fire and ice prom dresses",138
"fitted prom dresses",78
"flamenco prom dresses",153
"flip prom dresses",165
"flirt prom dresses",628
"flirtz prom dresses",83
"fluffy prom dresses",75
"forever 21 prom dresses",302
"forever yours prom dresses",119
"formal and prom dresses",244
"formal dresses for prom and homecoming",302
"formal dresses prom",166
"formal evening prom dresses",84
"formal plus size prom dresses",153
"formal prom and bridesmaid dresses",73
"formal prom dresses",60329
"formal prom evening dresses",90
"formal prom group usa dresses",220
"free catalog of prom dresses",554
"free prom dresses",572
"free prom dresses catalog",173
"free prom dresses catalogs",135
"fun prom dresses",130
"funky prom cocktail dresses",227
"funky prom dresses",1364
"fuschia prom dresses",159
"ghetto prom dresses",10130
"ghetto prom dresses 2005",98
"ghetto prom dresses pictures",667
"giovanni prom dresses",141
"girls in prom dresses",119
"girls prom dresses",154
"glam gurlz prom dresses",1093
"glamorous prom dresses",169
"glitter prom dresses",146
"glitz prom dresses",229
"glory prom dresses",310
"gold prom dresses",3180
"google com/search q prom dresses",73
"gorgeous prom dresses",634
"goth prom dresses",1192
"goth punk prom dresses",126
"gothic corset prom dresses",161
"gothic medieval prom dresses",457
"gothic medival prom dresses",203
"gothic prom dresses",8350
"gothic style prom dresses",603
"gothic vinyl prom dresses",90
"gowns spanish or tango prom dresses",173
"gowns wedding prom evening dresses",104
"graduation and prom dresses",111
"great prom dresses",87
"green prom dresses",8289
"green prom dresses under $100",162
"green prom dresses under a $100",486
"group usa prom dresses",1649
"gucci prom dresses",706
"hairstyles prom dresses",186
"halter prom dresses",1147
"halter style prom dresses",72
"halter top prom dresses",380
"hart n soul prom dresses",909
"hawaiian prom dresses",158
"hechts prom dresses",182
"high school prom dresses",241
"hippie prom dresses",80
"history of prom dresses",127
"hollywood prom dresses",148
"homecoming and prom dresses",2021
"homecoming and prom dresses for a cheap price",98
"homecoming dresses gowns prom",130
"homecoming dresses not prom dresses",89
"homecoming dresses or prom dresses",79
"homecoming prom dress wear gowns evening dresses",346
"homecoming prom dresses",6083
"hot pink prom dresses",381
"hot prom dresses",1206
"hottest prom dresses",1445
"huge prom dresses",148
"ice blue prom dresses",140
"ideal prom dresses",76
"ideas for prom dresses",98
"images of 2006 prom dresses",132
"impressions prom dresses",154
"indian prom dresses",950
"inexpensive 2005 prom dresses",603
"inexpensive prom dresses",39736
"inexpensive+prom+dresses",150
"info http www cbslimited com 2005 prom dresses 2005 prom",125
"it ''''s me prom dresses",363
"javoni prom dresses",500
"javoni prom dresses 2005",164
"jazzy prom dresses",114
"jc penney prom dresses",234
"jc penny prom dresses",2017
"jc pennys prom dresses",118
"jcpenney prom dresses",678
"jcpenny prom dresses",208
"jcpennys prom dresses",87
"je matadi prom dresses",91
"jersey prom dresses",145
"jessica mcclintock 2005 prom dresses",147
"jessica mcclintock 2006 prom dresses",181
"jessica mcclintock prom dresses",6354
"jessica mcclintok prom dresses",74
"jessica mclintock prom dresses",258
"jessica prom dresses",115
"john deere prom dresses",194
"joinor prom dresses only",130
"joli 2004 prom dresses",796
"joli prom dresses",4933
"jovan prom dresses",104
"jovani prom dresses",3945
"jovani prom dresses 2005",156
"jovoni prom dresses",178
"jr prom dresses",145
"jr prom dresses 2005",328
"jump prom dresses",300
"junior plus size prom dresses",196
"junior prom dresses",12023
"juniors prom dresses",152
"junoir prom dresses",76
"kaufmanns prom dresses",215
"keywords prom dresses",80
"knee length prom dresses",117
"la femme prom dresses",1144
"la gala prom dresses",116
"lace prom dresses",116
"landa prom dresses",206
"latest prom dresses",381
"lavender prom dresses",307
"lds modest prom dresses",172
"lds prom dresses",959
"le gala prom dresses",345
"legala prom dresses",75
"legends prom dresses",75
"light blue prom dresses",266
"lilac prom dresses",240
"lime green prom dresses",804
"lime prom dresses",77
"long prom dresses",887
"long sleeve prom dresses",129
"long sleeved prom dresses",176
"loralie prom dresses",289
"lord and taylor prom dresses",233
"lori ann montreal prom dresses",136
"louis vatton prom dresses",206
"low back prom dresses",120
"low cost prom dresses",176
"low cut prom dresses",101
"low price prom dresses",205
"low priced prom dresses",105
"macy''''s prom dresses",264
"macys prom dresses",668
"maggie sottero prom dresses",158
"magicmoments prom dresses",307
"marina prom dresses",151
"mariposa prom dresses",1152
"masquerade prom dresses",446
"maternity prom dresses",1318
"maurices prom dresses",74
"medieval prom dresses",1298
"medieval style prom dresses",111
"medival prom dresses",555
"medivial prom dresses",605
"mermaid prom dresses",289
"mia bella prom dresses",320
"miami prom dresses",316
"midevil prom dresses",499
"mike benet prom dresses",189
"mike benett prom dresses",93
"millenium prom dresses",78
"modern prom dresses",101
"modest prom dresses",10576
"mon cheri prom dresses",86
"mon cherie prom dresses",85
"morgan and co prom dresses",595
"morgan and co prom dresses size 14",452
"morgan and company prom dresses",632
"morgan co prom dresses",215
"morgan prom dresses",108
"mori lee prom dresses",4534
"mori lee prom dresses 2005",276
"morilee prom dresses",151
"mormon prom dresses",153
"most popular prom dresses 2005",78
"mud volleyball in prom dresses",116
"mud volleyball in prom dresses fashion",128
"mudwrestling in prom dresses",86
"mystique prom dresses",256
"nadine prom dresses",1104
"nadines prom dresses",423
"name brand prom dresses",1561
"navy blue prom dresses",88
"navy prom dresses",73
"new 2005 prom dresses",160
"new 2006 prom dresses",286
"new prom dresses",1439
"new prom dresses for 2006",93
"new york prom dresses",281
"newest prom dresses",137
"nice prom dresses",284
"nicole miller prom dresses",108
"night moves prom dresses",1079
"night prom dresses",95
"niki livas prom dresses",125
"niki livas prom dresses in texas",329
"niki prom dresses",172
"niteline prom dresses",190
"nordstrom prom dresses",126
"off the shoulder prom dresses",151
"old fashion prom dresses",71
"old fashioned prom dresses",169
"old prom dresses",75
"on sale prom dresses",207
"one of a kind prom dresses",874
"one of a kind prom dresses for sale is miami",494
"online prom dresses",139
"only pink prom dresses in chicago",224
"open back prom dresses",195
"orange prom dresses",1904
"oriental prom dresses",244
"original prom dresses",239
"pageant and prom dresses",76
"pageant gowns or prom dresses",100
"pageant prom dresses",116
"panoly prom dresses",241
"panoply prom dresses",328
"panopoly prom dresses",84
"paris prom dresses",311
"parisian prom dresses",73
"party girls prom dresses",666
"party time prom dresses",514
"party time prom dresses 2007",323
"partytime prom dresses",708
"patriotic prom dresses",218
"patterns for prom dresses",221
"peach prom dresses",205
"peaches prom dresses",311
"perfect prom dresses",431
"petite prom dresses",1720
"pics of prom dresses",138
"pics prom dresses",849
"pictures of 2005 prom dresses",598
"pictures of coast prom dresses",89
"pictures of ghetto prom dresses",194
"pictures of popular prom dresses",76
"pictures of prom dresses",4744
"pictures prom dresses",1407
"piece prom dresses",160
"pink and black prom dresses",143
"pink prom dresses",10370
"pink prom dresses clothing shoes accessories",194
"pink white evening elegant prom dresses",140
"pleated prom dresses",87
"plus prom dresses",329
"plus size corset prom dresses",99
"plus size prom dresses",66569
"plus size prom dresses in dallas texas",2863
"plus size prom dresses in ft worth texas",2789
"plus size prom dresses with sleeves",818
"plus sized prom dresses",433
"plus sizes prom dresses",231
"plus+size+prom+dresses",121
"plus-size prom dresses",156
"pluse size prom dresses",82
"polka dot prom dresses",209
"poofy prom dresses",739
"popular prom dresses",99
"precious formals prom dresses",185
"precious prom dresses",72
"pretty prom dresses",1213
"pretty white prom dresses",431
"prices of mestads prom dresses",517
"prices prom dresses",154
"princess prom dresses",716
"project cinderella prom dresses in northern virginia",114
"prom 2004 dresses",618
"prom 2005 dresses",1143
"prom 2006 dresses",190
"prom 2007 dresses",191
"prom and bridal dresses",88
"prom and bridesmaid dresses",125
"prom and dresses",1292
"prom and evening dresses",726
"prom and formal dresses",536
"prom and homecoming dresses",902
"prom and homecoming dresses under 100 dollars",346
"prom and pageant dresses",222
"prom and semi formal dresses",123
"prom and wedding dresses",479
"prom bridesmaid dresses",288
"prom cocktail dresses",375
"prom cocktail evening dresses",282
"prom decorations prom dresses prom elegant dresses",126
"prom dress celebrity dresses",151
"prom dress dresses",202
"prom dress junior formal dresses",124
"prom dress prom gowns prom elegant dresses",943
"prom dresses",2183529
"prom dresses 05",103
"prom dresses 06",118
"prom dresses 07",432
"prom dresses 2001",2273
"prom dresses 2002",3899
"prom dresses 2003",46873
"prom dresses 2004",7184
"prom dresses 2005",11223
"prom dresses 2006",3775
"prom dresses 2007",3346
"prom dresses 2b evening gowns",241
"prom dresses 2f cocktail dresses",224
"prom dresses alyce",170
"prom dresses alyce designs",72
"prom dresses and accessories",85
"prom dresses and ball gowns",118
"prom dresses and evening gowns",503
"prom dresses and evening gowns uk",221
"prom dresses and formal dresses",97
"prom dresses and gowns",47564
"prom dresses and hair",170
"prom dresses and hair styles",177
"prom dresses and hairstyles",332
"prom dresses and prom",1911
"prom dresses and prom gowns",306
"prom dresses and shoes",518
"prom dresses at davids bridal",112
"prom dresses at dillards",863
"prom dresses at discount prices",89
"prom dresses at jcpenney",78
"prom dresses at macys",82
"prom dresses ball gown",136
"prom dresses ball gowns",196
"prom dresses bellingham",355
"prom dresses black",170
"prom dresses blue",144
"prom dresses brass mill waterbury",82
"prom dresses bridal clothes",93
"prom dresses bridal formal apparel after dark",126
"prom dresses bright colors",116
"prom dresses by alyce",157
"prom dresses by jessica mcclintock",149
"prom dresses by joli",238
"prom dresses by jovani",119
"prom dresses by tiffany",1170
"prom dresses canada",266
"prom dresses catalog",79
"prom dresses catalogs",381
"prom dresses cheap",1909
"prom dresses chicago il",85
"prom dresses clearance",102
"prom dresses clothing shoes accessories",2486
"prom dresses columbus ohio",157
"prom dresses com",2006
"prom dresses dallas",467
"prom dresses davids bridal",111
"prom dresses designer",326
"prom dresses designers",155
"prom dresses designs",106
"prom dresses dillards",361
"prom dresses discount",247
"prom dresses dress",125
"prom dresses dresses",238
"prom dresses evening",87
"prom dresses evening gowns",523
"prom dresses favina",120
"prom dresses florida",329
"prom dresses for 2003",261
"prom dresses for 2004",1302
"prom dresses for 2005",1421
"prom dresses for 2006",1007
"prom dresses for 2007",485
"prom dresses for black people",75
"prom dresses for cheap",523
"prom dresses for juniors",85
"prom dresses for less",451
"prom dresses for plus size",331
"prom dresses for plus size girls",77
"prom dresses for plus size teens",83
"prom dresses for rent",221
"prom dresses for sale",625
"prom dresses for sizes 16 and up",7689
"prom dresses for teenagers",82
"prom dresses for teens",296
"prom dresses for under $100",104
"prom dresses formal dress designs",101
"prom dresses formal gowns",110
"prom dresses formal wear",154
"prom dresses formals",172
"prom dresses from jessica mcclintock",156
"prom dresses from new york",120
"prom dresses from uk",113
"prom dresses georgia",109
"prom dresses gowns",1909
"prom dresses green",153
"prom dresses hairstyles",202
"prom dresses homecoming dresses",104
"prom dresses houston",75
"prom dresses images",72
"prom dresses in all categories",282
"prom dresses in arkansas",177
"prom dresses in atlanta",123
"prom dresses in canada",313
"prom dresses in chicago",496
"prom dresses in connecticut",78
"prom dresses in england",721
"prom dresses in georgia",109
"prom dresses in houston",192
"prom dresses in illinois",93
"prom dresses in london",143
"prom dresses in maryland",439
"prom dresses in michigan",97
"prom dresses in missouri",743
"prom dresses in new york",1982
"prom dresses in new york city",114
"prom dresses in north carolina",129
"prom dresses in nyc",82
"prom dresses in ohio",149
"prom dresses in oklahoma",2352
"prom dresses in philadelphia pictures",205
"prom dresses in portland oregon",419
"prom dresses in rochester, ny",480
"prom dresses in sacramento, ca",114
"prom dresses in san diego",480
"prom dresses in texas",155
"prom dresses in the u.k",307
"prom dresses in the uk",842
"prom dresses in toronto",110
"prom dresses in tyne",453
"prom dresses in tyne wear",2967
"prom dresses in uk",271
"prom dresses in utah",76
"prom dresses in washington dc",701
"prom dresses in wellington green",380
"prom dresses jessica mcclintock",96
"prom dresses jovani",87
"prom dresses juniors",224
"prom dresses long island",105
"prom dresses modest",107
"prom dresses modesto",315
"prom dresses new york",102
"prom dresses night moves",231
"prom dresses of 2004",177
"prom dresses of 2005",159
"prom dresses of 2006",140
"prom dresses of 2007",73
"prom dresses ohio formal gowns",85
"prom dresses on ebay",210
"prom dresses on sale",1882
"prom dresses online",12304
"prom dresses patterns",96
"prom dresses petite",264
"prom dresses pictures",607
"prom dresses pink",105
"prom dresses plus size",935
"prom dresses plus sizes",196
"prom dresses prom elegant dresses hairstyles shoes",5335
"prom dresses prom elegant dresses prom makeup",271
"prom dresses prom elegant dresses prom tips",91
"prom dresses red",115
"prom dresses retro",77
"prom dresses sale",1462
"prom dresses seattle",138
"prom dresses semi formal dresses",83
"prom dresses shops in mcallen",102
"prom dresses short",146
"prom dresses size",150
"prom dresses size 0",101
"prom dresses size 1",82
"prom dresses size 10",171
"prom dresses size 12",125
"prom dresses size 14",309
"prom dresses size 16",163
"prom dresses size 18",193
"prom dresses size 2",287
"prom dresses size 20",121
"prom dresses size 3",298
"prom dresses size 4",262
"prom dresses size 5",136
"prom dresses size 6",154
"prom dresses size 8",546
"prom dresses size 9",104
"prom dresses sizes 16",125
"prom dresses sleeves",117
"prom dresses sparkle",72
"prom dresses stores",180
"prom dresses stores located in chicago",240
"prom dresses styles 2005",109
"prom dresses that are cheap",218
"prom dresses tiffany",125
"prom dresses tulle ballgown",149
"prom dresses uk",2753
"prom dresses under $100",1253
"prom dresses under $100.00",1331
"prom dresses under $150",413
"prom dresses under $200",203
"prom dresses under $50",183
"prom dresses under $99",118
"prom dresses under 100",614
"prom dresses under 100 dollars",113
"prom dresses under 200",92
"prom dresses under 50",91
"prom dresses vintage",192
"prom dresses website",95
"prom dresses websites",99
"prom dresses wedding dresses formal dresses",93
"prom dresses wi",341
"prom dresses with sleeves",717
"prom dresses with trains",85
"prom dresses womens clothing",108
"prom dresses yellow",131
"prom dresses, delaware county",458
"prom evening dresses",253
"prom evening dresses gowns uk",456
"prom formal dresses",1713
"prom formal dresses 2000",104
"prom formal dresses australia",183
"prom formal evening dresses",77
"prom formal red carpet dresses",255
"prom gowns and dresses",140
"prom gowns dresses",512
"prom gowns dresses jessica mclintock",272
"prom gowns prom dresses prom elegant dresses",1303
"prom graceful dresses",78
"prom group usa dresses",228
"prom hair styles prom dresses prom elegant dresses",1508
"prom hairdos prom updos prom dresses",2619
"prom hairstyles prom dresses prom elegant dresses",5579
"prom handbags prom elegant dresses hand bags purses",78
"prom homecoming dresses",4014
"prom homecoming dresses and gowns",107
"prom jewelry prom dresses prom elegant dresses",149
"prom large selection formal dresses casper wyoming",425
"prom night dresses",135
"prom pageant formal dresses",89
"prom queen dresses",109
"prom shoes and dresses",278
"prom shoes dresses",2090
"prom shoes formal dresses",241
"prom shoes high heels prom dresses prom elegant dresses",800
"prom sweet sixteen dresses",620
"prom tuxedos prom dresses prom elegant dresses",250
"prom wedding dresses",329
"prom+dresses",793
"prom+dresses+and+gowns",122
"puffy green prom dresses",136
"puffy prom dresses",257
"punk prom dresses",2197
"punk prom dresses online",154
"punk rock prom dresses",225
"purple prom dresses",1154
"quinceanera prom dresses",94
"rainbow ball gown prom dresses",427
"rainbow prom dresses",270
"rampage prom dresses",134
"red and black prom dresses",100
"red and white prom dresses",82
"red carpet prom dresses",209
"red prom dresses",8159
"renaissance prom dresses",542
"rent prom dresses",203
"rental prom dresses",345
"renting homecoming prom dresses",132
"resale prom dresses",384
"resale+prom+dresses",148
"retro prom dresses",681
"revealing prom dresses",350
"riva design prom dresses",95
"riva designs prom dresses",174
"riva prom dresses",399
"roberta prom dresses",270
"royal blue prom dresses",131
"s prom dresses",167
"sale prom dresses",588
"sales on prom dresses",72
"salsa prom dresses",75
"satin prom dresses",446
"scala prom dresses",3995
"scala prom dresses dealers",95
"scene prom dresses",79
"sean collection prom dresses",231
"sean prom dresses",147
"search prom dresses",104
"sears prom dresses",489
"senior prom dresses",303
"serendipity prom dresses",104
"seventeen magazine prom dresses",534
"seventeen prom dresses",671
"sewing patterns prom dresses",156
"sexy 2007 prom dresses",74
"sexy elegant prom dresses",105
"sexy prom dresses",50873
"sexy prom dresses for teens",89
"sexy+prom+dresses",129
"shop for prom dresses",75
"shop prom dresses",240
"shopping for prom dresses",227
"shopshop.com offers prom dresses",76
"short black prom dresses",79
"short prom dresses",37200
"short prom dresses with corset top",88
"short red prom dresses",92
"short sexy prom dresses",88
"short+prom+dresses",98
"silk prom dresses",423
"silk prom dresses on sale",93
"silver prom dresses",278
"simple prom dresses",251
"size 0 prom dresses",74
"size 10 prom dresses",108
"size 16 prom dresses",88
"size 18 prom dresses",73
"skimpy prom dresses",157
"sleek prom dresses",96
"slinky prom dresses",80
"slutty prom dresses",269
"sluty prom dresses",84
"small prom dresses",121
"spanish prom dresses",91
"sparkle prom dresses",243
"special moments prom dresses",124
"special occasion prom dresses",125
"special occasions prom dresses",593
"spring prom dresses",179
"stores high school prom dresses",112
"stores that sale prom dresses in chicagfo",554
"stores with prom dresses",98
"strapless prom dresses",1431
"studio 17 prom dresses",275
"stunning prom dresses",91
"stylish prom dresses",119
"tall prom dresses",123
"tampa prom dresses",92
"tango or spanish style prom dresses",205
"tea length prom dresses",385
"teal prom dresses",185
"teen prom dresses",3885
"teenage prom dresses",73
"teens prom dresses",142
"the best prom dresses",276
"the most elegant prom and homecoming gowns and dresses",93
"the ultimate prom dresses",126
"tiffany ''''s prom dresses",254
"tiffany design prom dresses",812
"tiffany designed prom dresses",118
"tiffany designs prom dresses",489
"tiffany prom dresses",49457
"tiffany prom dresses 2004",87
"tiffany prom dresses 2005",589
"tiffany prom dresses 2007",98
"tiffany''''s prom dresses",323
"tiffany+prom+dresses",136
"tiffanys prom dresses",788
"tiffiny prom dresses",129
"tj formal prom dresses",108
"torrid prom dresses",74
"trendy prom dresses",151
"turquoise prom dresses",559
"two piece prom dresses",3733
"two-piece prom dresses",97
"ugly prom dresses",364
"uk prom dresses",400
"ultimate prom dresses",133
"unique prom dresses",9192
"unusual prom dresses",175
"urban prom dresses",214
"used prom dresses",1310
"vampire prom dresses",158
"velvet prom dresses",1390
"vera wang prom dresses",294
"versace prom dresses",988
"victorian prom dresses",300
"victorian style prom dresses",319
"vintage inspired prom dresses",123
"vintage prom dresses",45711
"vintage prom dresses 2006",76
"vintage prom dresses clothing shoes accessories",99
"vintage style prom dresses",404
"vintage+prom+dresses",179
"websites for prom dresses",108
"wedding and prom dresses",75
"wedding gowns prom dresses",125
"wedding prom dresses",214
"weird prom dresses",96
"whatchamacallit prom dresses",266
"where can i buy designer prom dresses online",2872
"where can i buy prom dresses",96
"where can i find maternity prom dresses",104
"where can i find prom dresses",1453
"white prom dresses",6742
"white prom dresses at dillards",275
"wholesale prom dresses",2309
"wide prom dresses",181
"wild prom dresses",107
"windsor prom dresses",2963
"windsor prom dresses in the meriden mall",315
"winsor prom dresses",110
"winter dance and prom dresses",314
"winter prom dresses",87
"women''''s prom dresses",154
"www prom dresses",124
"www prom dresses com",317
"xcite designs prom dresses",160
"xcite prom dresses",3202
"xcite prom dresses 2005",100
"xoxo prom dresses",285
"xtreme prom dresses",493
"yellow 2005 prom dresses",2158
"yellow prom dresses",4524
"ym prom dresses",133
"younkers prom dresses",75
"zebra prom dresses",84
"zum zum prom dresses",3383
"zum-zum prom dresses",83
"zumm zumm prom dresses",322
