keyword,count
"100 years of rugby league",5
"1995 rugby world cup",4
"2003 rugby world cup",16
"2006 albright rugby highlights",4
"23 gainsborough crescent, rugby",5
"6 nations rugby",4
"6 nations rugby game",5
"adidas rugby boots",7
"akron rugby",4
"alberta rugby",6
"albright rugby",12
"alive rugby andes crash",6
"alive rugby team",6
"all blacks rugby",12
"all blacks rugby ball",5
"all blacks rugby posters",13
"all blacks rugby videos",4
"allblacks rugby",5
"allblacks rugby posters",5
"american child play rugby",4
"american football rugby",4
"american rugby jersey",5
"andes rugby team alive",4
"army navy rugby",5
"asics rugby",10
"auckland rugby",12
"aussie rugby boys",4
"australia rugby strip unedited",8
"australia v france rugby tests",4
"australian rugby",14
"australian rugby league",25
"australian rugby union",14
"australian rugby union players",9
"australian rugby wallabies",4
"australian schoolboys rugby",4
"austria rugby naked",4
"austrian national rugby team",9
"austrian rugby",6
"austrian rugby team",34
"avr rugby clock",4
"bal harbour high rugby stampede",5
"barbarians rugby",4
"basic rugby rules",18
"bath rugby",9
"bay of plenty rugby union jerseys",5
"bbc sports rugby",783
"bbc sports rugby league tries  leeds vs wigan in cup 1970s",5
"bc rugby",4
"belleville ontario girls rugby team",5
"benefactor privileges + rugby club",6
"best tries of the 2007 rugby world cup",10
"billericay rugby",9
"binghamton rugby",4
"blayne shreeve rugby",5
"blues rugby club logo",4
"book of rugby",5
"brandywine rugby club championship",14
"brandywine rugby club wins in texas",11
"brendan lowe rugby",4
"brownsburg rugby",4
"buy rugby",8
"buyers rugby balls",5
"california gator's rugby phone list",5
"canada rugby",5
"canterbury rugby",12
"cartoon rugby",6
"cheap rugby boots",4
"chester hill rugby scores",6
"chiefs rugby team website",5
"chocolate rugby ball uk",5
"churchill cup rugby",8
"clairvoyants in the rugby warwickshire area",4
"coaching under 9 rugby",7
"college rugby",22
"columbia university women's rugby",10
"connecticut yankees  women's rugby",4
"conrad close rugby",4
"coupe d'europe de rugby",9
"crfu rugby",6
"criteria for rugby national team trials",4
"crusaders rugby",6
"cubic meters of a rugby ball",4
"custom rugby",5
"custom rugby merchandise",4
"daniel carter rugby",13
"david storer rugby uk",4
"deane lutton rugby",4
"deans rugby hits",8
"del campo, rugby",6
"diagram of a rugby pitch",4
"dieux du stad rugby",4
"dieux du stade rugby",6
"dirtiest rugby players",4
"dogpoop rugby",9
"dominic shaw rugby",5
"download rugby clips",5
"doylestown jr rugby",4
"doylestown rugby",16
"drunk rugby",4
"ear pinning rugby",4
"easts junior rugby league holland park",7
"eastwood rugby",5
"easy rules of rugby",6
"england rugby",26
"england rugby pictures",4
"england rugby players",14
"england rugby team",35
"england rugby union",4
"english rugby",5
"english rugby club",4
"english rugby team",5
"english rugby union",12
"english rugby union home page",8
"entrenamientos de rugby",4
"eric perkins rugby army",4
"erwin law rugby",4
"esu rugby camp",4
"famous rugby play",5
"famous rugby players",17
"federacion de rugby de costa rica",5
"fiji rugby",6
"fiji rugby 7s",5
"fiji rugby banned",4
"fortitude valleys rugby league",9
"free online rugby games",5
"free printable rugby certificates",4
"free rugby tv",6
"free rugby video clips",6
"french national rugby team",13
"french rugby",84
"french rugby calendar",10
"french rugby history",4
"french rugby player",4
"french rugby players",64
"french rugby shops",5
"french rugby team",54
"french rugby team calendar",14
"french rugby union",8
"french rugby union team",4
"fundraiser for rugby",9
"fylde rugby",4
"gilbert rugby",23
"gilbert rugby equipment",14
"gilbert rugby uk",4
"gloucester rugby",22
"golden bears rugby",4
"grass uprooted easily on a rugby field",4
"greg bird rugby",13
"guiness rugby",4
"guinness rugby",4
"hampstead rugby",5
"heineken cup rugby",17
"helen capell from rugby photographed by roger vaughan",4
"henro smit rugby",5
"high school rugby",14
"high school rugby national championships",4
"highland rugby",10
"history of rugby",53
"hot rugby players",8
"how long has richie played rugby",6
"how to play rugby",57
"how to play rugby in trinidad",8
"hugh king scotland rugby",4
"incidence of injuries in rugby league- australian statistics",7
"indian rugby balls",11
"indiana state rugby",6
"ireland rugby",12
"ireland rugby football union",4
"ireland rugby squad",4
"irish rugby",24
"irish rugby team info",5
"irish rugby teams",4
"irish rugby union",7
"james prichard rugby canada",4
"japan rugby streaker fiji toulouse",8
"jersey shore rugby",7
"jobs in rugby warwickshire",7
"john c. mcclintock jr rugby north dakota",5
"john elias rugby australia",4
"john molesworth rugby nd",4
"john sweeney rugby",4
"jonah lomu rugby",4
"jps rugby balls",4
"judo rugby",10
"kaik rugby",7
"kaikorai rugby",6
"kaikorai rugby club",7
"kaikorai rugby football club",4
"kentucky + high school rugby",5
"knoxville rugby",5
"kooga rugby",7
"la vila rugby",11
"latest rugby league scores",18
"latest scores in the national rugby league one",4
"lee hansen rugby player",4
"leeds rugby",6
"lehigh valley rugby",6
"leiden rugby tournament",6
"leinster rugby",6
"live queensland rugby scores",7
"live redcliffe scores rugby",4
"live rugby audio commentary of australia versus south africa",5
"live rugby commentary",4
"live rugby league scores",5
"live rugby score",20
"live rugby scores",4
"live rugby south africa",10
"london irish rugby",5
"london scottish rugby",25
"lovell rugby",12
"male body rugby players",4
"male rugby",4
"manawatu rugby",5
"manufacturing rugby ball",4
"maori rugby",4
"maryland rugby",4
"massachusetts rugby",5
"match de rugby",11
"mcintosh & seymour oregon soccer - gear - rugby",5
"memphis blue rugby",4
"men rugby",9
"men's rugby shirt",11
"mike french rugby email",4
"mizuno rugby",8
"mizuno wave mid cut rugby boot",16
"modena rugby club",4
"monmouth rugby",8
"muller & japan & rugby & roster",4
"munich rugby football club",5
"munster rugby",38
"nakd rugby",4
"naked rugby",134
"naked rugby men",13
"names and pictures of brandywine pa. rugby club",6
"national rugby league",13
"navy rugby",7
"new york, manhattan old blue rugby",6
"new zealand ireland rugby",5
"new zealand rugby",20
"newark rugby",6
"newport rugby",6
"newport saracens rugby",6
"nomis rugby",8
"nova rugby",6
"nrl rugby league",7
"nuernberg rugby football club",5
"nz womens rugby league kiwi ferns photos",8
"odriscoll rugby shirt",5
"onfire rugby",6
"pacific coast high school rugby tournament",5
"pacific rugby",5
"penn state rugby",7
"planet rugby",36
"play rugby",18
"polynesians in rugby league",5
"portugal rugby",9
"public liability insurance for rugby",5
"ralph lauren rugby",10
"republique francaise rugby tee shirt",8
"rit rugby",8
"rothmans rugby league",14
"rugby",1272
"rugby 'guinness premiereship'",6
"rugby 5876",5
"rugby 6 nations insignia",6
"rugby 7's",8
"rugby all blacks",6
"rugby andes crash",5
"rugby animations",6
"rugby ball",63
"rugby balls",34
"rugby beds",6
"rugby bets",5
"rugby big hits",9
"rugby body",5
"rugby boots",38
"rugby boy",7
"rugby butt",8
"rugby calendar",31
"rugby camps",5
"rugby canada",17
"rugby chants",9
"rugby clothing",13
"rugby clubs in france",5
"rugby comentry",5
"rugby costa rica",36
"rugby de costa rica",7
"rugby diagram",5
"rugby dick poking out shorts",5
"rugby drills",12
"rugby drinking songs",5
"rugby dudes",5
"rugby dump",7
"rugby dump beds",5
"rugby equipment",51
"rugby fans",10
"rugby field",17
"rugby fitness coaching training",5
"rugby fitness requirements",11
"rugby five nations history",11
"rugby flanker",8
"rugby fm",5
"rugby football",6
"rugby football league",7
"rugby football union",7
"rugby france",9
"rugby free kick",5
"rugby funny pictures",7
"rugby game",6
"rugby game download",11
"rugby games",19
"rugby gear",38
"rugby girls",14
"rugby grab",7
"rugby guys",9
"rugby heaven",15
"rugby history",6
"rugby hits",37
"rugby humor",5
"rugby humour",9
"rugby hunks",11
"rugby imports",9
"rugby initiation",11
"rugby international schedules",5
"rugby jersey",13
"rugby jerseys",13
"rugby jock",11
"rugby jokes",9
"rugby kiss",5
"rugby kit",5
"rugby league",114
"rugby league 2",5
"rugby league cup final,wembley,uk",6
"rugby league five-eighth",6
"rugby league games",5
"rugby league injury statistics",5
"rugby league positions",7
"rugby league results",10
"rugby league rules",9
"rugby league scores",5
"rugby league training progra,",5
"rugby league trophy",6
"rugby league videos",113
"rugby leagueroosters",6
"rugby leauge",5
"rugby live",87
"rugby locker",7
"rugby match coverage",5
"rugby men",27
"rugby naked",14
"rugby new rules illustrated",6
"rugby news",27
"rugby north dakota",5
"rugby oldham vs. doncaster",7
"rugby packages august",6
"rugby photos",6
"rugby pics",7
"rugby pictures",14
"rugby pitch",7
"rugby player",23
"rugby player hung",6
"rugby players",85
"rugby players exposed",8
"rugby poems",5
"rugby polos",7
"rugby positions",22
"rugby positions roles",6
"rugby posters",5
"rugby posts",6
"rugby queen social",6
"rugby radio clock",5
"rugby railway station",6
"rugby replacement studs",8
"rugby results",6
"rugby rules",62
"rugby safety glasses",8
"rugby school",7
"rugby school information",6
"rugby scrum",10
"rugby sevens",11
"rugby shirt",8
"rugby shirts",36
"rugby shorts",11
"rugby shorts dick",5
"rugby shower",16
"rugby signalling diagram",7
"rugby silhouette",6
"rugby sinks",9
"rugby social",15
"rugby songs",92
"rugby sounds",8
"rugby sportswear",5
"rugby stool softener",10
"rugby strip",9
"rugby tackle",11
"rugby tackles",14
"rugby tactics",5
"rugby team",20
"rugby team of stade de france",11
"rugby teams",9
"rugby teamwear",13
"rugby tennessee",6
"rugby terms",7
"rugby theme bedroom",7
"rugby try time",5
"rugby union",137
"rugby union pitch size",12
"rugby union rules",10
"rugby union social impact",6
"rugby update",8
"rugby video clips",92
"rugby videos",8
"rugby vs football",7
"rugby vs. football",5
"rugby workouts",5
"rugby world",7
"rugby world cup",40
"rugby world cup history results",8
"rugby world cup tables",5
"rugby world cup winners",16
"rules of rugby",22
"russian rugby",7
"ryan jones rugby",6
"sa rugby",11
"sandbach rugby team",5
"scotland rugby union jersey",5
"scotland rugby union jersey australia",6
"scottish rugby union",35
"seacoast  rugby 7's",5
"sevens rugby",8
"sevens rugby youth tournaments",7
"sexy rugby",5
"sharks rugby",6
"shop rugby",7
"shu rugby",5
"six nations rugby fixtures",30
"six nations rugby ireland",12
"skins rugby",7
"social impact of rugby union",6
"south africa rugby",6
"south african rugby",9
"south sydney rugby league",13
"spanish rugby",8
"springbok rugby",6
"st helens rugby league",5
"state of origin rugby league",5
"stockholm rugby tens",7
"stuart webb rugby",6
"sunshine coast stingers rugby union",5
"super 14 rugby",35
"syracuse rugby",6
"the rugby club bar in doha qatar",5
"tickets for rugby world cup",36
"tonga rugby",5
"top rugby sites",6
"top ten rugby tries",7
"touch rugby",8
"toulouse rugby",5
"tri nations rugby",17
"uk rugby equipment",9
"us rugby",6
"usa eagles rugby",5
"usa rugby",61
"video of keith murdoch, rugby",6
"virtual rugby",5
"volume of a rugby ball",11
"vs xavier rugby",5
"vulcan rugby",9
"wales rugby",7
"wales rugby team",9
"wallabies rugby",6
"wallaroo women rugby",23
"waratahs rugby",5
"weights frequency rugby league",5
"well hung rugby players",25
"welsh rugby",48
"welsh rugby league",5
"welsh rugby team",11
"welsh rugby union",14
"west of scotland rugby club",5
"what are old boys rugby",7
"what is a rugby grand slam",25
"what is rugby",7
"what is the rugby triple crown",11
"what is the triple crown in rugby",44
"what's rugby",8
"wheelchair rugby",6
"when was rugby invented",7
"where did rugby come from",7
"where was rugby invented",7
"who invented rugby",6
"women's rugby",10
"womens ireland rugby shirt",10
"womens rugby",16
"world cup rugby",10
"world rugby shop",5
"worlds greatest try rugby",8
"xavier high school rugby",7
"yorkshire rugby clubs",18
"youth rugby",9
